codigo_tse,uf,nome_municipio,codigo_ibge,cd_rgi,nm_rgi,cd_rgint,nm_rgint,populacao_2022
01120,AC,ACRELÂNDIA,1200013,120001,Rio Branco,1201,Rio Branco,14021
01570,AC,ASSIS BRASIL,1200054,120002,Brasiléia,1201,Rio Branco,8100
01058,AC,BRASILÉIA,1200104,120002,Brasiléia,1201,Rio Branco,26000
01007,AC,BUJARI,1200138,120001,Rio Branco,1201,Rio Branco,12917
01015,AC,CAPIXABA,1200179,120001,Rio Branco,1201,Rio Branco,10392
01074,AC,CRUZEIRO DO SUL,1200203,120004,Cruzeiro do Sul,1202,Cruzeiro do Sul,91888
01112,AC,EPITACIOLÂNDIA,1200252,120002,Brasiléia,1201,Rio Branco,18757
01139,AC,FEIJÓ,1200302,120005,Tarauacá,1202,Cruzeiro do Sul,35426
01104,AC,JORDÃO,1200328,120005,Tarauacá,1202,Cruzeiro do Sul,9222
01554,AC,MANOEL URBANO,1200344,120003,Sena Madureira,1201,Rio Branco,11996
01040,AC,MARECHAL THAUMATURGO,1200351,120004,Cruzeiro do Sul,1202,Cruzeiro do Sul,17093
01090,AC,MÂNCIO LIMA,1200336,120004,Cruzeiro do Sul,1202,Cruzeiro do Sul,19294
01511,AC,PLÁCIDO DE CASTRO,1200385,120001,Rio Branco,1201,Rio Branco,16560
01023,AC,PORTO ACRE,1200807,120001,Rio Branco,1201,Rio Branco,16693
01066,AC,PORTO WALTER,1200393,120004,Cruzeiro do Sul,1202,Cruzeiro do Sul,10735
01392,AC,RIO BRANCO,1200401,120001,Rio Branco,1201,Rio Branco,364756
01082,AC,RODRIGUES ALVES,1200427,120004,Cruzeiro do Sul,1202,Cruzeiro do Sul,14938
01031,AC,SANTA ROSA DO PURUS,1200435,120003,Sena Madureira,1201,Rio Branco,6723
01457,AC,SENA MADUREIRA,1200500,120003,Sena Madureira,1201,Rio Branco,41343
01538,AC,SENADOR GUIOMARD,1200450,120001,Rio Branco,1201,Rio Branco,21454
01473,AC,TARAUACÁ,1200609,120005,Tarauacá,1202,Cruzeiro do Sul,43467
01490,AC,XAPURI,1200708,120002,Brasiléia,1201,Rio Branco,18243
27030,AL,ANADIA,2700201,270004,São Miguel dos Campos,2701,Maceió,13966
27057,AL,ARAPIRACA,2700300,270007,Arapiraca,2702,Arapiraca,234696
27073,AL,ATALAIA,2700409,270006,Atalaia,2701,Maceió,37512
27090,AL,BARRA DE SANTO ANTÔNIO,2700508,270001,Maceió,2701,Maceió,16365
27111,AL,BARRA DE SÃO MIGUEL,2700607,270001,Maceió,2701,Maceió,7944
27138,AL,BATALHA,2700706,270011,Pão de Açúcar - Olho d'Água das Flores ¿ Batalha,2702,Arapiraca,16448
27170,AL,BELO MONTE,2700904,270011,Pão de Açúcar - Olho d'Água das Flores ¿ Batalha,2702,Arapiraca,5936
27154,AL,BELÉM,2700805,270008,Palmeira dos Índios,2702,Arapiraca,4722
27197,AL,BOCA DA MATA,2701001,270004,São Miguel dos Campos,2701,Maceió,21187
27219,AL,BRANQUINHA,2701100,270005,União dos Palmares,2701,Maceió,9603
27235,AL,CACIMBINHAS,2701209,270008,Palmeira dos Índios,2702,Arapiraca,10482
27251,AL,CAJUEIRO,2701308,270006,Atalaia,2701,Maceió,16024
27081,AL,CAMPESTRE,2701357,270002,Porto Calvo - São Luís do Quitunde,2701,Maceió,6665
27278,AL,CAMPO ALEGRE,2701407,270004,São Miguel dos Campos,2701,Maceió,32106
27294,AL,CAMPO GRANDE,2701506,270007,Arapiraca,2702,Arapiraca,8143
27316,AL,CANAPI,2701605,270010,Santana do Ipanema,2702,Arapiraca,15559
27332,AL,CAPELA,2701704,270006,Atalaia,2701,Maceió,15032
27359,AL,CARNEIROS,2701803,270010,Santana do Ipanema,2702,Arapiraca,8999
27375,AL,CHÃ PRETA,2701902,270006,Atalaia,2701,Maceió,5910
27391,AL,COITÉ DO NÓIA,2702009,270007,Arapiraca,2702,Arapiraca,10810
27413,AL,COLÔNIA LEOPOLDINA,2702108,270002,Porto Calvo - São Luís do Quitunde,2701,Maceió,15816
27430,AL,COQUEIRO SECO,2702207,270001,Maceió,2701,Maceió,5581
27456,AL,CORURIPE,2702306,270003,Penedo,2701,Maceió,50414
28894,AL,CRAÍBAS,2702355,270007,Arapiraca,2702,Arapiraca,25397
27472,AL,DELMIRO GOUVEIA,2702405,270009,Delmiro Gouveia,2702,Arapiraca,51318
27499,AL,DOIS RIACHOS,2702504,270010,Santana do Ipanema,2702,Arapiraca,9805
27049,AL,ESTRELA DE ALAGOAS,2702553,270008,Palmeira dos Índios,2702,Arapiraca,15429
27510,AL,FEIRA GRANDE,2702603,270007,Arapiraca,2702,Arapiraca,22712
27537,AL,FELIZ DESERTO,2702702,270003,Penedo,2701,Maceió,3963
27553,AL,FLEXEIRAS,2702801,270001,Maceió,2701,Maceió,9618
27570,AL,GIRAU DO PONCIANO,2702900,270007,Arapiraca,2702,Arapiraca,36102
27596,AL,IBATEGUARA,2703007,270005,União dos Palmares,2701,Maceió,13731
27618,AL,IGACI,2703106,270008,Palmeira dos Índios,2702,Arapiraca,23995
27634,AL,IGREJA NOVA,2703205,270003,Penedo,2701,Maceió,21372
27650,AL,INHAPI,2703304,270009,Delmiro Gouveia,2702,Arapiraca,15167
27677,AL,JACARÉ DOS HOMENS,2703403,270011,Pão de Açúcar - Olho d'Água das Flores ¿ Batalha,2702,Arapiraca,5083
27693,AL,JACUÍPE,2703502,270002,Porto Calvo - São Luís do Quitunde,2701,Maceió,5352
27715,AL,JAPARATINGA,2703601,270002,Porto Calvo - São Luís do Quitunde,2701,Maceió,9219
27731,AL,JARAMATAIA,2703700,270007,Arapiraca,2702,Arapiraca,4985
27065,AL,JEQUIÁ DA PRAIA,2703759,270004,São Miguel dos Campos,2701,Maceió,9470
27758,AL,JOAQUIM GOMES,2703809,270001,Maceió,2701,Maceió,17150
27774,AL,JUNDIÁ,2703908,270002,Porto Calvo - São Luís do Quitunde,2701,Maceió,4092
27790,AL,JUNQUEIRO,2704005,270007,Arapiraca,2702,Arapiraca,23907
27812,AL,LAGOA DA CANOA,2704104,270007,Arapiraca,2702,Arapiraca,18457
27839,AL,LIMOEIRO DE ANADIA,2704203,270007,Arapiraca,2702,Arapiraca,24740
27855,AL,MACEIÓ,2704302,270001,Maceió,2701,Maceió,957916
27871,AL,MAJOR ISIDORO,2704401,270008,Palmeira dos Índios,2702,Arapiraca,17700
27979,AL,MAR VERMELHO,2704906,270006,Atalaia,2701,Maceió,3155
27898,AL,MARAGOGI,2704500,270002,Porto Calvo - São Luís do Quitunde,2701,Maceió,32174
27910,AL,MARAVILHA,2704609,270010,Santana do Ipanema,2702,Arapiraca,9534
27936,AL,MARECHAL DEODORO,2704708,270001,Maceió,2701,Maceió,60370
27952,AL,MARIBONDO,2704807,270007,Arapiraca,2702,Arapiraca,13679
27995,AL,MATA GRANDE,2705002,270009,Delmiro Gouveia,2702,Arapiraca,21844
28010,AL,MATRIZ DE CAMARAGIBE,2705101,270002,Porto Calvo - São Luís do Quitunde,2701,Maceió,23857
28037,AL,MESSIAS,2705200,270001,Maceió,2701,Maceió,15405
28053,AL,MINADOR DO NEGRÃO,2705309,270008,Palmeira dos Índios,2702,Arapiraca,4845
28070,AL,MONTEIRÓPOLIS,2705408,270011,Pão de Açúcar - Olho d'Água das Flores ¿ Batalha,2702,Arapiraca,7184
28096,AL,MURICI,2705507,270005,União dos Palmares,2701,Maceió,25187
28118,AL,NOVO LINO,2705606,270002,Porto Calvo - São Luís do Quitunde,2701,Maceió,10020
28134,AL,OLHO D'ÁGUA DAS FLORES,2705705,270011,Pão de Açúcar - Olho d'Água das Flores ¿ Batalha,2702,Arapiraca,20695
28150,AL,OLHO D'ÁGUA DO CASADO,2705804,270009,Delmiro Gouveia,2702,Arapiraca,8349
28177,AL,OLHO D'ÁGUA GRANDE,2705903,270007,Arapiraca,2702,Arapiraca,4330
28193,AL,OLIVENÇA,2706000,270010,Santana do Ipanema,2702,Arapiraca,10812
28215,AL,OURO BRANCO,2706109,270010,Santana do Ipanema,2702,Arapiraca,11446
28231,AL,PALESTINA,2706208,270011,Pão de Açúcar - Olho d'Água das Flores ¿ Batalha,2702,Arapiraca,4325
28258,AL,PALMEIRA DOS ÍNDIOS,2706307,270008,Palmeira dos Índios,2702,Arapiraca,71574
27022,AL,PARICONHA,2706422,270009,Delmiro Gouveia,2702,Arapiraca,10573
27006,AL,PARIPUEIRA,2706448,270001,Maceió,2701,Maceió,13835
28290,AL,PASSO DE CAMARAGIBE,2706505,270002,Porto Calvo - São Luís do Quitunde,2701,Maceió,13804
28312,AL,PAULO JACINTO,2706604,270008,Palmeira dos Índios,2702,Arapiraca,6576
28339,AL,PENEDO,2706703,270003,Penedo,2701,Maceió,58650
28355,AL,PIAÇABUÇU,2706802,270003,Penedo,2701,Maceió,15908
28371,AL,PILAR,2706901,270001,Maceió,2701,Maceió,35370
28398,AL,PINDOBA,2707008,270006,Atalaia,2701,Maceió,2731
28410,AL,PIRANHAS,2707107,270009,Delmiro Gouveia,2702,Arapiraca,22609
28452,AL,PORTO CALVO,2707305,270002,Porto Calvo - São Luís do Quitunde,2701,Maceió,24071
28479,AL,PORTO DE PEDRAS,2707404,270002,Porto Calvo - São Luís do Quitunde,2701,Maceió,9295
28495,AL,PORTO REAL DO COLÉGIO,2707503,270003,Penedo,2701,Maceió,20082
28436,AL,POÇO DAS TRINCHEIRAS,2707206,270010,Santana do Ipanema,2702,Arapiraca,12518
28274,AL,PÃO DE AÇÚCAR,2706406,270011,Pão de Açúcar - Olho d'Água das Flores ¿ Batalha,2702,Arapiraca,23823
28517,AL,QUEBRANGULO,2707602,270008,Palmeira dos Índios,2702,Arapiraca,11080
28533,AL,RIO LARGO,2707701,270001,Maceió,2701,Maceió,93927
28550,AL,ROTEIRO,2707800,270004,São Miguel dos Campos,2701,Maceió,6474
28576,AL,SANTA LUZIA DO NORTE,2707909,270001,Maceió,2701,Maceió,6919
28592,AL,SANTANA DO IPANEMA,2708006,270010,Santana do Ipanema,2702,Arapiraca,46220
28614,AL,SANTANA DO MUNDAÚ,2708105,270005,União dos Palmares,2701,Maceió,11323
28770,AL,SATUBA,2708907,270001,Maceió,2701,Maceió,24278
28916,AL,SENADOR RUI PALMEIRA,2708956,270010,Santana do Ipanema,2702,Arapiraca,12303
28630,AL,SÃO BRÁS,2708204,270003,Penedo,2701,Maceió,6555
28657,AL,SÃO JOSÉ DA LAJE,2708303,270005,União dos Palmares,2701,Maceió,20813
28673,AL,SÃO JOSÉ DA TAPERA,2708402,270011,Pão de Açúcar - Olho d'Água das Flores ¿ Batalha,2702,Arapiraca,30604
28690,AL,SÃO LUÍS DO QUITUNDE,2708501,270002,Porto Calvo - São Luís do Quitunde,2701,Maceió,30873
28711,AL,SÃO MIGUEL DOS CAMPOS,2708600,270004,São Miguel dos Campos,2701,Maceió,51990
28738,AL,SÃO MIGUEL DOS MILAGRES,2708709,270002,Porto Calvo - São Luís do Quitunde,2701,Maceió,8482
28754,AL,SÃO SEBASTIÃO,2708808,270007,Arapiraca,2702,Arapiraca,31786
28797,AL,TANQUE D'ARCA,2709004,270007,Arapiraca,2702,Arapiraca,5796
28819,AL,TAQUARANA,2709103,270007,Arapiraca,2702,Arapiraca,19032
28932,AL,TEOTÔNIO VILELA,2709152,270007,Arapiraca,2702,Arapiraca,38053
28835,AL,TRAIPU,2709202,270007,Arapiraca,2702,Arapiraca,23565
28851,AL,UNIÃO DOS PALMARES,2709301,270005,União dos Palmares,2701,Maceió,59280
28878,AL,VIÇOSA,2709400,270006,Atalaia,2701,Maceió,24092
27014,AL,ÁGUA BRANCA,2700102,270009,Delmiro Gouveia,2702,Arapiraca,19008
02895,AM,ALVARÃES,1300029,130005,Tefé,1302,Tefé,15866
02917,AM,AMATURÁ,1300060,130006,Tabatinga,1302,Tefé,10819
02933,AM,ANAMÃ,1300086,130004,Manacapuru,1301,Manaus,9962
02038,AM,ANORI,1300102,130003,Coari,1301,Manaus,17194
02003,AM,APUÍ,1300144,130009,Manicoré,1303,Lábrea,20647
02054,AM,ATALAIA DO NORTE,1300201,130006,Tabatinga,1302,Tefé,15314
02070,AM,AUTAZES,1300300,130001,Manaus,1301,Manaus,41564
02097,AM,BARCELOS,1300409,130002,São Gabriel da Cachoeira,1301,Manaus,18834
02119,AM,BARREIRINHA,1300508,130010,Parintins,1304,Parintins,31051
02135,AM,BENJAMIN CONSTANT,1300607,130006,Tabatinga,1302,Tefé,37648
02950,AM,BERURI,1300631,130003,Coari,1301,Manaus,20718
02976,AM,BOA VISTA DO RAMOS,1300680,130010,Parintins,1304,Parintins,23785
02151,AM,BOCA DO ACRE,1300706,130008,Lábrea,1303,Lábrea,35447
02178,AM,BORBA,1300805,130001,Manaus,1301,Manaus,33080
02992,AM,CAAPIRANGA,1300839,130004,Manacapuru,1301,Manaus,13469
02194,AM,CANUTAMA,1300904,130008,Lábrea,1303,Lábrea,16869
02216,AM,CARAUARI,1301001,130005,Tefé,1302,Tefé,28742
02232,AM,CAREIRO,1301100,130001,Manaus,1301,Manaus,30792
02046,AM,CAREIRO DA VÁRZEA,1301159,130001,Manaus,1301,Manaus,19637
02259,AM,COARI,1301209,130003,Coari,1301,Manaus,70616
02275,AM,CODAJÁS,1301308,130003,Coari,1301,Manaus,23549
02291,AM,EIRUNEPÉ,1301407,130007,Eirunepé,1302,Tefé,33170
02313,AM,ENVIRA,1301506,130007,Eirunepé,1302,Tefé,17186
02330,AM,FONTE BOA,1301605,130005,Tefé,1302,Tefé,25871
02020,AM,GUAJARÁ,1301654,130007,Eirunepé,1302,Tefé,13815
02356,AM,HUMAITÁ,1301704,130009,Manicoré,1303,Lábrea,57473
02399,AM,IPIXUNA,1301803,130007,Eirunepé,1302,Tefé,24311
98353,AM,IRANDUBA,1301852,130001,Manaus,1301,Manaus,61163
02410,AM,ITACOATIARA,1301902,130011,Itacoatiara,1304,Parintins,103598
98370,AM,ITAMARATI,1301951,130007,Eirunepé,1302,Tefé,10937
02437,AM,ITAPIRANGA,1302009,130011,Itacoatiara,1304,Parintins,10162
02453,AM,JAPURÁ,1302108,130005,Tefé,1302,Tefé,8858
02470,AM,JURUÁ,1302207,130005,Tefé,1302,Tefé,10742
02496,AM,JUTAÍ,1302306,130005,Tefé,1302,Tefé,25172
02518,AM,LÁBREA,1302405,130008,Lábrea,1303,Lábrea,45448
02534,AM,MANACAPURU,1302504,130004,Manacapuru,1301,Manaus,101883
98396,AM,MANAQUIRI,1302553,130001,Manaus,1301,Manaus,17107
02550,AM,MANAUS,1302603,130001,Manaus,1301,Manaus,2063689
02577,AM,MANICORÉ,1302702,130009,Manicoré,1303,Lábrea,53914
02593,AM,MARAÃ,1302801,130005,Tefé,1302,Tefé,15529
02615,AM,MAUÉS,1302900,130010,Parintins,1304,Parintins,61204
02631,AM,NHAMUNDÁ,1303007,130010,Parintins,1304,Parintins,20136
02658,AM,NOVA OLINDA DO NORTE,1303106,130001,Manaus,1301,Manaus,27062
02011,AM,NOVO AIRÃO,1303205,130004,Manacapuru,1301,Manaus,15761
02674,AM,NOVO ARIPUANÃ,1303304,130009,Manicoré,1303,Lábrea,23818
02690,AM,PARINTINS,1303403,130010,Parintins,1304,Parintins,96372
02712,AM,PAUINI,1303502,130008,Lábrea,1303,Lábrea,19373
98418,AM,PRESIDENTE FIGUEIREDO,1303536,130001,Manaus,1301,Manaus,30668
98434,AM,RIO PRETO DA EVA,1303569,130001,Manaus,1301,Manaus,24936
02372,AM,SANTA ISABEL DO RIO NEGRO,1303601,130002,São Gabriel da Cachoeira,1301,Manaus,14164
02739,AM,SANTO ANTÔNIO DO IÇÁ,1303700,130006,Tabatinga,1302,Tefé,28211
02771,AM,SILVES,1304005,130011,Itacoatiara,1304,Parintins,11559
02836,AM,SÃO GABRIEL DA CACHOEIRA,1303809,130002,São Gabriel da Cachoeira,1301,Manaus,51795
02755,AM,SÃO PAULO DE OLIVENÇA,1303908,130006,Tabatinga,1302,Tefé,32967
98450,AM,SÃO SEBASTIÃO DO UATUMÃ,1303957,130011,Itacoatiara,1304,Parintins,11670
98477,AM,TABATINGA,1304062,130006,Tabatinga,1302,Tefé,66764
02798,AM,TAPAUÁ,1304104,130008,Lábrea,1303,Lábrea,19599
02810,AM,TEFÉ,1304203,130005,Tefé,1302,Tefé,73669
98515,AM,TONANTINS,1304237,130006,Tabatinga,1302,Tefé,19247
98493,AM,UARINI,1304260,130005,Tefé,1302,Tefé,14431
02852,AM,URUCARÁ,1304302,130011,Itacoatiara,1304,Parintins,18631
02879,AM,URUCURITUBA,1304401,130011,Itacoatiara,1304,Parintins,23945
06017,AP,AMAPÁ,1600105,160003,Oiapoque,1602,Oiapoque - Porto Grande,7943
06033,AP,CALÇOENE,1600204,160003,Oiapoque,1602,Oiapoque - Porto Grande,10612
06068,AP,CUTIAS,1600212,160003,Oiapoque,1602,Oiapoque - Porto Grande,4461
06114,AP,FERREIRA GOMES,1600238,160004,Porto Grande,1602,Oiapoque - Porto Grande,6666
06041,AP,ITAUBAL,1600253,160001,Macapá,1601,Macapá,5599
06130,AP,LARANJAL DO JARI,1600279,160002,Laranjal do Jari,1601,Macapá,35114
06050,AP,MACAPÁ,1600303,160001,Macapá,1601,Macapá,442933
06076,AP,MAZAGÃO,1600402,160001,Macapá,1601,Macapá,21924
06092,AP,OIAPOQUE,1600501,160003,Oiapoque,1602,Oiapoque - Porto Grande,27482
06025,AP,PORTO GRANDE,1600535,160004,Porto Grande,1602,Oiapoque - Porto Grande,17848
06009,AP,PRACUÚBA,1600550,160003,Oiapoque,1602,Oiapoque - Porto Grande,3803
06157,AP,SANTANA,1600600,160001,Macapá,1601,Macapá,107618
06106,AP,SERRA DO NAVIO,1600055,160004,Porto Grande,1602,Oiapoque - Porto Grande,4673
06173,AP,TARTARUGALZINHO,1600709,160003,Oiapoque,1602,Oiapoque - Porto Grande,12945
06122,AP,VITÓRIA DO JARI,1600808,160002,Laranjal do Jari,1601,Macapá,11291
06084,AP,ÁGUA BRANCA DO AMAPARI,1600154,160004,Porto Grande,1602,Oiapoque - Porto Grande,12847
33030,BA,ABARÉ,2900207,290024,Paulo Afonso,2909,Paulo Afonso,17639
33014,BA,ABAÍRA,2900108,290013,Brumado,2904,Vitória da Conquista,7301
33057,BA,ACAJUTIBA,2900306,290002,Alagoinhas,2901,Salvador,13795
33065,BA,ADUSTINA,2900355,290027,Cícero Dantas,2909,Paulo Afonso,14201
33111,BA,AIQUARA,2900603,290012,Jequié,2904,Vitória da Conquista,4447
33138,BA,ALAGOINHAS,2900702,290002,Alagoinhas,2901,Salvador,151055
33154,BA,ALCOBAÇA,2900801,290008,Teixeira de Freitas,2903,Ilhéus ¿ Itabuna,24530
33170,BA,ALMADINA,2900900,290007,Ilhéus ¿ Itabuna,2903,Ilhéus ¿ Itabuna,5218
33197,BA,AMARGOSA,2901007,290003,Santo Antônio de Jesus,2902,Santo Antônio de Jesus,36521
33219,BA,AMÉLIA RODRIGUES,2901106,290029,Feira de Santana,2910,Feira de Santana,24138
30716,BA,AMÉRICA DOURADA,2901155,290020,Irecê,2907,Irecê,15137
33235,BA,ANAGÉ,2901205,290011,Vitória da Conquista,2904,Vitória da Conquista,25438
33251,BA,ANDARAÍ,2901304,290031,Itaberaba,2910,Feira de Santana,13080
33260,BA,ANDORINHA,2901353,290023,Senhor do Bonfim,2908,Juazeiro,15012
33278,BA,ANGICAL,2901403,290018,Barreiras,2906,Barreiras,13732
33294,BA,ANGUERA,2901502,290029,Feira de Santana,2910,Feira de Santana,11031
33316,BA,ANTAS,2901601,290027,Cícero Dantas,2909,Paulo Afonso,14206
33332,BA,ANTÔNIO CARDOSO,2901700,290029,Feira de Santana,2910,Feira de Santana,11146
33359,BA,ANTÔNIO GONÇALVES,2901809,290023,Senhor do Bonfim,2908,Juazeiro,10862
33375,BA,APORÁ,2901908,290002,Alagoinhas,2901,Salvador,15922
33405,BA,APUAREMA,2901957,290012,Jequié,2904,Vitória da Conquista,6913
33391,BA,ARACATU,2902005,290013,Brumado,2904,Vitória da Conquista,13936
33413,BA,ARACI,2902104,290033,Serrinha,2910,Feira de Santana,48294
33430,BA,ARAMARI,2902203,290002,Alagoinhas,2901,Salvador,9833
30732,BA,ARATACA,2902252,290010,Camacan,2903,Ilhéus ¿ Itabuna,10191
33456,BA,ARATUÍPE,2902302,290006,Nazaré ¿ Maragogipe,2902,Santo Antônio de Jesus,8677
33383,BA,ARAÇÁS,2902054,290002,Alagoinhas,2901,Salvador,11557
33472,BA,AURELINO LEAL,2902401,290007,Ilhéus ¿ Itabuna,2903,Ilhéus ¿ Itabuna,11179
33499,BA,BAIANÓPOLIS,2902500,290018,Barreiras,2906,Barreiras,13614
33510,BA,BAIXA GRANDE,2902609,290029,Feira de Santana,2910,Feira de Santana,18220
33529,BA,BANZAÊ,2902658,290025,Ribeira do Pombal,2909,Paulo Afonso,11958
33537,BA,BARRA,2902708,290021,Xique-Xique ¿ Barra,2907,Irecê,51092
33553,BA,BARRA DA ESTIVA,2902807,290011,Vitória da Conquista,2904,Vitória da Conquista,26026
33570,BA,BARRA DO CHOÇA,2902906,290011,Vitória da Conquista,2904,Vitória da Conquista,36539
33596,BA,BARRA DO MENDES,2903003,290020,Irecê,2907,Irecê,13836
33618,BA,BARRA DO ROCHA,2903102,290014,Ipiaú,2904,Vitória da Conquista,5775
33634,BA,BARREIRAS,2903201,290018,Barreiras,2906,Barreiras,159734
30759,BA,BARRO ALTO,2903235,290020,Irecê,2907,Irecê,13453
33650,BA,BARRO PRETO,2903300,290007,Ilhéus ¿ Itabuna,2903,Ilhéus ¿ Itabuna,5833
30775,BA,BARROCAS,2903276,290033,Serrinha,2910,Feira de Santana,15203
33677,BA,BELMONTE,2903409,290009,Eunápolis - Porto Seguro,2903,Ilhéus ¿ Itabuna,20121
33693,BA,BELO CAMPO,2903508,290011,Vitória da Conquista,2904,Vitória da Conquista,18412
33715,BA,BIRITINGA,2903607,290033,Serrinha,2910,Feira de Santana,15146
33731,BA,BOA NOVA,2903706,290011,Vitória da Conquista,2904,Vitória da Conquista,13690
33758,BA,BOA VISTA DO TUPIM,2903805,290031,Itaberaba,2910,Feira de Santana,16873
33774,BA,BOM JESUS DA LAPA,2903904,290017,Bom Jesus da Lapa,2905,Guanambi,65550
33782,BA,BOM JESUS DA SERRA,2903953,290011,Vitória da Conquista,2904,Vitória da Conquista,9730
33790,BA,BONINAL,2904001,290034,Seabra,2910,Feira de Santana,13622
33804,BA,BONITO,2904050,290020,Irecê,2907,Irecê,15844
33812,BA,BOQUIRA,2904100,290017,Bom Jesus da Lapa,2905,Guanambi,19322
33839,BA,BOTUPORÃ,2904209,290016,Guanambi,2905,Guanambi,11024
33871,BA,BREJOLÂNDIA,2904407,290018,Barreiras,2906,Barreiras,9108
33855,BA,BREJÕES,2904308,290003,Santo Antônio de Jesus,2902,Santo Antônio de Jesus,12943
33898,BA,BROTAS DE MACAÚBAS,2904506,290021,Xique-Xique ¿ Barra,2907,Irecê,11765
33910,BA,BRUMADO,2904605,290013,Brumado,2904,Vitória da Conquista,70510
33936,BA,BUERAREMA,2904704,290007,Ilhéus ¿ Itabuna,2903,Ilhéus ¿ Itabuna,14804
30791,BA,BURITIRAMA,2904753,290021,Xique-Xique ¿ Barra,2907,Irecê,19589
33952,BA,CAATIBA,2904803,290011,Vitória da Conquista,2904,Vitória da Conquista,6205
33960,BA,CABACEIRAS DO PARAGUAÇU,2904852,290004,Cruz das Almas,2902,Santo Antônio de Jesus,16559
33979,BA,CACHOEIRA,2904902,290004,Cruz das Almas,2902,Santo Antônio de Jesus,29250
33995,BA,CACULÉ,2905008,290016,Guanambi,2905,Guanambi,22462
34010,BA,CAEM,2905107,290030,Jacobina,2910,Feira de Santana,10384
34029,BA,CAETANOS,2905156,290011,Vitória da Conquista,2904,Vitória da Conquista,11266
34037,BA,CAETITÉ,2905206,290016,Guanambi,2905,Guanambi,52012
34053,BA,CAFARNAUM,2905305,290020,Irecê,2907,Irecê,17466
34070,BA,CAIRU,2905404,290005,Valença,2902,Santo Antônio de Jesus,17761
34096,BA,CALDEIRÃO GRANDE,2905503,290030,Jacobina,2910,Feira de Santana,13080
34118,BA,CAMACAN,2905602,290010,Camacan,2903,Ilhéus ¿ Itabuna,22579
34150,BA,CAMAMU,2905800,290005,Valença,2902,Santo Antônio de Jesus,30469
34134,BA,CAMAÇARI,2905701,290001,Salvador,2901,Salvador,300372
34177,BA,CAMPO ALEGRE DE LOURDES,2905909,290022,Juazeiro,2908,Juazeiro,30671
34193,BA,CAMPO FORMOSO,2906006,290023,Senhor do Bonfim,2908,Juazeiro,71377
34231,BA,CANARANA,2906204,290020,Irecê,2907,Irecê,24206
34258,BA,CANAVIEIRAS,2906303,290010,Camacan,2903,Ilhéus ¿ Itabuna,32683
34274,BA,CANDEAL,2906402,290029,Feira de Santana,2910,Feira de Santana,7772
34290,BA,CANDEIAS,2906501,290001,Salvador,2901,Salvador,72382
34312,BA,CANDIBA,2906600,290016,Guanambi,2905,Guanambi,13016
34355,BA,CANSANÇÃO,2906808,290026,Euclides da Cunha,2909,Paulo Afonso,37439
30856,BA,CANUDOS,2906824,290026,Euclides da Cunha,2909,Paulo Afonso,16105
34215,BA,CANÁPOLIS,2906105,290019,Santa Maria da Vitoria,2906,Barreiras,10225
30813,BA,CAPELA DO ALTO ALEGRE,2906857,290029,Feira de Santana,2910,Feira de Santana,10744
30830,BA,CAPIM GROSSO,2906873,290030,Jacobina,2910,Feira de Santana,33235
34371,BA,CARAVELAS,2906907,290008,Teixeira de Freitas,2903,Ilhéus ¿ Itabuna,20580
34363,BA,CARAÍBAS,2906899,290011,Vitória da Conquista,2904,Vitória da Conquista,9940
34398,BA,CARDEAL DA SILVA,2907004,290002,Alagoinhas,2901,Salvador,8365
34410,BA,CARINHANHA,2907103,290016,Guanambi,2905,Guanambi,28869
34436,BA,CASA NOVA,2907202,290022,Juazeiro,2908,Juazeiro,72086
34452,BA,CASTRO ALVES,2907301,290004,Cruz das Almas,2902,Santo Antônio de Jesus,24712
34479,BA,CATOLÂNDIA,2907400,290018,Barreiras,2906,Barreiras,3434
34495,BA,CATU,2907509,290001,Salvador,2901,Salvador,48148
34509,BA,CATURAMA,2907558,290013,Brumado,2904,Vitória da Conquista,8841
34517,BA,CENTRAL,2907608,290020,Irecê,2907,Irecê,16348
34533,BA,CHORROCHÓ,2907707,290024,Paulo Afonso,2909,Paulo Afonso,10579
34576,BA,CIPÓ,2907905,290025,Ribeira do Pombal,2909,Paulo Afonso,17230
34592,BA,COARACI,2908002,290007,Ilhéus ¿ Itabuna,2903,Ilhéus ¿ Itabuna,17333
34614,BA,COCOS,2908101,290019,Santa Maria da Vitoria,2906,Barreiras,19151
34630,BA,CONCEIÇÃO DA FEIRA,2908200,290029,Feira de Santana,2910,Feira de Santana,20800
34657,BA,CONCEIÇÃO DO ALMEIDA,2908309,290004,Cruz das Almas,2902,Santo Antônio de Jesus,15794
34673,BA,CONCEIÇÃO DO COITÉ,2908408,290032,Conceição do Coité,2910,Feira de Santana,67825
34690,BA,CONCEIÇÃO DO JACUÍPE,2908507,290029,Feira de Santana,2910,Feira de Santana,35308
34711,BA,CONDE,2908606,290002,Alagoinhas,2901,Salvador,23654
34738,BA,CONDEÚBA,2908705,290011,Vitória da Conquista,2904,Vitória da Conquista,17053
34754,BA,CONTENDAS DO SINCORÁ,2908804,290011,Vitória da Conquista,2904,Vitória da Conquista,4333
34770,BA,CORAÇÃO DE MARIA,2908903,290029,Feira de Santana,2910,Feira de Santana,26692
34797,BA,CORDEIROS,2909000,290011,Vitória da Conquista,2904,Vitória da Conquista,7546
34819,BA,CORIBE,2909109,290019,Santa Maria da Vitoria,2906,Barreiras,13990
34835,BA,CORONEL JOÃO SÁ,2909208,290028,Jeremoabo,2909,Paulo Afonso,17056
34851,BA,CORRENTINA,2909307,290019,Santa Maria da Vitoria,2906,Barreiras,32457
34878,BA,COTEGIPE,2909406,290018,Barreiras,2906,Barreiras,13063
34894,BA,CRAVOLÂNDIA,2909505,290012,Jequié,2904,Vitória da Conquista,4415
34932,BA,CRISTÓPOLIS,2909703,290018,Barreiras,2906,Barreiras,13993
34916,BA,CRISÓPOLIS,2909604,290002,Alagoinhas,2901,Salvador,19729
34959,BA,CRUZ DAS ALMAS,2909802,290004,Cruz das Almas,2902,Santo Antônio de Jesus,60348
34975,BA,CURAÇÁ,2909901,290022,Juazeiro,2908,Juazeiro,34180
34339,BA,CÂNDIDO SALES,2906709,290011,Vitória da Conquista,2904,Vitória da Conquista,25247
34550,BA,CÍCERO DANTAS,2907806,290027,Cícero Dantas,2909,Paulo Afonso,30907
30872,BA,DIAS D'ÁVILA,2910057,290001,Salvador,2901,Salvador,71485
35017,BA,DOM BASÍLIO,2910107,290013,Brumado,2904,Vitória da Conquista,11884
35033,BA,DOM MACEDO COSTA,2910206,290003,Santo Antônio de Jesus,2902,Santo Antônio de Jesus,4407
34991,BA,DÁRIO MEIRA,2910008,290014,Ipiaú,2904,Vitória da Conquista,10820
35050,BA,ELÍSIO MEDRADO,2910305,290003,Santo Antônio de Jesus,2902,Santo Antônio de Jesus,7808
35076,BA,ENCRUZILHADA,2910404,290011,Vitória da Conquista,2904,Vitória da Conquista,19107
35092,BA,ENTRE RIOS,2910503,290002,Alagoinhas,2901,Salvador,38098
35114,BA,ESPLANADA,2910602,290002,Alagoinhas,2901,Salvador,32554
35130,BA,EUCLIDES DA CUNHA,2910701,290026,Euclides da Cunha,2909,Paulo Afonso,61456
30058,BA,EUNÁPOLIS,2910727,290009,Eunápolis - Porto Seguro,2903,Ilhéus ¿ Itabuna,113710
35149,BA,FEIRA DA MATA,2910776,290016,Guanambi,2905,Guanambi,5631
35157,BA,FEIRA DE SANTANA,2910800,290029,Feira de Santana,2910,Feira de Santana,616272
30910,BA,FILADÉLFIA,2910859,290023,Senhor do Bonfim,2908,Juazeiro,17897
35173,BA,FIRMINO ALVES,2910909,290007,Ilhéus ¿ Itabuna,2903,Ilhéus ¿ Itabuna,4873
35190,BA,FLORESTA AZUL,2911006,290007,Ilhéus ¿ Itabuna,2903,Ilhéus ¿ Itabuna,11059
35211,BA,FORMOSA DO RIO PRETO,2911105,290018,Barreiras,2906,Barreiras,25899
30899,BA,FÁTIMA,2910750,290027,Cícero Dantas,2909,Paulo Afonso,17895
35238,BA,GANDU,2911204,290014,Ipiaú,2904,Vitória da Conquista,32178
30937,BA,GAVIÃO,2911253,290029,Feira de Santana,2910,Feira de Santana,4360
35254,BA,GENTIO DO OURO,2911303,290021,Xique-Xique ¿ Barra,2907,Irecê,10884
35270,BA,GLÓRIA,2911402,290024,Paulo Afonso,2909,Paulo Afonso,15524
35297,BA,GONGOGI,2911501,290014,Ipiaú,2904,Vitória da Conquista,5555
35319,BA,GOVERNADOR MANGABEIRA,2911600,290004,Cruz das Almas,2902,Santo Antônio de Jesus,20605
30953,BA,GUAJERU,2911659,290016,Guanambi,2905,Guanambi,8050
35335,BA,GUANAMBI,2911709,290016,Guanambi,2905,Guanambi,87817
35351,BA,GUARATINGA,2911808,290009,Eunápolis - Porto Seguro,2903,Ilhéus ¿ Itabuna,19049
30970,BA,HELIÓPOLIS,2911857,290027,Cícero Dantas,2909,Paulo Afonso,12309
35378,BA,IAÇU,2911907,290031,Itaberaba,2910,Feira de Santana,24607
35394,BA,IBIASSUCÊ,2912004,290016,Guanambi,2905,Guanambi,10429
35416,BA,IBICARAÍ,2912103,290007,Ilhéus ¿ Itabuna,2903,Ilhéus ¿ Itabuna,21665
35432,BA,IBICOARA,2912202,290011,Vitória da Conquista,2904,Vitória da Conquista,20785
35459,BA,IBICUÍ,2912301,290007,Ilhéus ¿ Itabuna,2903,Ilhéus ¿ Itabuna,13934
35475,BA,IBIPEBA,2912400,290020,Irecê,2907,Irecê,16603
35513,BA,IBIPITANGA,2912509,290017,Bom Jesus da Lapa,2905,Guanambi,13863
35530,BA,IBIQUERA,2912608,290031,Itaberaba,2910,Feira de Santana,3725
35556,BA,IBIRAPITANGA,2912707,290007,Ilhéus ¿ Itabuna,2903,Ilhéus ¿ Itabuna,25344
35572,BA,IBIRAPUÃ,2912806,290008,Teixeira de Freitas,2903,Ilhéus ¿ Itabuna,8896
35599,BA,IBIRATAIA,2912905,290014,Ipiaú,2904,Vitória da Conquista,18792
35610,BA,IBITIARA,2913002,290034,Seabra,2910,Feira de Santana,14637
35637,BA,IBITITÁ,2913101,290020,Irecê,2907,Irecê,16969
35653,BA,IBOTIRAMA,2913200,290021,Xique-Xique ¿ Barra,2907,Irecê,26309
35670,BA,ICHU,2913309,290029,Feira de Santana,2910,Feira de Santana,6190
35696,BA,IGAPORÃ,2913408,290016,Guanambi,2905,Guanambi,15527
35700,BA,IGRAPIÚNA,2913457,290005,Valença,2902,Santo Antônio de Jesus,13151
35718,BA,IGUAÍ,2913507,290011,Vitória da Conquista,2904,Vitória da Conquista,21491
35734,BA,ILHÉUS,2913606,290007,Ilhéus ¿ Itabuna,2903,Ilhéus ¿ Itabuna,178649
35750,BA,INHAMBUPE,2913705,290002,Alagoinhas,2901,Salvador,33790
35777,BA,IPECAETÁ,2913804,290029,Feira de Santana,2910,Feira de Santana,13709
35793,BA,IPIAÚ,2913903,290014,Ipiaú,2904,Vitória da Conquista,40706
35815,BA,IPIRÁ,2914000,290029,Feira de Santana,2910,Feira de Santana,56876
35831,BA,IPUPIARA,2914109,290021,Xique-Xique ¿ Barra,2907,Irecê,9935
35858,BA,IRAJUBA,2914208,290012,Jequié,2904,Vitória da Conquista,6101
35874,BA,IRAMAIA,2914307,290011,Vitória da Conquista,2904,Vitória da Conquista,10752
35890,BA,IRAQUARA,2914406,290034,Seabra,2910,Feira de Santana,23879
35912,BA,IRARÁ,2914505,290029,Feira de Santana,2910,Feira de Santana,28043
35939,BA,IRECÊ,2914604,290020,Irecê,2907,Irecê,74507
35947,BA,ITABELA,2914653,290009,Eunápolis - Porto Seguro,2903,Ilhéus ¿ Itabuna,28165
35955,BA,ITABERABA,2914703,290031,Itaberaba,2910,Feira de Santana,65073
35971,BA,ITABUNA,2914802,290007,Ilhéus ¿ Itabuna,2903,Ilhéus ¿ Itabuna,186708
35998,BA,ITACARÉ,2914901,290007,Ilhéus ¿ Itabuna,2903,Ilhéus ¿ Itabuna,27704
36013,BA,ITAETÉ,2915007,290031,Itaberaba,2910,Feira de Santana,13472
36030,BA,ITAGI,2915106,290012,Jequié,2904,Vitória da Conquista,13803
36056,BA,ITAGIBÁ,2915205,290014,Ipiaú,2904,Vitória da Conquista,15310
36072,BA,ITAGIMIRIM,2915304,290009,Eunápolis - Porto Seguro,2903,Ilhéus ¿ Itabuna,6347
36080,BA,ITAGUAÇU DA BAHIA,2915353,290020,Irecê,2907,Irecê,12311
36099,BA,ITAJU DO COLÔNIA,2915403,290007,Ilhéus ¿ Itabuna,2903,Ilhéus ¿ Itabuna,6037
36110,BA,ITAJUÍPE,2915502,290007,Ilhéus ¿ Itabuna,2903,Ilhéus ¿ Itabuna,18781
36137,BA,ITAMARAJU,2915601,290008,Teixeira de Freitas,2903,Ilhéus ¿ Itabuna,59605
36153,BA,ITAMARI,2915700,290014,Ipiaú,2904,Vitória da Conquista,7051
36170,BA,ITAMBÉ,2915809,290011,Vitória da Conquista,2904,Vitória da Conquista,24394
36196,BA,ITANAGRA,2915908,290001,Salvador,2901,Salvador,5914
36218,BA,ITANHÉM,2916005,290008,Teixeira de Freitas,2903,Ilhéus ¿ Itabuna,17813
36234,BA,ITAPARICA,2916104,290006,Nazaré ¿ Maragogipe,2902,Santo Antônio de Jesus,19789
36277,BA,ITAPEBI,2916302,290009,Eunápolis - Porto Seguro,2903,Ilhéus ¿ Itabuna,9174
36293,BA,ITAPETINGA,2916401,290015,Itapetinga,2904,Vitória da Conquista,65897
36315,BA,ITAPICURU,2916500,290002,Alagoinhas,2901,Salvador,31679
36331,BA,ITAPITANGA,2916609,290007,Ilhéus ¿ Itabuna,2903,Ilhéus ¿ Itabuna,10279
36250,BA,ITAPÉ,2916203,290007,Ilhéus ¿ Itabuna,2903,Ilhéus ¿ Itabuna,10341
36358,BA,ITAQUARA,2916708,290012,Jequié,2904,Vitória da Conquista,8153
36374,BA,ITARANTIM,2916807,290015,Itapetinga,2904,Vitória da Conquista,17052
36382,BA,ITATIM,2916856,290004,Cruz das Almas,2902,Santo Antônio de Jesus,15737
36390,BA,ITIRUÇU,2916906,290012,Jequié,2904,Vitória da Conquista,10999
36412,BA,ITIÚBA,2917003,290023,Senhor do Bonfim,2908,Juazeiro,33872
36439,BA,ITORORÓ,2917102,290015,Itapetinga,2904,Vitória da Conquista,16617
36455,BA,ITUAÇU,2917201,290011,Vitória da Conquista,2904,Vitória da Conquista,17914
36471,BA,ITUBERÁ,2917300,290005,Valença,2902,Santo Antônio de Jesus,21902
30660,BA,IUIU,2917334,290016,Guanambi,2905,Guanambi,11118
30678,BA,JABORANDI,2917359,290019,Santa Maria da Vitoria,2906,Barreiras,9275
36498,BA,JACARACI,2917409,290016,Guanambi,2905,Guanambi,14436
36510,BA,JACOBINA,2917508,290030,Jacobina,2910,Feira de Santana,82590
36536,BA,JAGUAQUARA,2917607,290012,Jequié,2904,Vitória da Conquista,45964
36552,BA,JAGUARARI,2917706,290023,Senhor do Bonfim,2908,Juazeiro,32703
36579,BA,JAGUARIPE,2917805,290006,Nazaré ¿ Maragogipe,2902,Santo Antônio de Jesus,17659
36595,BA,JANDAÍRA,2917904,290002,Alagoinhas,2901,Salvador,9285
36617,BA,JEQUIÉ,2918001,290012,Jequié,2904,Vitória da Conquista,158813
36633,BA,JEREMOABO,2918100,290028,Jeremoabo,2909,Paulo Afonso,37626
36650,BA,JIQUIRIÇÁ,2918209,290003,Santo Antônio de Jesus,2902,Santo Antônio de Jesus,13629
36676,BA,JITAÚNA,2918308,290012,Jequié,2904,Vitória da Conquista,14355
30996,BA,JOÃO DOURADO,2918357,290020,Irecê,2907,Irecê,24854
36692,BA,JUAZEIRO,2918407,290022,Juazeiro,2908,Juazeiro,237821
36706,BA,JUCURUÇU,2918456,290008,Teixeira de Freitas,2903,Ilhéus ¿ Itabuna,9655
36714,BA,JUSSARA,2918506,290020,Irecê,2907,Irecê,16354
30694,BA,JUSSARI,2918555,290010,Camacan,2903,Ilhéus ¿ Itabuna,5888
36730,BA,JUSSIAPE,2918605,290013,Brumado,2904,Vitória da Conquista,7379
36757,BA,LAFAIETE COUTINHO,2918704,290012,Jequié,2904,Vitória da Conquista,4075
36765,BA,LAGOA REAL,2918803,290003,Santo Antônio de Jesus,2902,Santo Antônio de Jesus,21052
36773,BA,LAJE,2918902,290008,Teixeira de Freitas,2903,Ilhéus ¿ Itabuna,3845
36811,BA,LAJEDINHO,2919058,290012,Jequié,2904,Vitória da Conquista,7494
36820,BA,LAJEDO DO TABOCAL,2918753,290016,Guanambi,2905,Guanambi,14105
36790,BA,LAJEDÃO,2919009,290031,Itaberaba,2910,Feira de Santana,3527
36838,BA,LAMARÃO,2919108,290029,Feira de Santana,2910,Feira de Santana,9015
39730,BA,LAPÃO,2919157,290020,Irecê,2907,Irecê,25736
36854,BA,LAURO DE FREITAS,2919207,290001,Salvador,2901,Salvador,203331
36870,BA,LENÇÓIS,2919306,290034,Seabra,2910,Feira de Santana,10774
36897,BA,LICÍNIO DE ALMEIDA,2919405,290016,Guanambi,2905,Guanambi,11834
36919,BA,LIVRAMENTO DE NOSSA SENHORA,2919504,290013,Brumado,2904,Vitória da Conquista,43903
30007,BA,LUÍS EDUARDO MAGALHÃES,2919553,290018,Barreiras,2906,Barreiras,107909
36935,BA,MACAJUBA,2919603,290029,Feira de Santana,2910,Feira de Santana,10454
36951,BA,MACARANI,2919702,290015,Itapetinga,2904,Vitória da Conquista,21599
36978,BA,MACAÚBAS,2919801,290017,Bom Jesus da Lapa,2905,Guanambi,41859
36994,BA,MACURURÉ,2919900,290024,Paulo Afonso,2909,Paulo Afonso,7256
39748,BA,MADRE DE DEUS,2919926,290001,Salvador,2901,Salvador,18504
39756,BA,MAETINGA,2919959,290011,Vitória da Conquista,2904,Vitória da Conquista,6973
37010,BA,MAIQUINIQUE,2920007,290015,Itapetinga,2904,Vitória da Conquista,8731
37036,BA,MAIRI,2920106,290029,Feira de Santana,2910,Feira de Santana,17674
37052,BA,MALHADA,2920205,290016,Guanambi,2905,Guanambi,15398
37079,BA,MALHADA DE PEDRAS,2920304,290013,Brumado,2904,Vitória da Conquista,8670
37095,BA,MANOEL VITORINO,2920403,290012,Jequié,2904,Vitória da Conquista,13860
39772,BA,MANSIDÃO,2920452,290018,Barreiras,2906,Barreiras,13919
37117,BA,MARACÁS,2920502,290012,Jequié,2904,Vitória da Conquista,27620
37133,BA,MARAGOGIPE,2920601,290006,Nazaré ¿ Maragogipe,2902,Santo Antônio de Jesus,35859
37150,BA,MARAÚ,2920700,290007,Ilhéus ¿ Itabuna,2903,Ilhéus ¿ Itabuna,24527
37176,BA,MARCIONÍLIO SOUZA,2920809,290031,Itaberaba,2910,Feira de Santana,9267
37192,BA,MASCOTE,2920908,290010,Camacan,2903,Ilhéus ¿ Itabuna,13544
37214,BA,MATA DE SÃO JOÃO,2921005,290001,Salvador,2901,Salvador,42566
37222,BA,MATINA,2921054,290016,Guanambi,2905,Guanambi,10330
37230,BA,MEDEIROS NETO,2921104,290008,Teixeira de Freitas,2903,Ilhéus ¿ Itabuna,22194
37257,BA,MIGUEL CALMON,2921203,290030,Jacobina,2910,Feira de Santana,24661
37273,BA,MILAGRES,2921302,290003,Santo Antônio de Jesus,2902,Santo Antônio de Jesus,11071
37290,BA,MIRANGABA,2921401,290030,Jacobina,2910,Feira de Santana,15734
37303,BA,MIRANTE,2921450,290011,Vitória da Conquista,2904,Vitória da Conquista,10187
37311,BA,MONTE SANTO,2921500,290026,Euclides da Cunha,2909,Paulo Afonso,47780
37338,BA,MORPARÁ,2921609,290021,Xique-Xique ¿ Barra,2907,Irecê,7996
37354,BA,MORRO DO CHAPÉU,2921708,290020,Irecê,2907,Irecê,33594
37370,BA,MORTUGABA,2921807,290016,Guanambi,2905,Guanambi,11143
37397,BA,MUCUGÊ,2921906,290034,Seabra,2910,Feira de Santana,12137
37419,BA,MUCURI,2922003,290008,Teixeira de Freitas,2903,Ilhéus ¿ Itabuna,37977
37427,BA,MULUNGU DO MORRO,2922052,290020,Irecê,2907,Irecê,13152
37435,BA,MUNDO NOVO,2922102,290029,Feira de Santana,2910,Feira de Santana,17305
37451,BA,MUNIZ FERREIRA,2922201,290003,Santo Antônio de Jesus,2902,Santo Antônio de Jesus,7190
37460,BA,MUQUÉM DO SÃO FRANCISCO,2922250,290021,Xique-Xique ¿ Barra,2907,Irecê,10443
37478,BA,MURITIBA,2922300,290004,Cruz das Almas,2902,Santo Antônio de Jesus,28707
37494,BA,MUTUÍPE,2922409,290003,Santo Antônio de Jesus,2902,Santo Antônio de Jesus,20037
37516,BA,NAZARÉ,2922508,290006,Nazaré ¿ Maragogipe,2902,Santo Antônio de Jesus,27060
37532,BA,NILO PEÇANHA,2922607,290005,Valença,2902,Santo Antônio de Jesus,12063
39799,BA,NORDESTINA,2922656,290032,Conceição do Coité,2910,Feira de Santana,18523
37559,BA,NOVA CANAÃ,2922706,290011,Vitória da Conquista,2904,Vitória da Conquista,13715
37567,BA,NOVA FÁTIMA,2922730,290029,Feira de Santana,2910,Feira de Santana,7967
39969,BA,NOVA IBIÁ,2922755,290014,Ipiaú,2904,Vitória da Conquista,6501
37575,BA,NOVA ITARANA,2922805,290003,Santo Antônio de Jesus,2902,Santo Antônio de Jesus,7780
37583,BA,NOVA REDENÇÃO,2922854,290031,Itaberaba,2910,Feira de Santana,7538
37591,BA,NOVA SOURE,2922904,290025,Ribeira do Pombal,2909,Paulo Afonso,24236
37613,BA,NOVA VIÇOSA,2923001,290008,Teixeira de Freitas,2903,Ilhéus ¿ Itabuna,39509
39942,BA,NOVO HORIZONTE,2923035,290034,Seabra,2910,Feira de Santana,11162
37621,BA,NOVO TRIUNFO,2923050,290028,Jeremoabo,2909,Paulo Afonso,10660
37630,BA,OLINDINA,2923100,290025,Ribeira do Pombal,2909,Paulo Afonso,22633
37656,BA,OLIVEIRA DOS BREJINHOS,2923209,290021,Xique-Xique ¿ Barra,2907,Irecê,20715
37672,BA,OURIÇANGAS,2923308,290029,Feira de Santana,2910,Feira de Santana,7716
37680,BA,OUROLÂNDIA,2923357,290030,Jacobina,2910,Feira de Santana,19243
37699,BA,PALMAS DE MONTE ALTO,2923407,290016,Guanambi,2905,Guanambi,20078
37710,BA,PALMEIRAS,2923506,290034,Seabra,2910,Feira de Santana,10339
37737,BA,PARAMIRIM,2923605,290013,Brumado,2904,Vitória da Conquista,20351
37753,BA,PARATINGA,2923704,290017,Bom Jesus da Lapa,2905,Guanambi,29252
37770,BA,PARIPIRANGA,2923803,290027,Cícero Dantas,2909,Paulo Afonso,26604
37796,BA,PAU BRASIL,2923902,290010,Camacan,2903,Ilhéus ¿ Itabuna,9370
37818,BA,PAULO AFONSO,2924009,290024,Paulo Afonso,2909,Paulo Afonso,112870
37850,BA,PEDRO ALEXANDRE,2924207,290028,Jeremoabo,2909,Paulo Afonso,13954
37834,BA,PEDRÃO,2924108,290002,Alagoinhas,2901,Salvador,6235
37877,BA,PIATÃ,2924306,290034,Seabra,2910,Feira de Santana,20086
37893,BA,PILÃO ARCADO,2924405,290022,Juazeiro,2908,Juazeiro,35357
37915,BA,PINDAÍ,2924504,290016,Guanambi,2905,Guanambi,14731
37931,BA,PINDOBAÇU,2924603,290023,Senhor do Bonfim,2908,Juazeiro,19083
39837,BA,PINTADAS,2924652,290029,Feira de Santana,2910,Feira de Santana,10325
37940,BA,PIRAÍ DO NORTE,2924678,290014,Ipiaú,2904,Vitória da Conquista,10974
37958,BA,PIRIPÁ,2924702,290011,Vitória da Conquista,2904,Vitória da Conquista,9152
37974,BA,PIRITIBA,2924801,290030,Jacobina,2910,Feira de Santana,17566
37990,BA,PLANALTINO,2924900,290012,Jequié,2904,Vitória da Conquista,8022
38016,BA,PLANALTO,2925006,290011,Vitória da Conquista,2904,Vitória da Conquista,23334
38059,BA,POJUCA,2925204,290001,Salvador,2901,Salvador,32136
38067,BA,PONTO NOVO,2925253,290023,Senhor do Bonfim,2908,Juazeiro,17938
38075,BA,PORTO SEGURO,2925303,290009,Eunápolis - Porto Seguro,2903,Ilhéus ¿ Itabuna,168326
38091,BA,POTIRAGUÁ,2925402,290015,Itapetinga,2904,Vitória da Conquista,10274
38032,BA,POÇÕES,2925105,290011,Vitória da Conquista,2904,Vitória da Conquista,48293
38113,BA,PRADO,2925501,290008,Teixeira de Freitas,2903,Ilhéus ¿ Itabuna,35003
38130,BA,PRESIDENTE DUTRA,2925600,290020,Irecê,2907,Irecê,15130
38156,BA,PRESIDENTE JÂNIO QUADROS,2925709,290011,Vitória da Conquista,2904,Vitória da Conquista,12621
38164,BA,PRESIDENTE TANCREDO NEVES,2925758,290005,Valença,2902,Santo Antônio de Jesus,27734
39810,BA,PÉ DE SERRA,2924058,290029,Feira de Santana,2910,Feira de Santana,13243
38172,BA,QUEIMADAS,2925808,290032,Conceição do Coité,2910,Feira de Santana,25988
38199,BA,QUINJINGUE,2925907,290026,Euclides da Cunha,2909,Paulo Afonso,25272
39845,BA,QUIXABEIRA,2925931,290030,Jacobina,2910,Feira de Santana,9461
39853,BA,RAFAEL JAMBEIRO,2925956,290029,Feira de Santana,2910,Feira de Santana,19662
38210,BA,REMANSO,2926004,290022,Juazeiro,2908,Juazeiro,40586
38237,BA,RETIROLÂNDIA,2926103,290032,Conceição do Coité,2910,Feira de Santana,13651
38296,BA,RIACHO DE SANTANA,2926400,290016,Guanambi,2905,Guanambi,30711
38253,BA,RIACHÃO DAS NEVES,2926202,290018,Barreiras,2906,Barreiras,21642
38270,BA,RIACHÃO DO JACUÍPE,2926301,290029,Feira de Santana,2910,Feira de Santana,33386
38318,BA,RIBEIRA DO AMPARO,2926509,290025,Ribeira do Pombal,2909,Paulo Afonso,13841
38334,BA,RIBEIRA DO POMBAL,2926608,290025,Ribeira do Pombal,2909,Paulo Afonso,54010
38342,BA,RIBEIRÃO DO LARGO,2926657,290011,Vitória da Conquista,2904,Vitória da Conquista,9740
38350,BA,RIO DE CONTAS,2926707,290013,Brumado,2904,Vitória da Conquista,13184
38377,BA,RIO DO ANTÔNIO,2926806,290016,Guanambi,2905,Guanambi,13146
38393,BA,RIO DO PIRES,2926905,290013,Brumado,2904,Vitória da Conquista,10497
38415,BA,RIO REAL,2927002,290002,Alagoinhas,2901,Salvador,35362
38431,BA,RODELAS,2927101,290024,Paulo Afonso,2909,Paulo Afonso,10308
38458,BA,RUY BARBOSA,2927200,290031,Itaberaba,2910,Feira de Santana,28282
38474,BA,SALINAS DA MARGARIDA,2927309,290006,Nazaré ¿ Maragogipe,2902,Santo Antônio de Jesus,14987
38490,BA,SALVADOR,2927408,290001,Salvador,2901,Salvador,2417678
38539,BA,SANTA BRÍGIDA,2927606,290024,Paulo Afonso,2909,Paulo Afonso,14965
38512,BA,SANTA BÁRBARA,2927507,290029,Feira de Santana,2910,Feira de Santana,20952
38555,BA,SANTA CRUZ CABRÁLIA,2927705,290009,Eunápolis - Porto Seguro,2903,Ilhéus ¿ Itabuna,29185
38571,BA,SANTA CRUZ DA VITÓRIA,2927804,290007,Ilhéus ¿ Itabuna,2903,Ilhéus ¿ Itabuna,4681
38598,BA,SANTA INÊS,2927903,290012,Jequié,2904,Vitória da Conquista,10300
39870,BA,SANTA LUZIA,2928059,290010,Camacan,2903,Ilhéus ¿ Itabuna,13896
38636,BA,SANTA MARIA DA VITÓRIA,2928109,290019,Santa Maria da Vitoria,2906,Barreiras,38604
35491,BA,SANTA RITA DE CÁSSIA,2928406,290018,Barreiras,2906,Barreiras,27390
38695,BA,SANTA TEREZINHA,2928505,290004,Cruz das Almas,2902,Santo Antônio de Jesus,10441
38610,BA,SANTALUZ,2928000,290032,Conceição do Coité,2910,Feira de Santana,37834
38652,BA,SANTANA,2928208,290018,Barreiras,2906,Barreiras,24755
38679,BA,SANTANÓPOLIS,2928307,290029,Feira de Santana,2910,Feira de Santana,8716
38717,BA,SANTO AMARO,2928604,290001,Salvador,2901,Salvador,56012
38733,BA,SANTO ANTÔNIO DE JESUS,2928703,290003,Santo Antônio de Jesus,2902,Santo Antônio de Jesus,103055
38750,BA,SANTO ESTEVÃO,2928802,290029,Feira de Santana,2910,Feira de Santana,52276
38911,BA,SAPEAÇU,2929602,290004,Cruz das Almas,2902,Santo Antônio de Jesus,17963
38946,BA,SAUBARA,2929750,290001,Salvador,2901,Salvador,11438
38954,BA,SAÚDE,2929800,290030,Jacobina,2910,Feira de Santana,10478
38970,BA,SEABRA,2929909,290034,Seabra,2910,Feira de Santana,46160
38997,BA,SEBASTIÃO LARANJEIRAS,2930006,290016,Guanambi,2905,Guanambi,9360
39012,BA,SENHOR DO BONFIM,2930105,290023,Senhor do Bonfim,2908,Juazeiro,74523
39039,BA,SENTO SÉ,2930204,290022,Juazeiro,2908,Juazeiro,38154
39047,BA,SERRA DO RAMALHO,2930154,290017,Bom Jesus da Lapa,2905,Guanambi,34222
39055,BA,SERRA DOURADA,2930303,290018,Barreiras,2906,Barreiras,17066
39071,BA,SERRA PRETA,2930402,290029,Feira de Santana,2910,Feira de Santana,17996
39098,BA,SERRINHA,2930501,290033,Serrinha,2910,Feira de Santana,80435
39110,BA,SERROLÂNDIA,2930600,290030,Jacobina,2910,Feira de Santana,13335
39136,BA,SIMÕES FILHO,2930709,290001,Salvador,2901,Salvador,114559
39985,BA,SOBRADINHO,2930774,290022,Juazeiro,2908,Juazeiro,25475
39152,BA,SOUTO SOARES,2930808,290034,Seabra,2910,Feira de Santana,17054
38938,BA,SÁTIRO DIAS,2929701,290002,Alagoinhas,2901,Salvador,16008
38776,BA,SÃO DESIDÉRIO,2928901,290018,Barreiras,2906,Barreiras,32828
38806,BA,SÃO DOMINGOS,2928950,290032,Conceição do Coité,2910,Feira de Santana,8426
38814,BA,SÃO FELIPE,2929107,290004,Cruz das Almas,2902,Santo Antônio de Jesus,20283
38830,BA,SÃO FRANCISCO DO CONDE,2929206,290001,Salvador,2901,Salvador,38733
38792,BA,SÃO FÉLIX,2929008,290004,Cruz das Almas,2902,Santo Antônio de Jesus,11026
38822,BA,SÃO FÉLIX DO CORIBE,2929057,290019,Santa Maria da Vitoria,2906,Barreiras,15194
39896,BA,SÃO GABRIEL,2929255,290020,Irecê,2907,Irecê,18600
38857,BA,SÃO GONÇALO DOS CAMPOS,2929305,290029,Feira de Santana,2910,Feira de Santana,39513
39926,BA,SÃO JOSÉ DA VITÓRIA,2929354,290007,Ilhéus ¿ Itabuna,2903,Ilhéus ¿ Itabuna,5315
38865,BA,SÃO JOSÉ DO JACUÍPE,2929370,290030,Jacobina,2910,Feira de Santana,10187
38873,BA,SÃO MIGUEL DAS MATAS,2929404,290003,Santo Antônio de Jesus,2902,Santo Antônio de Jesus,10334
38890,BA,SÃO SEBASTIÃO DO PASSÉ,2929503,290001,Salvador,2901,Salvador,40958
39144,BA,SÍTIO DO MATO,2930758,290017,Bom Jesus da Lapa,2905,Guanambi,13408
39900,BA,SÍTIO DO QUINTO,2930766,290028,Jeremoabo,2909,Paulo Afonso,14773
39179,BA,TABOCAS DO BREJO VELHO,2930907,290018,Barreiras,2906,Barreiras,11979
39195,BA,TANHAÇU,2931004,290011,Vitória da Conquista,2904,Vitória da Conquista,21006
39918,BA,TANQUE NOVO,2931053,290016,Guanambi,2905,Guanambi,17158
39217,BA,TANQUINHO,2931103,290029,Feira de Santana,2910,Feira de Santana,7717
39233,BA,TAPEROÁ,2931202,290005,Valença,2902,Santo Antônio de Jesus,18044
39250,BA,TAPIRAMUTÁ,2931301,290030,Jacobina,2910,Feira de Santana,15818
39934,BA,TEIXEIRA DE FREITAS,2931350,290008,Teixeira de Freitas,2903,Ilhéus ¿ Itabuna,145216
39276,BA,TEODORO SAMPAIO,2931400,290002,Alagoinhas,2901,Salvador,7110
39292,BA,TEOFILÂNDIA,2931509,290033,Serrinha,2910,Feira de Santana,21176
39314,BA,TEOLÂNDIA,2931608,290014,Ipiaú,2904,Vitória da Conquista,15332
39330,BA,TERRA NOVA,2931707,290001,Salvador,2901,Salvador,10798
39357,BA,TREMEDAL,2931806,290011,Vitória da Conquista,2904,Vitória da Conquista,16296
39373,BA,TUCANO,2931905,290025,Ribeira do Pombal,2909,Paulo Afonso,48736
39390,BA,UAUÁ,2932002,290022,Juazeiro,2908,Juazeiro,24665
39438,BA,UBAITABA,2932200,290007,Ilhéus ¿ Itabuna,2903,Ilhéus ¿ Itabuna,17596
39454,BA,UBATÃ,2932309,290014,Ipiaú,2904,Vitória da Conquista,16094
39411,BA,UBAÍRA,2932101,290003,Santo Antônio de Jesus,2902,Santo Antônio de Jesus,18626
39470,BA,UIBAÍ,2932408,290020,Irecê,2907,Irecê,13432
39489,BA,UMBURANAS,2932457,290030,Jacobina,2910,Feira de Santana,13642
39497,BA,UNA,2932507,290010,Camacan,2903,Ilhéus ¿ Itabuna,18131
39519,BA,URANDI,2932606,290016,Guanambi,2905,Guanambi,15355
39535,BA,URUÇUCA,2932705,290007,Ilhéus ¿ Itabuna,2903,Ilhéus ¿ Itabuna,21420
39551,BA,UTINGA,2932804,290031,Itaberaba,2910,Feira de Santana,16277
39594,BA,VALENTE,2933000,290032,Conceição do Coité,2910,Feira de Santana,24362
39578,BA,VALENÇA,2932903,290005,Valença,2902,Santo Antônio de Jesus,85655
39624,BA,VARZEDO,2933174,290003,Santo Antônio de Jesus,2902,Santo Antônio de Jesus,9913
39632,BA,VERA CRUZ,2933208,290006,Nazaré ¿ Maragogipe,2902,Santo Antônio de Jesus,42529
39640,BA,VEREDA,2933257,290008,Teixeira de Freitas,2903,Ilhéus ¿ Itabuna,6003
39659,BA,VITÓRIA DA CONQUISTA,2933307,290011,Vitória da Conquista,2904,Vitória da Conquista,370879
39977,BA,VÁRZEA DA ROÇA,2933059,290029,Feira de Santana,2910,Feira de Santana,13800
39616,BA,VÁRZEA DO POÇO,2933109,290030,Jacobina,2910,Feira de Santana,8101
39950,BA,VÁRZEA NOVA,2933158,290030,Jacobina,2910,Feira de Santana,13377
39675,BA,WAGNER,2933406,290031,Itaberaba,2910,Feira de Santana,9503
39993,BA,WANDERLEY,2933455,290018,Barreiras,2906,Barreiras,12968
39691,BA,WENCESLAU GUIMARÃES,2933505,290014,Ipiaú,2904,Vitória da Conquista,24474
39713,BA,XIQUE-XIQUE,2933604,290021,Xique-Xique ¿ Barra,2907,Irecê,44757
33073,BA,ÁGUA FRIA,2900405,290029,Feira de Santana,2910,Feira de Santana,14497
33090,BA,ÉRICO CARDOSO,2900504,290013,Brumado,2904,Vitória da Conquista,10604
13013,CE,ABAIARA,2300101,230012,Brejo Santo,2304,Juazeiro do Norte,10038
13145,CE,ACARAPE,2300150,230003,Redenção-Acarape,2301,Fortaleza,14027
13030,CE,ACARAÚ,2300200,230017,Acaraú,2306,Sobral,65264
13056,CE,ACOPIARA,2300309,230009,Iguatu,2303,Iguatu,44962
13072,CE,AIUABA,2300408,230011,Juazeiro do Norte,2304,Juazeiro do Norte,14076
13099,CE,ALCÂNTARAS,2300507,230015,Sobral,2306,Sobral,11369
13110,CE,ALTANEIRA,2300606,230011,Juazeiro do Norte,2304,Juazeiro do Norte,6782
13137,CE,ALTO SANTO,2300705,230007,Russas - Limoeiro do Norte,2302,Quixadá,14155
15873,CE,AMONTADA,2300754,230002,Itapipoca,2301,Fortaleza,42156
13153,CE,ANTONINA DO NORTE,2300804,230011,Juazeiro do Norte,2304,Juazeiro do Norte,7245
13170,CE,APUIARÉS,2300903,230005,Itapagé,2301,Fortaleza,12928
13196,CE,AQUIRAZ,2301000,230001,Fortaleza,2301,Fortaleza,80645
13218,CE,ARACATI,2301109,230008,Aracati,2302,Quixadá,75113
13234,CE,ARACOIABA,2301208,230003,Redenção-Acarape,2301,Fortaleza,25553
13420,CE,ARARENDÁ,2301257,230013,Crateús,2305,Crateús,11096
13250,CE,ARARIPE,2301307,230011,Juazeiro do Norte,2304,Juazeiro do Norte,19783
13277,CE,ARATUBA,2301406,230003,Redenção-Acarape,2301,Fortaleza,11224
13293,CE,ARNEIROZ,2301505,230014,Tauá,2305,Crateús,7429
13315,CE,ASSARÉ,2301604,230011,Juazeiro do Norte,2304,Juazeiro do Norte,21697
13331,CE,AURORA,2301703,230011,Juazeiro do Norte,2304,Juazeiro do Norte,23714
13358,CE,BAIXIO,2301802,230010,Icó,2303,Iguatu,5704
13382,CE,BANABUIÚ,2301851,230006,Quixadá,2302,Quixadá,17195
13374,CE,BARBALHA,2301901,230011,Juazeiro do Norte,2304,Juazeiro do Norte,75033
13129,CE,BARREIRA,2301950,230003,Redenção-Acarape,2301,Fortaleza,22392
13390,CE,BARRO,2302008,230012,Brejo Santo,2304,Juazeiro do Norte,19381
13404,CE,BARROQUINHA,2302057,230018,Camocim,2306,Sobral,14567
13412,CE,BATURITÉ,2302107,230003,Redenção-Acarape,2301,Fortaleza,35218
13439,CE,BEBERIBE,2302206,230001,Fortaleza,2301,Fortaleza,53114
13455,CE,BELA CRUZ,2302305,230017,Acaraú,2306,Sobral,32775
13471,CE,BOA VIAGEM,2302404,230004,Canindé,2301,Fortaleza,50411
13498,CE,BREJO SANTO,2302503,230012,Brejo Santo,2304,Juazeiro do Norte,51090
13510,CE,CAMOCIM,2302602,230018,Camocim,2306,Sobral,62326
13536,CE,CAMPOS SALES,2302701,230011,Juazeiro do Norte,2304,Juazeiro do Norte,25135
13552,CE,CANINDÉ,2302800,230004,Canindé,2301,Fortaleza,74174
13579,CE,CAPISTRANO,2302909,230003,Redenção-Acarape,2301,Fortaleza,17254
13595,CE,CARIDADE,2303006,230004,Canindé,2301,Fortaleza,16377
13633,CE,CARIRIAÇU,2303204,230011,Juazeiro do Norte,2304,Juazeiro do Norte,26320
13617,CE,CARIRÉ,2303105,230015,Sobral,2306,Sobral,17632
13650,CE,CARIÚS,2303303,230009,Iguatu,2303,Iguatu,17015
13676,CE,CARNAUBAL,2303402,230016,São Benedito - Ipu - Guaraciaba do Norte - Tianguá,2306,Sobral,17210
13692,CE,CASCAVEL,2303501,230001,Fortaleza,2301,Fortaleza,72720
13714,CE,CATARINA,2303600,230009,Iguatu,2303,Iguatu,10243
13447,CE,CATUNDA,2303659,230015,Sobral,2306,Sobral,10444
13730,CE,CAUCAIA,2303709,230001,Fortaleza,2301,Fortaleza,355679
13757,CE,CEDRO,2303808,230009,Iguatu,2303,Iguatu,22344
13773,CE,CHAVAL,2303907,230018,Camocim,2306,Sobral,12462
13161,CE,CHOROZINHO,2303956,230001,Fortaleza,2301,Fortaleza,20163
13463,CE,CHORÓ,2303931,230006,Quixadá,2302,Quixadá,12113
13811,CE,COREAÚ,2304004,230015,Sobral,2306,Sobral,20953
13838,CE,CRATEÚS,2304103,230013,Crateús,2305,Crateús,76390
13854,CE,CRATO,2304202,230011,Juazeiro do Norte,2304,Juazeiro do Norte,131050
15881,CE,CROATÁ,2304236,230016,São Benedito - Ipu - Guaraciaba do Norte - Tianguá,2306,Sobral,17481
15890,CE,CRUZ,2304251,230017,Acaraú,2306,Sobral,29761
15989,CE,DEPUTADO IRAPUAN PINHEIRO,2304269,230006,Quixadá,2302,Quixadá,8932
13200,CE,ERERÊ,2304277,230007,Russas - Limoeiro do Norte,2302,Quixadá,6474
13226,CE,EUSÉBIO,2304285,230001,Fortaleza,2301,Fortaleza,74170
13870,CE,FARIAS BRITO,2304301,230011,Juazeiro do Norte,2304,Juazeiro do Norte,18217
15911,CE,FORQUILHA,2304350,230015,Sobral,2306,Sobral,24173
13897,CE,FORTALEZA,2304400,230001,Fortaleza,2301,Fortaleza,2428708
13501,CE,FORTIM,2304459,230008,Aracati,2302,Quixadá,17294
13919,CE,FRECHEIRINHA,2304509,230015,Sobral,2306,Sobral,15657
13935,CE,GENERAL SAMPAIO,2304608,230005,Itapagé,2301,Fortaleza,6734
13951,CE,GRANJA,2304707,230018,Camocim,2306,Sobral,53344
13978,CE,GRANJEIRO,2304806,230011,Juazeiro do Norte,2304,Juazeiro do Norte,4841
13064,CE,GRAÇA,2304657,230015,Sobral,2306,Sobral,13801
13994,CE,GROAÍRAS,2304905,230015,Sobral,2306,Sobral,10910
13242,CE,GUAIÚBA,2304954,230001,Fortaleza,2301,Fortaleza,24325
14010,CE,GUARACIABA DO NORTE,2305001,230016,São Benedito - Ipu - Guaraciaba do Norte - Tianguá,2306,Sobral,42053
14036,CE,GUARAMIRANGA,2305100,230003,Redenção-Acarape,2301,Fortaleza,5654
14052,CE,HIDROLÂNDIA,2305209,230015,Sobral,2306,Sobral,17855
13188,CE,HORIZONTE,2305233,230001,Fortaleza,2301,Fortaleza,74755
14060,CE,IBARETAMA,2305266,230006,Quixadá,2302,Quixadá,11956
14079,CE,IBIAPINA,2305308,230016,São Benedito - Ipu - Guaraciaba do Norte - Tianguá,2306,Sobral,23965
15920,CE,IBICUITINGA,2305332,230006,Quixadá,2302,Quixadá,11611
15938,CE,ICAPUÍ,2305357,230008,Aracati,2302,Quixadá,21433
14095,CE,ICÓ,2305407,230010,Icó,2303,Iguatu,62642
14117,CE,IGUATU,2305506,230009,Iguatu,2303,Iguatu,98064
14133,CE,INDEPENDÊNCIA,2305605,230013,Crateús,2305,Crateús,24024
13340,CE,IPAPORANGA,2305654,230013,Crateús,2305,Crateús,11575
14150,CE,IPAUMIRIM,2305704,230010,Icó,2303,Iguatu,12083
14176,CE,IPU,2305803,230016,São Benedito - Ipu - Guaraciaba do Norte - Tianguá,2306,Sobral,41081
14192,CE,IPUEIRAS,2305902,230016,São Benedito - Ipu - Guaraciaba do Norte - Tianguá,2306,Sobral,36798
14214,CE,IRACEMA,2306009,230007,Russas - Limoeiro do Norte,2302,Quixadá,14001
14230,CE,IRAUÇUBA,2306108,230005,Itapagé,2301,Fortaleza,23915
13480,CE,ITAITINGA,2306256,230001,Fortaleza,2301,Fortaleza,64650
14257,CE,ITAIÇABA,2306207,230008,Aracati,2302,Quixadá,7536
14273,CE,ITAPAGÉ,2306306,230005,Itapagé,2301,Fortaleza,46426
14290,CE,ITAPIPOCA,2306405,230002,Itapipoca,2301,Fortaleza,131123
14311,CE,ITAPIÚNA,2306504,230003,Redenção-Acarape,2301,Fortaleza,17841
15954,CE,ITAREMA,2306553,230017,Acaraú,2306,Sobral,42957
14338,CE,ITATIRA,2306603,230004,Canindé,2301,Fortaleza,20424
14354,CE,JAGUARETAMA,2306702,230007,Russas - Limoeiro do Norte,2302,Quixadá,17232
14370,CE,JAGUARIBARA,2306801,230007,Russas - Limoeiro do Norte,2302,Quixadá,10356
14397,CE,JAGUARIBE,2306900,230007,Russas - Limoeiro do Norte,2302,Quixadá,33726
14419,CE,JAGUARUANA,2307007,230008,Aracati,2302,Quixadá,31701
14435,CE,JARDIM,2307106,230011,Juazeiro do Norte,2304,Juazeiro do Norte,27411
14451,CE,JATI,2307205,230012,Brejo Santo,2304,Juazeiro do Norte,7861
13005,CE,JIJOCA DE JERICOACOARA,2307254,230017,Acaraú,2306,Sobral,25555
14478,CE,JUAZEIRO DO NORTE,2307304,230011,Juazeiro do Norte,2304,Juazeiro do Norte,286120
14494,CE,JUCÁS,2307403,230009,Iguatu,2303,Iguatu,23922
14516,CE,LAVRAS DA MANGABEIRA,2307502,230011,Juazeiro do Norte,2304,Juazeiro do Norte,30802
14532,CE,LIMOEIRO DO NORTE,2307601,230007,Russas - Limoeiro do Norte,2302,Quixadá,59560
13021,CE,MADALENA,2307635,230004,Canindé,2301,Fortaleza,16896
15857,CE,MARACANAÚ,2307650,230001,Fortaleza,2301,Fortaleza,234509
14559,CE,MARANGUAPE,2307700,230001,Fortaleza,2301,Fortaleza,105093
14575,CE,MARCO,2307809,230017,Acaraú,2306,Sobral,25799
14591,CE,MARTINÓPOLE,2307908,230015,Sobral,2306,Sobral,10846
14613,CE,MASSAPÊ,2308005,230015,Sobral,2306,Sobral,37697
14630,CE,MAURITI,2308104,230012,Brejo Santo,2304,Juazeiro do Norte,45561
14656,CE,MERUOCA,2308203,230015,Sobral,2306,Sobral,15157
14672,CE,MILAGRES,2308302,230012,Brejo Santo,2304,Juazeiro do Norte,25900
15970,CE,MILHÃ,2308351,230006,Quixadá,2302,Quixadá,14123
14680,CE,MIRAÍMA,2308377,230002,Itapipoca,2301,Fortaleza,14196
14699,CE,MISSÃO VELHA,2308401,230011,Juazeiro do Norte,2304,Juazeiro do Norte,36822
14710,CE,MOMBAÇA,2308500,230009,Iguatu,2303,Iguatu,37735
14737,CE,MONSENHOR TABOSA,2308609,230013,Crateús,2305,Crateús,17149
14753,CE,MORADA NOVA,2308708,230007,Russas - Limoeiro do Norte,2302,Quixadá,61443
14770,CE,MORAÚJO,2308807,230015,Sobral,2306,Sobral,8254
14796,CE,MORRINHOS,2308906,230015,Sobral,2306,Sobral,22753
14818,CE,MUCAMBO,2309003,230015,Sobral,2306,Sobral,13666
14834,CE,MULUNGU,2309102,230003,Redenção-Acarape,2301,Fortaleza,10569
14850,CE,NOVA OLINDA,2309201,230011,Juazeiro do Norte,2304,Juazeiro do Norte,15399
14877,CE,NOVA RUSSAS,2309300,230013,Crateús,2305,Crateús,30699
14893,CE,NOVO ORIENTE,2309409,230013,Crateús,2305,Crateús,27545
13307,CE,OCARA,2309458,230003,Redenção-Acarape,2301,Fortaleza,24493
14915,CE,ORÓS,2309508,230010,Icó,2303,Iguatu,19675
14931,CE,PACAJUS,2309607,230001,Fortaleza,2301,Fortaleza,70983
14958,CE,PACATUBA,2309706,230001,Fortaleza,2301,Fortaleza,81524
14974,CE,PACOTI,2309805,230003,Redenção-Acarape,2301,Fortaleza,11186
14990,CE,PACUJÁ,2309904,230015,Sobral,2306,Sobral,6175
15016,CE,PALHANO,2310001,230007,Russas - Limoeiro do Norte,2302,Quixadá,9346
15032,CE,PALMÁCIA,2310100,230001,Fortaleza,2301,Fortaleza,10242
15059,CE,PARACURU,2310209,230001,Fortaleza,2301,Fortaleza,38980
15997,CE,PARAIPABA,2310258,230001,Fortaleza,2301,Fortaleza,32216
15075,CE,PARAMBU,2310308,230014,Tauá,2305,Crateús,31445
15091,CE,PARAMOTI,2310407,230004,Canindé,2301,Fortaleza,10384
15113,CE,PEDRA BRANCA,2310506,230006,Quixadá,2302,Quixadá,40187
15130,CE,PENAFORTE,2310605,230012,Brejo Santo,2304,Juazeiro do Norte,8972
15156,CE,PENTECOSTE,2310704,230005,Itapagé,2301,Fortaleza,37813
15172,CE,PEREIRO,2310803,230007,Russas - Limoeiro do Norte,2302,Quixadá,15274
13285,CE,PINDORETAMA,2310852,230001,Fortaleza,2301,Fortaleza,23391
15199,CE,PIQUET CARNEIRO,2310902,230009,Iguatu,2303,Iguatu,16616
13048,CE,PIRES FERREIRA,2310951,230016,São Benedito - Ipu - Guaraciaba do Norte - Tianguá,2306,Sobral,10606
15210,CE,PORANGA,2311009,230013,Crateús,2305,Crateús,12065
15237,CE,PORTEIRAS,2311108,230012,Brejo Santo,2304,Juazeiro do Norte,17050
15253,CE,POTENGI,2311207,230011,Juazeiro do Norte,2304,Juazeiro do Norte,8833
13269,CE,POTIRETAMA,2311231,230007,Russas - Limoeiro do Norte,2302,Quixadá,5974
13102,CE,QUITERIANÓPOLIS,2311264,230013,Crateús,2305,Crateús,20213
15270,CE,QUIXADÁ,2311306,230006,Quixadá,2302,Quixadá,84168
98531,CE,QUIXELÔ,2311355,230009,Iguatu,2303,Iguatu,15910
15296,CE,QUIXERAMOBIM,2311405,230006,Quixadá,2302,Quixadá,82177
15318,CE,QUIXERÉ,2311504,230007,Russas - Limoeiro do Norte,2302,Quixadá,20874
15334,CE,REDENÇÃO,2311603,230003,Redenção-Acarape,2301,Fortaleza,27214
15350,CE,RERIUTABA,2311702,230015,Sobral,2306,Sobral,18606
15377,CE,RUSSAS,2311801,230007,Russas - Limoeiro do Norte,2302,Quixadá,72928
15393,CE,SABOEIRO,2311900,230009,Iguatu,2303,Iguatu,13854
15440,CE,SALITRE,2311959,230011,Juazeiro do Norte,2304,Juazeiro do Norte,16633
15458,CE,SANTA QUITÉRIA,2312205,230015,Sobral,2306,Sobral,40183
15415,CE,SANTANA DO ACARAÚ,2312007,230015,Sobral,2306,Sobral,30628
15431,CE,SANTANA DO CARIRI,2312106,230011,Juazeiro do Norte,2304,Juazeiro do Norte,16954
15555,CE,SENADOR POMPEU,2312700,230006,Quixadá,2302,Quixadá,24266
15571,CE,SENADOR SÁ,2312809,230015,Sobral,2306,Sobral,7262
15598,CE,SOBRAL,2312908,230015,Sobral,2306,Sobral,203023
15610,CE,SOLONÓPOLE,2313005,230006,Quixadá,2302,Quixadá,18179
15474,CE,SÃO BENEDITO,2312304,230016,São Benedito - Ipu - Guaraciaba do Norte - Tianguá,2306,Sobral,47640
15490,CE,SÃO GONÇALO DO AMARANTE,2312403,230001,Fortaleza,2301,Fortaleza,54143
15512,CE,SÃO JOÃO DO JAGUARIBE,2312502,230007,Russas - Limoeiro do Norte,2302,Quixadá,5855
15539,CE,SÃO LUÍS DO CURU,2312601,230001,Fortaleza,2301,Fortaleza,10822
15636,CE,TABULEIRO DO NORTE,2313104,230007,Russas - Limoeiro do Norte,2302,Quixadá,30652
15652,CE,TAMBORIL,2313203,230013,Crateús,2305,Crateús,24815
13366,CE,TARRAFAS,2313252,230011,Juazeiro do Norte,2304,Juazeiro do Norte,7529
15679,CE,TAUÁ,2313302,230014,Tauá,2305,Crateús,61227
13323,CE,TEJUÇUOCA,2313351,230005,Itapagé,2301,Fortaleza,17154
15695,CE,TIANGUÁ,2313401,230016,São Benedito - Ipu - Guaraciaba do Norte - Tianguá,2306,Sobral,81506
15717,CE,TRAIRI,2313500,230002,Itapipoca,2301,Fortaleza,58415
13080,CE,TURURU,2313559,230002,Itapipoca,2301,Fortaleza,15412
15733,CE,UBAJARA,2313609,230016,São Benedito - Ipu - Guaraciaba do Norte - Tianguá,2306,Sobral,32767
15750,CE,UMARI,2313708,230010,Icó,2303,Iguatu,6871
98558,CE,UMIRIM,2313757,230002,Itapipoca,2301,Fortaleza,17470
15776,CE,URUBURETAMA,2313807,230002,Itapipoca,2301,Fortaleza,20189
15792,CE,URUOCA,2313906,230015,Sobral,2306,Sobral,13746
98574,CE,VARJOTA,2313955,230015,Sobral,2306,Sobral,18105
15830,CE,VIÇOSA DO CEARÁ,2314102,230016,São Benedito - Ipu - Guaraciaba do Norte - Tianguá,2306,Sobral,59712
15814,CE,VÁRZEA ALEGRE,2314003,230011,Juazeiro do Norte,2304,Juazeiro do Norte,38984
97012,DF,BRASÍLIA,5300108,530001,Distrito Federal,5301,Distrito Federal,2817381
56014,ES,AFONSO CLÁUDIO,3200102,320002,Afonso Cláudio - Venda Nova do Imigrante - Santa Maria de Jetibá,3201,Vitória,30684
56030,ES,ALEGRE,3200201,320008,Alegre,3204,Cachoeiro do Itapemirim,29177
56057,ES,ALFREDO CHAVES,3200300,320001,Vitória,3201,Vitória,13836
56065,ES,ALTO RIO NOVO,3200359,320005,Colatina,3203,Colatina,7434
56073,ES,ANCHIETA,3200409,320001,Vitória,3201,Vitória,29984
56090,ES,APIACÁ,3200508,320008,Alegre,3204,Cachoeiro do Itapemirim,7223
56111,ES,ARACRUZ,3200607,320004,Linhares,3202,São Mateus,94765
56138,ES,ATÍLIO VIVÁCQUA,3200706,320007,Cachoeiro de Itapemirim,3204,Cachoeiro do Itapemirim,10540
56154,ES,BAIXO GUANDU,3200805,320005,Colatina,3203,Colatina,30674
56170,ES,BARRA DE SÃO FRANCISCO,3200904,320006,Nova Venécia,3203,Colatina,42498
56197,ES,BOA ESPERANÇA,3201001,320003,São Mateus,3202,São Mateus,13608
56219,ES,BOM JESUS DO NORTE,3201100,320008,Alegre,3204,Cachoeiro do Itapemirim,10254
56146,ES,BREJETUBA,3201159,320002,Afonso Cláudio - Venda Nova do Imigrante - Santa Maria de Jetibá,3201,Vitória,12985
56235,ES,CACHOEIRO DE ITAPEMIRIM,3201209,320007,Cachoeiro de Itapemirim,3204,Cachoeiro do Itapemirim,185786
56251,ES,CARIACICA,3201308,320001,Vitória,3201,Vitória,353491
56278,ES,CASTELO,3201407,320007,Cachoeiro de Itapemirim,3204,Cachoeiro do Itapemirim,36930
56294,ES,COLATINA,3201506,320005,Colatina,3203,Colatina,120033
56316,ES,CONCEIÇÃO DA BARRA,3201605,320003,São Mateus,3202,São Mateus,27458
56332,ES,CONCEIÇÃO DO CASTELO,3201704,320002,Afonso Cláudio - Venda Nova do Imigrante - Santa Maria de Jetibá,3201,Vitória,11937
56359,ES,DIVINO DE SÃO LOURENÇO,3201803,320008,Alegre,3204,Cachoeiro do Itapemirim,5083
56375,ES,DOMINGOS MARTINS,3201902,320002,Afonso Cláudio - Venda Nova do Imigrante - Santa Maria de Jetibá,3201,Vitória,35416
56391,ES,DORES DO RIO PRETO,3202009,320008,Alegre,3204,Cachoeiro do Itapemirim,6596
56413,ES,ECOPORANGA,3202108,320006,Nova Venécia,3203,Colatina,21992
56430,ES,FUNDÃO,3202207,320001,Vitória,3201,Vitória,18014
56308,ES,GOVERNADOR LINDENBERG,3202256,320005,Colatina,3203,Colatina,11009
56472,ES,GUARAPARI,3202405,320001,Vitória,3201,Vitória,124656
56456,ES,GUAÇUÍ,3202306,320008,Alegre,3204,Cachoeiro do Itapemirim,29358
57096,ES,IBATIBA,3202454,320008,Alegre,3204,Cachoeiro do Itapemirim,25380
56499,ES,IBIRAÇU,3202504,320004,Linhares,3202,São Mateus,11723
56502,ES,IBITIRAMA,3202553,320008,Alegre,3204,Cachoeiro do Itapemirim,9520
56510,ES,ICONHA,3202603,320007,Cachoeiro de Itapemirim,3204,Cachoeiro do Itapemirim,12326
56049,ES,IRUPI,3202652,320008,Alegre,3204,Cachoeiro do Itapemirim,13710
56537,ES,ITAGUAÇU,3202702,320005,Colatina,3203,Colatina,13589
56553,ES,ITAPEMIRIM,3202801,320007,Cachoeiro de Itapemirim,3204,Cachoeiro do Itapemirim,39832
56570,ES,ITARANA,3202900,320002,Afonso Cláudio - Venda Nova do Imigrante - Santa Maria de Jetibá,3201,Vitória,10597
56596,ES,IÚNA,3203007,320008,Alegre,3204,Cachoeiro do Itapemirim,28590
57134,ES,JAGUARÉ,3203056,320003,São Mateus,3202,São Mateus,28931
56618,ES,JERÔNIMO MONTEIRO,3203106,320007,Cachoeiro de Itapemirim,3204,Cachoeiro do Itapemirim,11575
56626,ES,JOÃO NEIVA,3203130,320004,Linhares,3202,São Mateus,14079
57916,ES,LARANJA DA TERRA,3203163,320002,Afonso Cláudio - Venda Nova do Imigrante - Santa Maria de Jetibá,3201,Vitória,11094
56634,ES,LINHARES,3203205,320004,Linhares,3202,São Mateus,166786
56650,ES,MANTENÓPOLIS,3203304,320005,Colatina,3203,Colatina,12770
56120,ES,MARATAÍZES,3203320,320007,Cachoeiro de Itapemirim,3204,Cachoeiro do Itapemirim,41929
56103,ES,MARECHAL FLORIANO,3203346,320002,Afonso Cláudio - Venda Nova do Imigrante - Santa Maria de Jetibá,3201,Vitória,17641
57070,ES,MARILÂNDIA,3203353,320005,Colatina,3203,Colatina,12387
56677,ES,MIMOSO DO SUL,3203403,320007,Cachoeiro de Itapemirim,3204,Cachoeiro do Itapemirim,24475
56693,ES,MONTANHA,3203502,320003,São Mateus,3202,São Mateus,18900
56715,ES,MUCURICI,3203601,320003,São Mateus,3202,São Mateus,5466
56731,ES,MUNIZ FREIRE,3203700,320008,Alegre,3204,Cachoeiro do Itapemirim,18153
56758,ES,MUQUI,3203809,320007,Cachoeiro de Itapemirim,3204,Cachoeiro do Itapemirim,13745
56774,ES,NOVA VENÉCIA,3203908,320006,Nova Venécia,3203,Colatina,49065
56790,ES,PANCAS,3204005,320005,Colatina,3203,Colatina,18893
57150,ES,PEDRO CANÁRIO,3204054,320003,São Mateus,3202,São Mateus,21522
56812,ES,PINHEIROS,3204104,320003,São Mateus,3202,São Mateus,23915
56839,ES,PIÚMA,3204203,320001,Vitória,3201,Vitória,22300
56200,ES,PONTO BELO,3204252,320003,São Mateus,3202,São Mateus,6497
56855,ES,PRESIDENTE KENNEDY,3204302,320007,Cachoeiro de Itapemirim,3204,Cachoeiro do Itapemirim,13696
57118,ES,RIO BANANAL,3204351,320004,Linhares,3202,São Mateus,19274
56871,ES,RIO NOVO DO SUL,3204401,320007,Cachoeiro de Itapemirim,3204,Cachoeiro do Itapemirim,11069
56898,ES,SANTA LEOPOLDINA,3204500,320002,Afonso Cláudio - Venda Nova do Imigrante - Santa Maria de Jetibá,3201,Vitória,13106
57932,ES,SANTA MARIA DE JETIBÁ,3204559,320002,Afonso Cláudio - Venda Nova do Imigrante - Santa Maria de Jetibá,3201,Vitória,41636
56910,ES,SANTA TERESA,3204609,320002,Afonso Cláudio - Venda Nova do Imigrante - Santa Maria de Jetibá,3201,Vitória,22808
56995,ES,SERRA,3205002,320001,Vitória,3201,Vitória,520653
56189,ES,SOORETAMA,3205010,320004,Linhares,3202,São Mateus,26502
56006,ES,SÃO DOMINGOS DO NORTE,3204658,320005,Colatina,3203,Colatina,8589
56936,ES,SÃO GABRIEL DA PALHA,3204708,320005,Colatina,3203,Colatina,32252
56952,ES,SÃO JOSÉ DO CALÇADO,3204807,320008,Alegre,3204,Cachoeiro do Itapemirim,10878
56979,ES,SÃO MATEUS,3204906,320003,São Mateus,3202,São Mateus,123752
56162,ES,SÃO ROQUE DO CANAÃ,3204955,320005,Colatina,3203,Colatina,10886
57959,ES,VARGEM ALTA,3205036,320007,Cachoeiro de Itapemirim,3204,Cachoeiro do Itapemirim,19563
57975,ES,VENDA NOVA DO IMIGRANTE,3205069,320002,Afonso Cláudio - Venda Nova do Imigrante - Santa Maria de Jetibá,3201,Vitória,23831
57010,ES,VIANA,3205101,320001,Vitória,3201,Vitória,73423
56081,ES,VILA PAVÃO,3205150,320006,Nova Venécia,3203,Colatina,8911
56227,ES,VILA VALÉRIO,3205176,320005,Colatina,3203,Colatina,13728
57037,ES,VILA VELHA,3205200,320001,Vitória,3201,Vitória,467722
57053,ES,VITÓRIA,3205309,320001,Vitória,3201,Vitória,322869
56022,ES,ÁGUA DOCE DO NORTE,3200169,320006,Nova Venécia,3203,Colatina,12042
57991,ES,ÁGUIA BRANCA,3200136,320005,Colatina,3203,Colatina,9711
93360,GO,ABADIA DE GOIÁS,5200050,520001,Goiânia,5201,Goiânia,19128
92010,GO,ABADIÂNIA,5200100,520002,Anápolis,5201,Goiânia,17232
96458,GO,ACREÚNA,5200134,520015,Palmeiras de Goiás,5204,São Luís de Montes Belos - Iporá,21568
96911,GO,ADELÂNDIA,5200159,520003,Inhumas - Itaberaí - Anicuns,5201,Goiânia,2297
92053,GO,ALEXÂNIA,5200308,520002,Anápolis,5201,Goiânia,27008
92096,GO,ALOÂNDIA,5200506,520007,Itumbiara,5202,Itumbiara,1973
92940,GO,ALTO HORIZONTE,5200555,520017,Uruaçu - Niquelândia,5205,Porangatu - Uruaçu,6072
92118,GO,ALTO PARAÍSO DE GOIÁS,5200605,520022,Flores de Goiás,5206,Luziânia - Águas Lindas de Goiás,10306
92150,GO,ALVORADA DO NORTE,5200803,520021,Posse-Campos Belos,5206,Luziânia - Águas Lindas de Goiás,8446
93386,GO,AMARALINA,5200829,520017,Uruaçu - Niquelândia,5205,Porangatu - Uruaçu,3268
96610,GO,AMERICANO DO BRASIL,5200852,520003,Inhumas - Itaberaí - Anicuns,5201,Goiânia,5259
92177,GO,AMORINÓPOLIS,5200902,520014,Iporá,5204,São Luís de Montes Belos - Iporá,3007
92231,GO,ANHANGÜERA,5201207,520004,Catalão,5201,Goiânia,924
92258,GO,ANICUNS,5201306,520003,Inhumas - Itaberaí - Anicuns,5201,Goiânia,18503
92215,GO,ANÁPOLIS,5201108,520002,Anápolis,5201,Goiânia,398869
92274,GO,APARECIDA DE GOIÂNIA,5201405,520001,Goiânia,5201,Goiânia,527796
93009,GO,APARECIDA DO RIO DOCE,5201454,520010,Rio Verde,5203,Rio Verde,2907
92290,GO,APORÉ,5201504,520011,Jataí-Mineiros,5203,Rio Verde,4325
92339,GO,ARAGARÇAS,5201702,520014,Iporá,5204,São Luís de Montes Belos - Iporá,18390
92355,GO,ARAGOIÂNIA,5201801,520001,Goiânia,5201,Goiânia,11890
96695,GO,ARAGUAPAZ,5202155,520005,Goiás - Itapuranga,5201,Goiânia,7153
92312,GO,ARAÇU,5201603,520003,Inhumas - Itaberaí - Anicuns,5201,Goiânia,3799
96717,GO,ARENÓPOLIS,5202353,520014,Iporá,5204,São Luís de Montes Belos - Iporá,2946
92495,GO,ARUANÃ,5202502,520005,Goiás - Itapuranga,5201,Goiânia,8300
92517,GO,AURILÂNDIA,5202601,520013,São Luís de Montes Belos,5204,São Luís de Montes Belos - Iporá,3284
92550,GO,AVELINÓPOLIS,5202809,520003,Inhumas - Itaberaí - Anicuns,5201,Goiânia,2868
92614,GO,BALIZA,5203104,520014,Iporá,5204,São Luís de Montes Belos - Iporá,3351
92630,GO,BARRO ALTO,5203203,520018,Ceres - Rialma - Goianésia,5205,Porangatu - Uruaçu,10371
92657,GO,BELA VISTA DE GOIÁS,5203302,520001,Goiânia,5201,Goiânia,34445
92673,GO,BOM JARDIM DE GOIÁS,5203401,520014,Iporá,5204,São Luís de Montes Belos - Iporá,7826
92690,GO,BOM JESUS DE GOIÁS,5203500,520007,Itumbiara,5202,Itumbiara,23958
92029,GO,BONFINÓPOLIS,5203559,520001,Goiânia,5201,Goiânia,10296
93408,GO,BONÓPOLIS,5203575,520016,Porangatu,5205,Porangatu - Uruaçu,3299
92711,GO,BRAZABRANTES,5203609,520001,Goiânia,5201,Goiânia,3992
92754,GO,BRITÂNIA,5203807,520005,Goiás - Itapuranga,5201,Goiânia,5695
92770,GO,BURITI ALEGRE,5203906,520007,Itumbiara,5202,Itumbiara,10495
93106,GO,BURITI DE GOIÁS,5203939,520013,São Luís de Montes Belos,5204,São Luís de Montes Belos - Iporá,2732
93262,GO,BURITINÓPOLIS,5203962,520021,Posse-Campos Belos,5206,Luziânia - Águas Lindas de Goiás,3145
92797,GO,CABECEIRAS,5204003,520020,Águas Lindas de Goiás,5206,Luziânia - Águas Lindas de Goiás,7560
92819,GO,CACHOEIRA ALTA,5204102,520010,Rio Verde,5203,Rio Verde,11513
92835,GO,CACHOEIRA DE GOIÁS,5204201,520013,São Luís de Montes Belos,5204,São Luís de Montes Belos - Iporá,1405
96733,GO,CACHOEIRA DOURADA,5204250,520007,Itumbiara,5202,Itumbiara,7782
92878,GO,CAIAPÔNIA,5204409,520011,Jataí-Mineiros,5203,Rio Verde,16513
92894,GO,CALDAS NOVAS,5204508,520008,Caldas Novas-Morrinhos,5202,Itumbiara,98622
93122,GO,CALDAZINHA,5204557,520001,Goiânia,5201,Goiânia,4507
92916,GO,CAMPESTRE DE GOIÁS,5204607,520015,Palmeiras de Goiás,5204,São Luís de Montes Belos - Iporá,3755
96873,GO,CAMPINAÇU,5204656,520016,Porangatu,5205,Porangatu - Uruaçu,3708
92932,GO,CAMPINORTE,5204706,520017,Uruaçu - Niquelândia,5205,Porangatu - Uruaçu,12510
92959,GO,CAMPO ALEGRE DE GOIÁS,5204805,520004,Catalão,5201,Goiânia,7422
93580,GO,CAMPO LIMPO DE GOIÁS,5204854,520002,Anápolis,5201,Goiânia,8081
92975,GO,CAMPOS BELOS,5204904,520021,Posse-Campos Belos,5206,Luziânia - Águas Lindas de Goiás,18108
92061,GO,CAMPOS VERDES,5204953,520018,Ceres - Rialma - Goianésia,5205,Porangatu - Uruaçu,4005
92991,GO,CARMO DO RIO VERDE,5205000,520018,Ceres - Rialma - Goianésia,5205,Porangatu - Uruaçu,9710
92967,GO,CASTELÂNDIA,5205059,520010,Rio Verde,5203,Rio Verde,2985
93017,GO,CATALÃO,5205109,520004,Catalão,5201,Goiânia,114427
93033,GO,CATURAÍ,5205208,520001,Goiânia,5201,Goiânia,5184
93050,GO,CAVALCANTE,5205307,520022,Flores de Goiás,5206,Luziânia - Águas Lindas de Goiás,9583
92851,GO,CAÇU,5204300,520010,Rio Verde,5203,Rio Verde,13774
93076,GO,CERES,5205406,520018,Ceres - Rialma - Goianésia,5205,Porangatu - Uruaçu,22046
92100,GO,CEZARINA,5205455,520015,Palmeiras de Goiás,5204,São Luís de Montes Belos - Iporá,8090
92924,GO,CHAPADÃO DO CÉU,5205471,520011,Jataí-Mineiros,5203,Rio Verde,12870
93025,GO,CIDADE OCIDENTAL,5205497,520019,Luziânia,5206,Luziânia - Águas Lindas de Goiás,91767
92886,GO,COCALZINHO DE GOIÁS,5205513,520020,Águas Lindas de Goiás,5206,Luziânia - Águas Lindas de Goiás,25016
92126,GO,COLINAS DO SUL,5205521,520017,Uruaçu - Niquelândia,5205,Porangatu - Uruaçu,4030
93190,GO,CORUMBAÍBA,5205901,520008,Caldas Novas-Morrinhos,5202,Itumbiara,9164
93173,GO,CORUMBÁ DE GOIÁS,5205802,520002,Anápolis,5201,Goiânia,10562
93254,GO,CRISTALINA,5206206,520019,Luziânia,5206,Luziânia - Águas Lindas de Goiás,62337
93270,GO,CRISTIANÓPOLIS,5206305,520009,Piracanjuba,5202,Itumbiara,3504
93297,GO,CRIXÁS,5206404,520018,Ceres - Rialma - Goianésia,5205,Porangatu - Uruaçu,17065
93319,GO,CROMÍNIA,5206503,520009,Piracanjuba,5202,Itumbiara,3883
93335,GO,CUMARI,5206602,520004,Catalão,5201,Goiânia,2927
93157,GO,CÓRREGO DO OURO,5205703,520013,São Luís de Montes Belos,5204,São Luís de Montes Belos - Iporá,2454
93351,GO,DAMIANÓPOLIS,5206701,520021,Posse-Campos Belos,5206,Luziânia - Águas Lindas de Goiás,3770
93378,GO,DAMOLÂNDIA,5206800,520003,Inhumas - Itaberaí - Anicuns,5201,Goiânia,2724
93394,GO,DAVINÓPOLIS,5206909,520004,Catalão,5201,Goiânia,1902
93432,GO,DIORAMA,5207105,520014,Iporá,5204,São Luís de Montes Belos - Iporá,2062
93092,GO,DIVINÓPOLIS DE GOIÁS,5208301,520021,Posse-Campos Belos,5206,Luziânia - Águas Lindas de Goiás,4457
96750,GO,DOVERLÂNDIA,5207253,520011,Jataí-Mineiros,5203,Rio Verde,6956
92207,GO,EDEALINA,5207352,520009,Piracanjuba,5202,Itumbiara,4001
93491,GO,EDÉIA,5207402,520015,Palmeiras de Goiás,5204,São Luís de Montes Belos - Iporá,11747
93513,GO,ESTRELA DO NORTE,5207501,520016,Porangatu,5205,Porangatu - Uruaçu,3205
92223,GO,FAINA,5207535,520005,Goiás - Itapuranga,5201,Goiânia,7070
93530,GO,FAZENDA NOVA,5207600,520013,São Luís de Montes Belos,5204,São Luís de Montes Belos - Iporá,5877
93572,GO,FIRMINÓPOLIS,5207808,520015,Palmeiras de Goiás,5204,São Luís de Montes Belos - Iporá,10419
93599,GO,FLORES DE GOIÁS,5207907,520022,Flores de Goiás,5206,Luziânia - Águas Lindas de Goiás,13744
93610,GO,FORMOSA,5208004,520020,Águas Lindas de Goiás,5206,Luziânia - Águas Lindas de Goiás,115901
93637,GO,FORMOSO,5208103,520016,Porangatu,5205,Porangatu - Uruaçu,4660
93564,GO,GAMELEIRA DE GOIÁS,5208152,520002,Anápolis,5201,Goiânia,3456
93696,GO,GOIANDIRA,5208509,520004,Catalão,5201,Goiânia,4973
93750,GO,GOIANIRA,5208806,520001,Goiânia,5201,Goiânia,71916
93670,GO,GOIANÁPOLIS,5208400,520002,Anápolis,5201,Goiânia,13967
93718,GO,GOIANÉSIA,5208608,520018,Ceres - Rialma - Goianésia,5205,Porangatu - Uruaçu,73707
93793,GO,GOIATUBA,5209101,520007,Itumbiara,5202,Itumbiara,35664
93777,GO,GOIÁS,5208905,520005,Goiás - Itapuranga,5201,Goiânia,24071
93734,GO,GOIÂNIA,5208707,520001,Goiânia,5201,Goiânia,1437366
92266,GO,GOUVELÂNDIA,5209150,520012,Quirinópolis,5203,Rio Verde,4390
93815,GO,GUAPÓ,5209200,520001,Goiânia,5201,Goiânia,19545
93831,GO,GUARANI DE GOIÁS,5209408,520021,Posse-Campos Belos,5206,Luziânia - Águas Lindas de Goiás,4085
93149,GO,GUARAÍTA,5209291,520005,Goiás - Itapuranga,5201,Goiânia,2188
92860,GO,GUARINOS,5209457,520018,Ceres - Rialma - Goianésia,5205,Porangatu - Uruaçu,2161
93874,GO,HEITORAÍ,5209606,520003,Inhumas - Itaberaí - Anicuns,5201,Goiânia,3354
93912,GO,HIDROLINA,5209804,520017,Uruaçu - Niquelândia,5205,Porangatu - Uruaçu,3545
93890,GO,HIDROLÂNDIA,5209705,520001,Goiânia,5201,Goiânia,27742
93939,GO,IACIARA,5209903,520021,Posse-Campos Belos,5206,Luziânia - Águas Lindas de Goiás,10584
93165,GO,INACIOLÂNDIA,5209937,520012,Quirinópolis,5203,Rio Verde,5954
96814,GO,INDIARA,5209952,520015,Palmeiras de Goiás,5204,São Luís de Montes Belos - Iporá,17061
93955,GO,INHUMAS,5210000,520003,Inhumas - Itaberaí - Anicuns,5201,Goiânia,52204
93971,GO,IPAMERI,5210109,520004,Catalão,5201,Goiânia,25548
93548,GO,IPIRANGA DE GOIÁS,5210158,520018,Ceres - Rialma - Goianésia,5205,Porangatu - Uruaçu,2919
93998,GO,IPORÁ,5210208,520014,Iporá,5204,São Luís de Montes Belos - Iporá,35684
94013,GO,ISRAELÂNDIA,5210307,520014,Iporá,5204,São Luís de Montes Belos - Iporá,2560
94030,GO,ITABERAÍ,5210406,520003,Inhumas - Itaberaí - Anicuns,5201,Goiânia,44734
92282,GO,ITAGUARI,5210562,520003,Inhumas - Itaberaí - Anicuns,5201,Goiânia,4963
94072,GO,ITAGUARU,5210604,520003,Inhumas - Itaberaí - Anicuns,5201,Goiânia,4904
94110,GO,ITAJÁ,5210802,520010,Rio Verde,5203,Rio Verde,4380
94137,GO,ITAPACI,5210901,520018,Ceres - Rialma - Goianésia,5205,Porangatu - Uruaçu,21087
94153,GO,ITAPIRAPUÃ,5211008,520005,Goiás - Itapuranga,5201,Goiânia,8007
94196,GO,ITAPURANGA,5211206,520005,Goiás - Itapuranga,5201,Goiânia,26113
94218,GO,ITARUMÃ,5211305,520010,Rio Verde,5203,Rio Verde,6101
94234,GO,ITAUÇU,5211404,520003,Inhumas - Itaberaí - Anicuns,5201,Goiânia,7736
94250,GO,ITUMBIARA,5211503,520007,Itumbiara,5202,Itumbiara,107970
94277,GO,IVOLÂNDIA,5211602,520013,São Luís de Montes Belos,5204,São Luís de Montes Belos - Iporá,2693
94293,GO,JANDAIA,5211701,520015,Palmeiras de Goiás,5204,São Luís de Montes Belos - Iporá,6272
94315,GO,JARAGUÁ,5211800,520002,Anápolis,5201,Goiânia,45223
94331,GO,JATAÍ,5211909,520011,Jataí-Mineiros,5203,Rio Verde,105729
94358,GO,JAUPACI,5212006,520014,Iporá,5204,São Luís de Montes Belos - Iporá,2924
92983,GO,JESÚPOLIS,5212055,520002,Anápolis,5201,Goiânia,2123
94374,GO,JOVIÂNIA,5212105,520007,Itumbiara,5202,Itumbiara,7159
94390,GO,JUSSARA,5212204,520005,Goiás - Itapuranga,5201,Goiânia,19620
93602,GO,LAGOA SANTA,5212253,520010,Rio Verde,5203,Rio Verde,1390
94439,GO,LEOPOLDO DE BULHÕES,5212303,520002,Anápolis,5201,Goiânia,8745
94455,GO,LUZIÂNIA,5212501,520019,Luziânia,5206,Luziânia - Águas Lindas de Goiás,209129
94471,GO,MAIRIPOTABA,5212600,520009,Piracanjuba,5202,Itumbiara,2561
94498,GO,MAMBAÍ,5212709,520021,Posse-Campos Belos,5206,Luziânia - Águas Lindas de Goiás,8124
94510,GO,MARA ROSA,5212808,520017,Uruaçu - Niquelândia,5205,Porangatu - Uruaçu,10700
94536,GO,MARZAGÃO,5212907,520008,Caldas Novas-Morrinhos,5202,Itumbiara,2758
92320,GO,MATRINCHÃ,5212956,520005,Goiás - Itapuranga,5201,Goiânia,4042
94579,GO,MAURILÂNDIA,5213004,520010,Rio Verde,5203,Rio Verde,10304
92347,GO,MIMOSO DE GOIÁS,5213053,520020,Águas Lindas de Goiás,5206,Luziânia - Águas Lindas de Goiás,2614
96474,GO,MINAÇU,5213087,520016,Porangatu,5205,Porangatu - Uruaçu,27075
94595,GO,MINEIROS,5213103,520011,Jataí-Mineiros,5203,Rio Verde,70081
94650,GO,MOIPORÁ,5213400,520013,São Luís de Montes Belos,5204,São Luís de Montes Belos - Iporá,1685
94676,GO,MONTE ALEGRE DE GOIÁS,5213509,520021,Posse-Campos Belos,5206,Luziânia - Águas Lindas de Goiás,6692
94714,GO,MONTES CLAROS DE GOIÁS,5213707,520014,Iporá,5204,São Luís de Montes Belos - Iporá,8756
92363,GO,MONTIVIDIU,5213756,520010,Rio Verde,5203,Rio Verde,12521
93181,GO,MONTIVIDIU DO NORTE,5213772,520016,Porangatu,5205,Porangatu - Uruaçu,3779
94730,GO,MORRINHOS,5213806,520008,Caldas Novas-Morrinhos,5202,Itumbiara,51351
92169,GO,MORRO AGUDO DE GOIÁS,5213855,520018,Ceres - Rialma - Goianésia,5205,Porangatu - Uruaçu,2456
94757,GO,MOSSÂMEDES,5213905,520005,Goiás - Itapuranga,5201,Goiânia,4654
94773,GO,MOZARLÂNDIA,5214002,520005,Goiás - Itapuranga,5201,Goiânia,14750
96512,GO,MUNDO NOVO,5214051,520016,Porangatu,5205,Porangatu - Uruaçu,6189
94790,GO,MUTUNÓPOLIS,5214101,520016,Porangatu,5205,Porangatu - Uruaçu,3564
94854,GO,NAZÁRIO,5214408,520015,Palmeiras de Goiás,5204,São Luís de Montes Belos - Iporá,8189
94870,GO,NERÓPOLIS,5214507,520001,Goiânia,5201,Goiânia,31932
94897,GO,NIQUELÂNDIA,5214606,520017,Uruaçu - Niquelândia,5205,Porangatu - Uruaçu,34964
94919,GO,NOVA AMÉRICA,5214705,520018,Ceres - Rialma - Goianésia,5205,Porangatu - Uruaçu,2337
94935,GO,NOVA AURORA,5214804,520004,Catalão,5201,Goiânia,2101
96539,GO,NOVA CRIXÁS,5214838,520005,Goiás - Itapuranga,5201,Goiânia,12815
96555,GO,NOVA GLÓRIA,5214861,520018,Ceres - Rialma - Goianésia,5205,Porangatu - Uruaçu,8310
93084,GO,NOVA IGUAÇU DE GOIÁS,5214879,520017,Uruaçu - Niquelândia,5205,Porangatu - Uruaçu,3010
94951,GO,NOVA ROMA,5214903,520021,Posse-Campos Belos,5206,Luziânia - Águas Lindas de Goiás,3076
94978,GO,NOVA VENEZA,5215009,520001,Goiânia,5201,Goiânia,9481
95010,GO,NOVO BRASIL,5215207,520005,Goiás - Itapuranga,5201,Goiânia,3527
93327,GO,NOVO GAMA,5215231,520019,Luziânia,5206,Luziânia - Águas Lindas de Goiás,103804
92444,GO,NOVO PLANALTO,5215256,520016,Porangatu,5205,Porangatu - Uruaçu,3716
95036,GO,ORIZONA,5215306,520006,Pires do Rio,5201,Goiânia,16399
95052,GO,OURO VERDE DE GOIÁS,5215405,520002,Anápolis,5201,Goiânia,4057
95079,GO,OUVIDOR,5215504,520004,Catalão,5201,Goiânia,7200
95095,GO,PADRE BERNARDO,5215603,520020,Águas Lindas de Goiás,5206,Luziânia - Águas Lindas de Goiás,34967
92460,GO,PALESTINA DE GOIÁS,5215652,520014,Iporá,5204,São Luís de Montes Belos - Iporá,3132
95117,GO,PALMEIRAS DE GOIÁS,5215702,520015,Palmeiras de Goiás,5204,São Luís de Montes Belos - Iporá,31858
95133,GO,PALMELO,5215801,520006,Pires do Rio,5201,Goiânia,2259
95150,GO,PALMINÓPOLIS,5215900,520015,Palmeiras de Goiás,5204,São Luís de Montes Belos - Iporá,3851
95176,GO,PANAMÁ,5216007,520007,Itumbiara,5202,Itumbiara,2455
94552,GO,PARANAIGUARA,5216304,520012,Quirinópolis,5203,Rio Verde,7607
95230,GO,PARAÚNA,5216403,520015,Palmeiras de Goiás,5204,São Luís de Montes Belos - Iporá,10659
93068,GO,PEROLÂNDIA,5216452,520011,Jataí-Mineiros,5203,Rio Verde,2964
95311,GO,PETROLINA DE GOIÁS,5216809,520002,Anápolis,5201,Goiânia,9573
95354,GO,PILAR DE GOIÁS,5216908,520018,Ceres - Rialma - Goianésia,5205,Porangatu - Uruaçu,2328
95397,GO,PIRACANJUBA,5217104,520009,Piracanjuba,5202,Itumbiara,24883
95419,GO,PIRANHAS,5217203,520014,Iporá,5204,São Luís de Montes Belos - Iporá,11712
95435,GO,PIRENÓPOLIS,5217302,520002,Anápolis,5201,Goiânia,26690
95451,GO,PIRES DO RIO,5217401,520006,Pires do Rio,5201,Goiânia,32373
95958,GO,PLANALTINA,5217609,520020,Águas Lindas de Goiás,5206,Luziânia - Águas Lindas de Goiás,105031
95494,GO,PONTALINA,5217708,520009,Piracanjuba,5202,Itumbiara,18309
95559,GO,PORANGATU,5218003,520016,Porangatu,5205,Porangatu - Uruaçu,44317
93424,GO,PORTEIRÃO,5218052,520010,Rio Verde,5203,Rio Verde,4070
95575,GO,PORTELÂNDIA,5218102,520011,Jataí-Mineiros,5203,Rio Verde,3280
95613,GO,POSSE,5218300,520021,Posse-Campos Belos,5206,Luziânia - Águas Lindas de Goiás,34914
93041,GO,PROFESSOR JAMIL,5218391,520009,Piracanjuba,5202,Itumbiara,3649
95630,GO,QUIRINÓPOLIS,5218508,520012,Quirinópolis,5203,Rio Verde,48447
95656,GO,RIALMA,5218607,520018,Ceres - Rialma - Goianésia,5205,Porangatu - Uruaçu,12165
95672,GO,RIANÁPOLIS,5218706,520018,Ceres - Rialma - Goianésia,5205,Porangatu - Uruaçu,3980
92827,GO,RIO QUENTE,5218789,520008,Caldas Novas-Morrinhos,5202,Itumbiara,3864
95710,GO,RIO VERDE,5218805,520010,Rio Verde,5203,Rio Verde,225696
95737,GO,RUBIATABA,5218904,520018,Ceres - Rialma - Goianésia,5205,Porangatu - Uruaçu,19788
95753,GO,SANCLERLÂNDIA,5219001,520013,São Luís de Montes Belos,5204,São Luís de Montes Belos - Iporá,7918
95770,GO,SANTA BÁRBARA DE GOIÁS,5219100,520015,Palmeiras de Goiás,5204,São Luís de Montes Belos - Iporá,6149
95796,GO,SANTA CRUZ DE GOIÁS,5219209,520006,Pires do Rio,5201,Goiânia,3002
92568,GO,SANTA FÉ DE GOIÁS,5219258,520005,Goiás - Itapuranga,5201,Goiânia,4951
95818,GO,SANTA HELENA DE GOIÁS,5219308,520010,Rio Verde,5203,Rio Verde,38492
96890,GO,SANTA ISABEL,5219357,520018,Ceres - Rialma - Goianésia,5205,Porangatu - Uruaçu,3538
95834,GO,SANTA RITA DO ARAGUAIA,5219407,520011,Jataí-Mineiros,5203,Rio Verde,5924
93440,GO,SANTA RITA DO NOVO DESTINO,5219456,520018,Ceres - Rialma - Goianésia,5205,Porangatu - Uruaçu,2689
95850,GO,SANTA ROSA DE GOIÁS,5219506,520002,Anápolis,5201,Goiânia,2820
95877,GO,SANTA TEREZA DE GOIÁS,5219605,520016,Porangatu,5205,Porangatu - Uruaçu,3293
95893,GO,SANTA TEREZINHA DE GOIÁS,5219704,520018,Ceres - Rialma - Goianésia,5205,Porangatu - Uruaçu,10645
93203,GO,SANTO ANTÔNIO DA BARRA,5219712,520010,Rio Verde,5203,Rio Verde,4267
92908,GO,SANTO ANTÔNIO DE GOIÁS,5219738,520001,Goiânia,5201,Goiânia,7386
96776,GO,SANTO ANTÔNIO DO DESCOBERTO,5219753,520019,Luziânia,5206,Luziânia - Águas Lindas de Goiás,72127
92703,GO,SENADOR CANEDO,5220454,520001,Goiânia,5201,Goiânia,155635
96075,GO,SERRANÓPOLIS,5220504,520011,Jataí-Mineiros,5203,Rio Verde,8027
96091,GO,SILVÂNIA,5220603,520002,Anápolis,5201,Goiânia,22245
92720,GO,SIMOLÂNDIA,5220686,520021,Posse-Campos Belos,5206,Luziânia - Águas Lindas de Goiás,5742
95915,GO,SÃO DOMINGOS,5219803,520021,Posse-Campos Belos,5206,Luziânia - Águas Lindas de Goiás,9711
95931,GO,SÃO FRANCISCO DE GOIÁS,5219902,520002,Anápolis,5201,Goiânia,6378
95974,GO,SÃO JOÃO D'ALIANÇA,5220009,520022,Flores de Goiás,5206,Luziânia - Águas Lindas de Goiás,14041
92622,GO,SÃO JOÃO DA PARAÚNA,5220058,520015,Palmeiras de Goiás,5204,São Luís de Montes Belos - Iporá,1774
92649,GO,SÃO LUIZ DO NORTE,5220157,520017,Uruaçu - Niquelândia,5205,Porangatu - Uruaçu,4837
95990,GO,SÃO LUÍS DE MONTES BELOS,5220108,520013,São Luís de Montes Belos,5204,São Luís de Montes Belos - Iporá,33852
96016,GO,SÃO MIGUEL DO ARAGUAIA,5220207,520016,Porangatu,5205,Porangatu - Uruaçu,21900
92665,GO,SÃO MIGUEL DO PASSA QUATRO,5220264,520002,Anápolis,5201,Goiânia,4464
93483,GO,SÃO PATRÍCIO,5220280,520018,Ceres - Rialma - Goianésia,5205,Porangatu - Uruaçu,2143
96059,GO,SÃO SIMÃO,5220405,520012,Quirinópolis,5203,Rio Verde,17020
96113,GO,SÍTIO D'ABADIA,5220702,520021,Posse-Campos Belos,5206,Luziânia - Águas Lindas de Goiás,2927
96172,GO,TAQUARAL DE GOIÁS,5221007,520003,Inhumas - Itaberaí - Anicuns,5201,Goiânia,4026
92762,GO,TERESINA DE GOIÁS,5221080,520022,Flores de Goiás,5206,Luziânia - Águas Lindas de Goiás,2701
93220,GO,TEREZÓPOLIS DE GOIÁS,5221197,520001,Goiânia,5201,Goiânia,7944
96253,GO,TRINDADE,5221403,520001,Goiânia,5201,Goiânia,142431
92789,GO,TROMBAS,5221452,520016,Porangatu,5205,Porangatu - Uruaçu,3120
96237,GO,TRÊS RANCHOS,5221304,520004,Catalão,5201,Goiânia,2921
92800,GO,TURVELÂNDIA,5221551,520010,Rio Verde,5203,Rio Verde,4985
96318,GO,TURVÂNIA,5221502,520015,Palmeiras de Goiás,5204,São Luís de Montes Belos - Iporá,4480
93246,GO,UIRAPURU,5221577,520018,Ceres - Rialma - Goianésia,5205,Porangatu - Uruaçu,2798
96350,GO,URUANA,5221700,520018,Ceres - Rialma - Goianésia,5205,Porangatu - Uruaçu,13729
96334,GO,URUAÇU,5221601,520017,Uruaçu - Niquelândia,5205,Porangatu - Uruaçu,42546
96377,GO,URUTAÍ,5221809,520006,Pires do Rio,5201,Goiânia,3553
93300,GO,VALPARAÍSO DE GOIÁS,5221858,520019,Luziânia,5206,Luziânia - Águas Lindas de Goiás,198861
96393,GO,VARJÃO,5221908,520001,Goiânia,5201,Goiânia,3716
96415,GO,VIANÓPOLIS,5222005,520002,Anápolis,5201,Goiânia,14956
96571,GO,VICENTINÓPOLIS,5222054,520009,Piracanjuba,5202,Itumbiara,8768
93289,GO,VILA BOA,5222203,520022,Flores de Goiás,5206,Luziânia - Águas Lindas de Goiás,4215
93505,GO,VILA PROPÍCIO,5222302,520018,Ceres - Rialma - Goianésia,5205,Porangatu - Uruaçu,5815
96938,GO,ÁGUA FRIA DE GOIÁS,5200175,520022,Flores de Goiás,5206,Luziânia - Águas Lindas de Goiás,4954
92037,GO,ÁGUA LIMPA,5200209,520008,Caldas Novas-Morrinhos,5202,Itumbiara,1858
93343,GO,ÁGUAS LINDAS DE GOIÁS,5200258,520020,Águas Lindas de Goiás,5206,Luziânia - Águas Lindas de Goiás,225693
07013,MA,AFONSO CUNHA,2100105,210013,Caxias,2103,Caxias,6144
07030,MA,ALCÂNTARA,2100204,210001,São Luís,2101,São Luís,18467
07056,MA,ALDEIAS ALTAS,2100303,210013,Caxias,2103,Caxias,23286
07072,MA,ALTAMIRA DO MARANHÃO,2100402,210010,Bacabal,2102,Santa Inês - Bacabal,6447
07021,MA,ALTO ALEGRE DO MARANHÃO,2100436,210010,Bacabal,2102,Santa Inês - Bacabal,24048
07048,MA,ALTO ALEGRE DO PINDARÉ,2100477,210009,Santa Inês,2102,Santa Inês - Bacabal,25710
07099,MA,ALTO PARNAÍBA,2100501,210022,Balsas,2105,Imperatriz,11109
07080,MA,AMAPÁ DO MARANHÃO,2100550,210011,Governador Nunes Freire,2102,Santa Inês - Bacabal,7170
07110,MA,AMARANTE DO MARANHÃO,2100600,210019,Imperatriz,2105,Imperatriz,37085
07137,MA,ANAJATUBA,2100709,210004,Itapecuru Mirim,2101,São Luís,25322
07153,MA,ANAPURUS,2100808,210003,Chapadinha,2101,São Luís,13793
07064,MA,APICUM-AÇU,2100832,210008,Cururupu,2101,São Luís,17519
07102,MA,ARAGUANÃ,2100873,210009,Santa Inês,2102,Santa Inês - Bacabal,11181
07170,MA,ARAIOSES,2100907,210007,Tutóia - Araioses,2101,São Luís,39052
09679,MA,ARAME,2100956,210020,Barra do Corda,2105,Imperatriz,25517
07196,MA,ARARI,2101004,210005,Viana,2101,São Luís,29472
07218,MA,AXIXÁ,2101103,210001,São Luís,2101,São Luís,11790
09610,MA,AÇAILÂNDIA,2100055,210021,Açailândia,2105,Imperatriz,106550
07234,MA,BACABAL,2101202,210010,Bacabal,2102,Santa Inês - Bacabal,103711
07129,MA,BACABEIRA,2101251,210001,São Luís,2101,São Luís,16966
07250,MA,BACURI,2101301,210008,Cururupu,2101,São Luís,16290
07145,MA,BACURITUBA,2101350,210002,Pinheiro,2101,São Luís,5252
07277,MA,BALSAS,2101400,210022,Balsas,2105,Imperatriz,101767
07315,MA,BARRA DO CORDA,2101608,210020,Barra do Corda,2105,Imperatriz,84532
07331,MA,BARREIRINHAS,2101707,210006,Barreirinhas,2101,São Luís,65589
07293,MA,BARÃO DE GRAJAÚ,2101509,210017,São João dos Patos,2104,Presidente Dutra,18984
07188,MA,BELA VISTA DO MARANHÃO,2101772,210009,Santa Inês,2102,Santa Inês - Bacabal,11750
07161,MA,BELÁGUA,2101731,210003,Chapadinha,2101,São Luís,8460
07358,MA,BENEDITO LEITE,2101806,210017,São João dos Patos,2104,Presidente Dutra,5469
07374,MA,BEQUIMÃO,2101905,210002,Pinheiro,2101,São Luís,19584
07200,MA,BERNARDO DO MEARIM,2101939,210012,Pedreiras,2102,Santa Inês - Bacabal,5840
07323,MA,BOA VISTA DO GURUPI,2101970,210011,Governador Nunes Freire,2102,Santa Inês - Bacabal,7574
09555,MA,BOM JARDIM,2102002,210009,Santa Inês,2102,Santa Inês - Bacabal,33100
07269,MA,BOM JESUS DAS SELVAS,2102036,210021,Açailândia,2105,Imperatriz,28599
07285,MA,BOM LUGAR,2102077,210010,Bacabal,2102,Santa Inês - Bacabal,12212
07390,MA,BREJO,2102101,210003,Chapadinha,2101,São Luís,34120
07307,MA,BREJO DE AREIA,2102150,210010,Bacabal,2102,Santa Inês - Bacabal,9218
07412,MA,BURITI,2102200,210003,Chapadinha,2101,São Luís,29685
07439,MA,BURITI BRAVO,2102309,210014,Timon,2103,Caxias,22455
07340,MA,BURITICUPU,2102325,210021,Açailândia,2105,Imperatriz,55499
07366,MA,BURITIRANA,2102358,210019,Imperatriz,2105,Imperatriz,12918
07226,MA,CACHOEIRA GRANDE,2102374,210001,São Luís,2101,São Luís,9732
07455,MA,CAJAPIÓ,2102408,210005,Viana,2101,São Luís,10121
07471,MA,CAJARI,2102507,210005,Viana,2101,São Luís,16412
07382,MA,CAMPESTRE DO MARANHÃO,2102556,210019,Imperatriz,2105,Imperatriz,12301
07510,MA,CANTANHEDE,2102705,210004,Itapecuru Mirim,2101,São Luís,24303
07404,MA,CAPINZAL DO NORTE,2102754,210012,Pedreiras,2102,Santa Inês - Bacabal,11374
07536,MA,CAROLINA,2102804,210022,Balsas,2105,Imperatriz,24062
07552,MA,CARUTAPERA,2102903,210011,Governador Nunes Freire,2102,Santa Inês - Bacabal,24238
07579,MA,CAXIAS,2103000,210013,Caxias,2103,Caxias,156973
07595,MA,CEDRAL,2103109,210008,Cururupu,2101,São Luís,10208
07420,MA,CENTRAL DO MARANHÃO,2103125,210008,Cururupu,2101,São Luís,7094
07447,MA,CENTRO DO GUILHERME,2103158,210011,Governador Nunes Freire,2102,Santa Inês - Bacabal,12342
07463,MA,CENTRO NOVO DO MARANHÃO,2103174,210011,Governador Nunes Freire,2102,Santa Inês - Bacabal,16267
07617,MA,CHAPADINHA,2103208,210003,Chapadinha,2101,São Luís,81386
07480,MA,CIDELÂNDIA,2103257,210019,Imperatriz,2105,Imperatriz,12878
07633,MA,CODÓ,2103307,210015,Codó,2103,Caxias,114275
07650,MA,COELHO NETO,2103406,210013,Caxias,2103,Caxias,41658
07676,MA,COLINAS,2103505,210018,Colinas,2104,Presidente Dutra,40316
07501,MA,CONCEIÇÃO DO LAGO-AÇU,2103554,210010,Bacabal,2102,Santa Inês - Bacabal,14915
07692,MA,COROATÁ,2103604,210015,Codó,2103,Caxias,59566
07714,MA,CURURUPU,2103703,210008,Cururupu,2101,São Luís,31558
07498,MA,CÂNDIDO MENDES,2102606,210011,Governador Nunes Freire,2102,Santa Inês - Bacabal,19932
07242,MA,DAVINÓPOLIS,2103752,210019,Imperatriz,2105,Imperatriz,14404
07730,MA,DOM PEDRO,2103802,210016,Presidente Dutra,2104,Presidente Dutra,23053
07757,MA,DUQUE BACELAR,2103901,210013,Caxias,2103,Caxias,10223
07773,MA,ESPERANTINÓPOLIS,2104008,210012,Pedreiras,2102,Santa Inês - Bacabal,18311
09636,MA,ESTREITO,2104057,210019,Imperatriz,2105,Imperatriz,33294
07528,MA,FEIRA NOVA DO MARANHÃO,2104073,210022,Balsas,2105,Imperatriz,8048
07544,MA,FERNANDO FALCÃO,2104081,210020,Barra do Corda,2105,Imperatriz,10873
07560,MA,FORMOSA DA SERRA NEGRA,2104099,210020,Barra do Corda,2105,Imperatriz,17719
07790,MA,FORTALEZA DOS NOGUEIRAS,2104107,210022,Balsas,2105,Imperatriz,12640
07811,MA,FORTUNA,2104206,210016,Presidente Dutra,2104,Presidente Dutra,16976
07838,MA,GODOFREDO VIANA,2104305,210011,Governador Nunes Freire,2102,Santa Inês - Bacabal,10186
07854,MA,GONÇALVES DIAS,2104404,210016,Presidente Dutra,2104,Presidente Dutra,17206
07870,MA,GOVERNADOR ARCHER,2104503,210016,Presidente Dutra,2104,Presidente Dutra,10231
07609,MA,GOVERNADOR EDISON LOBÃO,2104552,210019,Imperatriz,2105,Imperatriz,18411
07897,MA,GOVERNADOR EUGÊNIO BARROS,2104602,210016,Presidente Dutra,2104,Presidente Dutra,13930
07625,MA,GOVERNADOR LUIZ ROCHA,2104628,210016,Presidente Dutra,2104,Presidente Dutra,7063
07641,MA,GOVERNADOR NEWTON BELLO,2104651,210009,Santa Inês,2102,Santa Inês - Bacabal,10713
07668,MA,GOVERNADOR NUNES FREIRE,2104677,210011,Governador Nunes Freire,2102,Santa Inês - Bacabal,23128
07935,MA,GRAJAÚ,2104800,210020,Barra do Corda,2105,Imperatriz,73872
07919,MA,GRAÇA ARANHA,2104701,210016,Presidente Dutra,2104,Presidente Dutra,6023
07951,MA,GUIMARÃES,2104909,210008,Cururupu,2101,São Luís,10290
07978,MA,HUMBERTO DE CAMPOS,2105005,210006,Barreirinhas,2101,São Luís,25680
07994,MA,ICATU,2105104,210001,São Luís,2101,São Luís,24794
07684,MA,IGARAPÉ DO MEIO,2105153,210009,Santa Inês,2102,Santa Inês - Bacabal,13974
08010,MA,IGARAPÉ GRANDE,2105203,210012,Pedreiras,2102,Santa Inês - Bacabal,10231
08036,MA,IMPERATRIZ,2105302,210019,Imperatriz,2105,Imperatriz,273110
07706,MA,ITAIPAVA DO GRAJAÚ,2105351,210020,Barra do Corda,2105,Imperatriz,13828
08079,MA,ITAPECURU MIRIM,2105401,210004,Itapecuru Mirim,2101,São Luís,60440
07722,MA,ITINGA DO MARANHÃO,2105427,210021,Açailândia,2105,Imperatriz,22513
07749,MA,JATOBÁ,2105450,210018,Colinas,2104,Presidente Dutra,7471
07765,MA,JENIPAPO DOS VIEIRAS,2105476,210020,Barra do Corda,2105,Imperatriz,17076
08117,MA,JOSELÂNDIA,2105609,210012,Pedreiras,2102,Santa Inês - Bacabal,14924
08095,MA,JOÃO LISBOA,2105500,210019,Imperatriz,2105,Imperatriz,24709
07781,MA,JUNCO DO MARANHÃO,2105658,210011,Governador Nunes Freire,2102,Santa Inês - Bacabal,5146
08133,MA,LAGO DA PEDRA,2105708,210010,Bacabal,2102,Santa Inês - Bacabal,44403
08150,MA,LAGO DO JUNCO,2105807,210012,Pedreiras,2102,Santa Inês - Bacabal,9506
07803,MA,LAGO DOS RODRIGUES,2105948,210012,Pedreiras,2102,Santa Inês - Bacabal,8758
08176,MA,LAGO VERDE,2105906,210010,Bacabal,2102,Santa Inês - Bacabal,14769
07820,MA,LAGOA DO MATO,2105922,210017,São João dos Patos,2104,Presidente Dutra,10572
07846,MA,LAGOA GRANDE DO MARANHÃO,2105963,210010,Bacabal,2102,Santa Inês - Bacabal,11411
07862,MA,LAJEADO NOVO,2105989,210019,Imperatriz,2105,Imperatriz,7057
08192,MA,LIMA CAMPOS,2106003,210012,Pedreiras,2102,Santa Inês - Bacabal,11297
08214,MA,LORETO,2106102,210022,Balsas,2105,Imperatriz,11597
08230,MA,LUÍS DOMINGUES,2106201,210011,Governador Nunes Freire,2102,Santa Inês - Bacabal,7161
08257,MA,MAGALHÃES DE ALMEIDA,2106300,210007,Tutóia - Araioses,2101,São Luís,13807
07889,MA,MARACAÇUMÉ,2106326,210011,Governador Nunes Freire,2102,Santa Inês - Bacabal,21149
07900,MA,MARAJÁ DO SENA,2106359,210010,Bacabal,2102,Santa Inês - Bacabal,7027
07927,MA,MARANHÃOZINHO,2106375,210011,Governador Nunes Freire,2102,Santa Inês - Bacabal,13761
08273,MA,MATA ROMA,2106409,210003,Chapadinha,2101,São Luís,17090
08290,MA,MATINHA,2106508,210005,Viana,2101,São Luís,22034
08311,MA,MATÕES,2106607,210014,Timon,2103,Caxias,32174
07943,MA,MATÕES DO NORTE,2106631,210004,Itapecuru Mirim,2101,São Luís,17432
07960,MA,MILAGRES DO MARANHÃO,2106672,210003,Chapadinha,2101,São Luís,8818
08338,MA,MIRADOR,2106706,210018,Colinas,2104,Presidente Dutra,21030
09695,MA,MIRANDA DO NORTE,2106755,210004,Itapecuru Mirim,2101,São Luís,23864
08354,MA,MIRINZAL,2106805,210008,Cururupu,2101,São Luís,13978
08397,MA,MONTES ALTOS,2107001,210019,Imperatriz,2105,Imperatriz,9106
08370,MA,MONÇÃO,2106904,210009,Santa Inês,2102,Santa Inês - Bacabal,27751
08419,MA,MORROS,2107100,210001,São Luís,2101,São Luís,18554
08435,MA,NINA RODRIGUES,2107209,210004,Itapecuru Mirim,2101,São Luís,14176
07986,MA,NOVA COLINAS,2107258,210022,Balsas,2105,Imperatriz,5021
08451,MA,NOVA IORQUE,2107308,210017,São João dos Patos,2104,Presidente Dutra,4320
08001,MA,NOVA OLINDA DO MARANHÃO,2107357,210009,Santa Inês,2102,Santa Inês - Bacabal,14314
08478,MA,OLHO D'ÁGUA DAS CUNHÃS,2107407,210010,Bacabal,2102,Santa Inês - Bacabal,17919
08028,MA,OLINDA NOVA DO MARANHÃO,2107456,210005,Viana,2101,São Luís,13577
08516,MA,PALMEIRÂNDIA,2107605,210002,Pinheiro,2101,São Luís,21059
08532,MA,PARAIBANO,2107704,210017,São João dos Patos,2104,Presidente Dutra,18274
08559,MA,PARNARAMA,2107803,210014,Timon,2103,Caxias,31250
08575,MA,PASSAGEM FRANCA,2107902,210017,São João dos Patos,2104,Presidente Dutra,17220
08591,MA,PASTOS BONS,2108009,210017,São João dos Patos,2104,Presidente Dutra,18802
08044,MA,PAULINO NEVES,2108058,210007,Tutóia - Araioses,2101,São Luís,17056
09598,MA,PAULO RAMOS,2108108,210010,Bacabal,2102,Santa Inês - Bacabal,20341
08494,MA,PAÇO DO LUMIAR,2107506,210001,São Luís,2101,São Luís,145643
08613,MA,PEDREIRAS,2108207,210012,Pedreiras,2102,Santa Inês - Bacabal,37050
08060,MA,PEDRO DO ROSÁRIO,2108256,210002,Pinheiro,2101,São Luís,24320
08630,MA,PENALVA,2108306,210005,Viana,2101,São Luís,32511
08656,MA,PERI MIRIM,2108405,210002,Pinheiro,2101,São Luís,11108
08087,MA,PERITORÓ,2108454,210015,Codó,2103,Caxias,20479
08672,MA,PINDARÉ-MIRIM,2108504,210009,Santa Inês,2102,Santa Inês - Bacabal,31429
08699,MA,PINHEIRO,2108603,210002,Pinheiro,2101,São Luís,84621
08710,MA,PIO XII,2108702,210009,Santa Inês,2102,Santa Inês - Bacabal,21886
08737,MA,PIRAPEMAS,2108801,210004,Itapecuru Mirim,2101,São Luís,17714
08770,MA,PORTO FRANCO,2109007,210019,Imperatriz,2105,Imperatriz,23903
08109,MA,PORTO RICO DO MARANHÃO,2109056,210008,Cururupu,2101,São Luís,5954
08753,MA,POÇÃO DE PEDRAS,2108900,210012,Pedreiras,2102,Santa Inês - Bacabal,17161
08796,MA,PRESIDENTE DUTRA,2109106,210016,Presidente Dutra,2104,Presidente Dutra,45155
08818,MA,PRESIDENTE JUSCELINO,2109205,210001,São Luís,2101,São Luís,11356
08125,MA,PRESIDENTE MÉDICI,2109239,210011,Governador Nunes Freire,2102,Santa Inês - Bacabal,4696
08141,MA,PRESIDENTE SARNEY,2109270,210002,Pinheiro,2101,São Luís,17511
08834,MA,PRESIDENTE VARGAS,2109304,210004,Itapecuru Mirim,2101,São Luís,10549
08850,MA,PRIMEIRA CRUZ,2109403,210006,Barreirinhas,2101,São Luís,13614
08168,MA,RAPOSA,2109452,210001,São Luís,2101,São Luís,30839
08877,MA,RIACHÃO,2109502,210022,Balsas,2105,Imperatriz,22145
08184,MA,RIBAMAR FIQUENE,2109551,210019,Imperatriz,2105,Imperatriz,7420
08915,MA,ROSÁRIO,2109601,210001,São Luís,2101,São Luís,38475
08931,MA,SAMBAÍBA,2109700,210022,Balsas,2105,Imperatriz,5568
08206,MA,SANTA FILOMENA DO MARANHÃO,2109759,210016,Presidente Dutra,2104,Presidente Dutra,6697
08958,MA,SANTA HELENA,2109809,210002,Pinheiro,2101,São Luís,41561
09571,MA,SANTA INÊS,2109908,210009,Santa Inês,2102,Santa Inês - Bacabal,85014
08974,MA,SANTA LUZIA,2110005,210009,Santa Inês,2102,Santa Inês - Bacabal,57635
09652,MA,SANTA LUZIA DO PARUÁ,2110039,210011,Governador Nunes Freire,2102,Santa Inês - Bacabal,24307
08990,MA,SANTA QUITÉRIA DO MARANHÃO,2110104,210003,Chapadinha,2101,São Luís,23957
09016,MA,SANTA RITA,2110203,210001,São Luís,2101,São Luís,37035
08222,MA,SANTANA DO MARANHÃO,2110237,210007,Tutóia - Araioses,2101,São Luís,10567
08249,MA,SANTO AMARO DO MARANHÃO,2110278,210006,Barreirinhas,2101,São Luís,13949
09032,MA,SANTO ANTÔNIO DOS LOPES,2110302,210012,Pedreiras,2102,Santa Inês - Bacabal,14304
08460,MA,SATUBINHA,2111722,210010,Bacabal,2102,Santa Inês - Bacabal,8784
08486,MA,SENADOR ALEXANDRE COSTA,2111748,210016,Presidente Dutra,2104,Presidente Dutra,10207
08508,MA,SENADOR LA ROCQUE,2111763,210019,Imperatriz,2105,Imperatriz,14700
08524,MA,SERRANO DO MARANHÃO,2111789,210008,Cururupu,2101,São Luís,10202
09318,MA,SUCUPIRA DO NORTE,2111904,210018,Colinas,2104,Presidente Dutra,10238
08540,MA,SUCUPIRA DO RIACHÃO,2111953,210017,São João dos Patos,2104,Presidente Dutra,4985
09059,MA,SÃO BENEDITO DO RIO PRETO,2110401,210003,Chapadinha,2101,São Luís,18364
09075,MA,SÃO BENTO,2110500,210002,Pinheiro,2101,São Luís,46395
09091,MA,SÃO BERNARDO,2110609,210007,Tutóia - Araioses,2101,São Luís,26943
08265,MA,SÃO DOMINGOS DO AZEITÃO,2110658,210017,São João dos Patos,2104,Presidente Dutra,7992
09113,MA,SÃO DOMINGOS DO MARANHÃO,2110708,210016,Presidente Dutra,2104,Presidente Dutra,34034
08281,MA,SÃO FRANCISCO DO BREJÃO,2110856,210021,Açailândia,2105,Imperatriz,9051
09156,MA,SÃO FRANCISCO DO MARANHÃO,2110906,210017,São João dos Patos,2104,Presidente Dutra,12064
09130,MA,SÃO FÉLIX DE BALSAS,2110807,210022,Balsas,2105,Imperatriz,4402
08893,MA,SÃO JOSÉ DE RIBAMAR,2111201,210001,São Luís,2101,São Luís,244579
08362,MA,SÃO JOSÉ DOS BASÍLIOS,2111250,210016,Presidente Dutra,2104,Presidente Dutra,6957
09172,MA,SÃO JOÃO BATISTA,2111003,210005,Viana,2101,São Luís,18544
08303,MA,SÃO JOÃO DO CARÚ,2111029,210009,Santa Inês,2102,Santa Inês - Bacabal,12251
08320,MA,SÃO JOÃO DO PARAÍSO,2111052,210019,Imperatriz,2105,Imperatriz,9904
08346,MA,SÃO JOÃO DO SOTER,2111078,210013,Caxias,2103,Caxias,16889
09199,MA,SÃO JOÃO DOS PATOS,2111102,210017,São João dos Patos,2104,Presidente Dutra,25020
09210,MA,SÃO LUÍS,2111300,210001,São Luís,2101,São Luís,1037775
08052,MA,SÃO LUÍS GONZAGA DO MARANHÃO,2111409,210010,Bacabal,2102,Santa Inês - Bacabal,17818
09237,MA,SÃO MATEUS DO MARANHÃO,2111508,210010,Bacabal,2102,Santa Inês - Bacabal,38829
08389,MA,SÃO PEDRO DA ÁGUA BRANCA,2111532,210019,Imperatriz,2105,Imperatriz,14338
08400,MA,SÃO PEDRO DOS CRENTES,2111573,210020,Barra do Corda,2105,Imperatriz,5783
09253,MA,SÃO RAIMUNDO DAS MANGABEIRAS,2111607,210022,Balsas,2105,Imperatriz,18672
08427,MA,SÃO RAIMUNDO DO DOCA BEZERRA,2111631,210012,Pedreiras,2102,Santa Inês - Bacabal,5650
08443,MA,SÃO ROBERTO,2111672,210012,Pedreiras,2102,Santa Inês - Bacabal,4544
09270,MA,SÃO VICENTE FERRER,2111706,210005,Viana,2101,São Luís,19498
09296,MA,SÍTIO NOVO,2111805,210020,Barra do Corda,2105,Imperatriz,17074
09334,MA,TASSO FRAGOSO,2112001,210022,Balsas,2105,Imperatriz,8862
09350,MA,TIMBIRAS,2112100,210015,Codó,2103,Caxias,26484
09377,MA,TIMON,2112209,210014,Timon,2103,Caxias,174465
08567,MA,TRIZIDELA DO VALE,2112233,210012,Pedreiras,2102,Santa Inês - Bacabal,22484
08583,MA,TUFILÂNDIA,2112274,210009,Santa Inês,2102,Santa Inês - Bacabal,5507
09393,MA,TUNTUM,2112308,210016,Presidente Dutra,2104,Presidente Dutra,36251
09415,MA,TURIAÇU,2112407,210002,Pinheiro,2101,São Luís,37491
08605,MA,TURILÂNDIA,2112456,210002,Pinheiro,2101,São Luís,31638
09431,MA,TUTÓIA,2112506,210007,Tutóia - Araioses,2101,São Luís,53356
09458,MA,URBANO SANTOS,2112605,210003,Chapadinha,2101,São Luís,32812
09474,MA,VARGEM GRANDE,2112704,210004,Itapecuru Mirim,2101,São Luís,43261
09490,MA,VIANA,2112803,210005,Viana,2101,São Luís,51442
08621,MA,VILA NOVA DOS MARTÍRIOS,2112852,210019,Imperatriz,2105,Imperatriz,10362
09539,MA,VITORINO FREIRE,2113009,210010,Bacabal,2102,Santa Inês - Bacabal,30845
09512,MA,VITÓRIA DO MEARIM,2112902,210005,Viana,2101,São Luís,30805
09717,MA,ZÉ DOCA,2114007,210009,Santa Inês,2102,Santa Inês - Bacabal,40801
07005,MA,ÁGUA DOCE DO MARANHÃO,2100154,210007,Tutóia - Araioses,2101,São Luís,12142
40010,MG,ABADIA DOS DOURADOS,3100104,310061,Monte Carmelo,3111,Uberlândia,6272
40037,MG,ABAETÉ,3100203,310070,Abaeté,3113,Divinópolis,22675
40053,MG,ABRE CAMPO,3100302,310028,Manhuaçu,3106,Juíz de Fora,13927
40070,MG,ACAIACA,3100401,310030,Ponte Nova,3106,Juíz de Fora,3909
40150,MG,AGUANIL,3100807,310048,Campo Belo,3108,Varginha,4357
40215,MG,AIMORÉS,3101102,310023,Aimorés - Resplendor,3104,Governador Valadares,25269
40231,MG,AIURUOCA,3101201,310054,Caxambu - Baependi,3109,Pouso Alegre,6233
40258,MG,ALAGOA,3101300,310053,São Lourenço,3109,Pouso Alegre,2749
40274,MG,ALBERTINA,3101409,310050,Pouso Alegre,3109,Pouso Alegre,2952
40312,MG,ALFENAS,3101607,310042,Alfenas,3108,Varginha,78970
40002,MG,ALFREDO VASCONCELOS,3101631,310037,Barbacena,3107,Barbacena,6931
40339,MG,ALMENARA,3101706,310015,Almenara,3103,Teófilo Otoni,40364
40355,MG,ALPERCATA,3101805,310020,Governador Valadares,3104,Governador Valadares,6903
40371,MG,ALPINÓPOLIS,3101904,310041,Passos,3108,Varginha,18300
40398,MG,ALTEROSA,3102001,310042,Alfenas,3108,Varginha,13915
41661,MG,ALTO CAPARAÓ,3102050,310028,Manhuaçu,3106,Juíz de Fora,5795
50695,MG,ALTO JEQUITIBÁ,3153509,310028,Manhuaçu,3106,Juíz de Fora,8397
40410,MG,ALTO RIO DOCE,3102100,310037,Barbacena,3107,Barbacena,10891
40436,MG,ALVARENGA,3102209,310025,Caratinga,3105,Ipatinga,3975
40452,MG,ALVINÓPOLIS,3102308,310030,Ponte Nova,3106,Juíz de Fora,15059
40479,MG,ALVORADA DE MINAS,3102407,310016,Diamantina,3103,Teófilo Otoni,4159
40290,MG,ALÉM PARAÍBA,3101508,310036,Além Paraíba,3106,Juíz de Fora,30717
40495,MG,AMPARO DO SERRA,3102506,310030,Ponte Nova,3106,Juíz de Fora,4541
40517,MG,ANDRADAS,3102605,310051,Poços de Caldas,3109,Pouso Alegre,40553
40550,MG,ANDRELÂNDIA,3102803,310027,Juiz de Fora,3106,Juíz de Fora,11927
41688,MG,ANGELÂNDIA,3102852,310014,Capelinha,3103,Teófilo Otoni,7718
40576,MG,ANTÔNIO CARLOS,3102902,310037,Barbacena,3107,Barbacena,11095
40592,MG,ANTÔNIO DIAS,3103009,310024,Ipatinga,3105,Ipatinga,9219
40614,MG,ANTÔNIO PRADO DE MINAS,3103108,310031,Muriaé,3106,Juíz de Fora,1538
40657,MG,ARACITABA,3103306,310027,Juiz de Fora,3106,Juíz de Fora,2049
40690,MG,ARAGUARI,3103504,310059,Uberlândia,3111,Uberlândia,117808
40711,MG,ARANTINA,3103603,310027,Juiz de Fora,3106,Juíz de Fora,2915
40738,MG,ARAPONGA,3103702,310033,Viçosa,3106,Juíz de Fora,8048
40029,MG,ARAPORÃ,3103751,310059,Uberlândia,3111,Uberlândia,8479
40754,MG,ARAPUÁ,3103801,310062,Patos de Minas,3112,Patos de Minas,2631
40797,MG,ARAXÁ,3104007,310056,Araxá,3110,Uberaba,111691
40630,MG,ARAÇAÍ,3103207,310002,Sete Lagoas,3101,Belo Horizonte,2181
40673,MG,ARAÇUAÍ,3103405,310017,Araçuaí,3103,Teófilo Otoni,34297
40770,MG,ARAÚJOS,3103900,310065,Divinópolis,3113,Divinópolis,9199
40819,MG,ARCEBURGO,3104106,310044,Guaxupé,3108,Varginha,9177
40835,MG,ARCOS,3104205,310066,Formiga,3113,Divinópolis,41416
40851,MG,AREADO,3104304,310042,Alfenas,3108,Varginha,13881
40878,MG,ARGIRITA,3104403,310032,Cataguases,3106,Juíz de Fora,2688
41700,MG,ARICANDUVA,3104452,310014,Capelinha,3103,Teófilo Otoni,4719
40894,MG,ARINOS,3104502,310063,Unaí,3112,Patos de Minas,17272
40916,MG,ASTOLFO DUTRA,3104601,310032,Cataguases,3106,Juíz de Fora,14138
40932,MG,ATALÉIA,3104700,310013,Teófilo Otoni,3103,Teófilo Otoni,13736
40959,MG,AUGUSTO DE LIMA,3104809,310004,Curvelo,3101,Belo Horizonte,4538
40096,MG,AÇUCENA,3100500,310024,Ipatinga,3105,Ipatinga,8943
40975,MG,BAEPENDI,3104908,310054,Caxambu - Baependi,3109,Pouso Alegre,18366
40991,MG,BALDIM,3105004,310002,Sete Lagoas,3101,Belo Horizonte,7492
41017,MG,BAMBUÍ,3105103,310066,Formiga,3113,Divinópolis,23546
41033,MG,BANDEIRA,3105202,310015,Almenara,3103,Teófilo Otoni,4741
41050,MG,BANDEIRA DO SUL,3105301,310051,Poços de Caldas,3109,Pouso Alegre,5943
41114,MG,BARBACENA,3105608,310037,Barbacena,3107,Barbacena,125317
41130,MG,BARRA LONGA,3105707,310030,Ponte Nova,3106,Juíz de Fora,5666
41173,MG,BARROSO,3105905,310037,Barbacena,3107,Barbacena,20080
41076,MG,BARÃO DE COCAIS,3105400,310003,Santa Bárbara - Ouro Preto,3101,Belo Horizonte,30778
41092,MG,BARÃO DE MONTE ALTO,3105509,310031,Muriaé,3106,Juíz de Fora,4964
41190,MG,BELA VISTA DE MINAS,3106002,310026,João Monlevade,3105,Ipatinga,10167
41211,MG,BELMIRO BRAGA,3106101,310027,Juiz de Fora,3106,Juíz de Fora,3244
41238,MG,BELO HORIZONTE,3106200,310001,Belo Horizonte,3101,Belo Horizonte,2315560
41254,MG,BELO ORIENTE,3106309,310024,Ipatinga,3105,Ipatinga,23928
41270,MG,BELO VALE,3106408,310038,Conselheiro Lafaiete,3107,Barbacena,8627
41297,MG,BERILO,3106507,310017,Araçuaí,3103,Teófilo Otoni,9826
41726,MG,BERIZAL,3106655,310008,Salinas,3102,Montes Claros,4201
41319,MG,BERTÓPOLIS,3106606,310019,Águas Formosas,3103,Teófilo Otoni,4451
41335,MG,BETIM,3106705,310001,Belo Horizonte,3101,Belo Horizonte,411846
41351,MG,BIAS FORTES,3106804,310027,Juiz de Fora,3106,Juíz de Fora,3361
41378,MG,BICAS,3106903,310035,São João Nepomuceno - Bicas,3106,Juíz de Fora,13978
41394,MG,BIQUINHAS,3107000,310070,Abaeté,3113,Divinópolis,2383
41416,MG,BOA ESPERANÇA,3107109,310046,Três Pontas - Boa Esperança,3108,Varginha,39848
41432,MG,BOCAINA DE MINAS,3107208,310027,Juiz de Fora,3106,Juíz de Fora,5348
41459,MG,BOCAIÚVA,3107307,310006,Montes Claros,3102,Montes Claros,48032
41475,MG,BOM DESPACHO,3107406,310067,Dores do Indaiá,3113,Divinópolis,51737
41491,MG,BOM JARDIM DE MINAS,3107505,310027,Juiz de Fora,3106,Juíz de Fora,6783
41513,MG,BOM JESUS DA PENHA,3107604,310041,Passos,3108,Varginha,4474
41530,MG,BOM JESUS DO AMPARO,3107703,310005,Itabira,3101,Belo Horizonte,5631
41556,MG,BOM JESUS DO GALHO,3107802,310025,Caratinga,3105,Ipatinga,14536
41572,MG,BOM REPOUSO,3107901,310050,Pouso Alegre,3109,Pouso Alegre,12649
41599,MG,BOM SUCESSO,3108008,310043,Lavras,3108,Varginha,17151
41610,MG,BONFIM,3108107,310069,Oliveira,3113,Divinópolis,7434
41637,MG,BONFINÓPOLIS DE MINAS,3108206,310063,Unaí,3112,Patos de Minas,5528
41742,MG,BONITO DE MINAS,3108255,310009,Januária,3102,Montes Claros,10204
41653,MG,BORDA DA MATA,3108305,310050,Pouso Alegre,3109,Pouso Alegre,17404
41670,MG,BOTELHOS,3108404,310051,Poços de Caldas,3109,Pouso Alegre,14828
41696,MG,BOTUMIRIM,3108503,310006,Montes Claros,3102,Montes Claros,5790
40045,MG,BRASILÂNDIA DE MINAS,3108552,310062,Patos de Minas,3112,Patos de Minas,15020
41718,MG,BRASÍLIA DE MINAS,3108602,310006,Montes Claros,3102,Montes Claros,32025
41777,MG,BRAZÓPOLIS,3108909,310052,Itajubá,3109,Pouso Alegre,14246
41750,MG,BRAÚNAS,3108800,310024,Ipatinga,3105,Ipatinga,4441
41793,MG,BRUMADINHO,3109006,310001,Belo Horizonte,3101,Belo Horizonte,38915
41734,MG,BRÁS PIRES,3108701,310029,Ubá,3106,Juíz de Fora,4260
41815,MG,BUENO BRANDÃO,3109105,310050,Pouso Alegre,3109,Pouso Alegre,10911
41831,MG,BUENÓPOLIS,3109204,310004,Curvelo,3101,Belo Horizonte,9150
41769,MG,BUGRE,3109253,310024,Ipatinga,3105,Ipatinga,4041
41858,MG,BURITIS,3109303,310063,Unaí,3112,Patos de Minas,24030
41874,MG,BURITIZEIRO,3109402,310010,Pirapora,3102,Montes Claros,23910
41785,MG,CABECEIRA GRANDE,3109451,310063,Unaí,3112,Patos de Minas,6627
41890,MG,CABO VERDE,3109501,310044,Guaxupé,3108,Varginha,11410
41912,MG,CACHOEIRA DA PRATA,3109600,310002,Sete Lagoas,3101,Belo Horizonte,3693
41939,MG,CACHOEIRA DE MINAS,3109709,310050,Pouso Alegre,3109,Pouso Alegre,11883
40533,MG,CACHOEIRA DE PAJEÚ,3102704,310018,Pedra Azul,3103,Teófilo Otoni,9110
41955,MG,CACHOEIRA DOURADA,3109808,310060,Ituiutaba,3111,Uberlândia,2315
41971,MG,CAETANÓPOLIS,3109907,310002,Sete Lagoas,3101,Belo Horizonte,11435
41998,MG,CAETÉ,3110004,310001,Belo Horizonte,3101,Belo Horizonte,38776
42013,MG,CAIANA,3110103,310034,Carangola,3106,Juíz de Fora,5304
42030,MG,CAJURI,3110202,310033,Viçosa,3106,Juíz de Fora,4088
42056,MG,CALDAS,3110301,310051,Poços de Caldas,3109,Pouso Alegre,14217
42072,MG,CAMACHO,3110400,310065,Divinópolis,3113,Divinópolis,2838
42099,MG,CAMANDUCAIA,3110509,310050,Pouso Alegre,3109,Pouso Alegre,26097
42137,MG,CAMBUQUIRA,3110707,310045,Três Corações,3108,Varginha,12313
42110,MG,CAMBUÍ,3110608,310050,Pouso Alegre,3109,Pouso Alegre,29536
42170,MG,CAMPANHA,3110905,310045,Três Corações,3108,Varginha,15935
42153,MG,CAMPANÁRIO,3110806,310013,Teófilo Otoni,3103,Teófilo Otoni,2923
42196,MG,CAMPESTRE,3111002,310051,Poços de Caldas,3109,Pouso Alegre,20696
42218,MG,CAMPINA VERDE,3111101,310059,Uberlândia,3111,Uberlândia,18011
41807,MG,CAMPO AZUL,3111150,310006,Montes Claros,3102,Montes Claros,3714
42234,MG,CAMPO BELO,3111200,310048,Campo Belo,3108,Varginha,52277
42250,MG,CAMPO DO MEIO,3111309,310042,Alfenas,3108,Varginha,11377
42277,MG,CAMPO FLORIDO,3111408,310055,Uberaba,3110,Uberaba,8466
42293,MG,CAMPOS ALTOS,3111507,310056,Araxá,3110,Uberaba,12979
42315,MG,CAMPOS GERAIS,3111606,310042,Alfenas,3108,Varginha,26105
42374,MG,CANA VERDE,3111903,310043,Lavras,3108,Varginha,5272
42331,MG,CANAÃ,3111705,310033,Viçosa,3106,Juíz de Fora,4715
42390,MG,CANDEIAS,3112000,310048,Campo Belo,3108,Varginha,14001
41823,MG,CANTAGALO,3112059,310021,Guanhães,3104,Governador Valadares,3974
42358,MG,CANÁPOLIS,3111804,310059,Uberlândia,3111,Uberlândia,10608
42412,MG,CAPARAÓ,3112109,310028,Manhuaçu,3106,Juíz de Fora,5048
42439,MG,CAPELA NOVA,3112208,310038,Conselheiro Lafaiete,3107,Barbacena,4362
42455,MG,CAPELINHA,3112307,310014,Capelinha,3103,Teófilo Otoni,39626
42471,MG,CAPETINGA,3112406,310041,Passos,3108,Varginha,6562
42498,MG,CAPIM BRANCO,3112505,310002,Sete Lagoas,3101,Belo Horizonte,10663
42510,MG,CAPINÓPOLIS,3112604,310060,Ituiutaba,3111,Uberlândia,14655
40061,MG,CAPITÃO ANDRADE,3112653,310020,Governador Valadares,3104,Governador Valadares,4585
42536,MG,CAPITÃO ENÉAS,3112703,310006,Montes Claros,3102,Montes Claros,14108
42552,MG,CAPITÓLIO,3112802,310049,Piumhi,3108,Varginha,10380
42579,MG,CAPUTIRA,3112901,310028,Manhuaçu,3106,Juíz de Fora,8936
42617,MG,CARANAÍBA,3113107,310038,Conselheiro Lafaiete,3107,Barbacena,2933
42633,MG,CARANDAÍ,3113206,310038,Conselheiro Lafaiete,3107,Barbacena,23812
42650,MG,CARANGOLA,3113305,310034,Carangola,3106,Juíz de Fora,31240
42676,MG,CARATINGA,3113404,310025,Caratinga,3105,Ipatinga,87360
42595,MG,CARAÍ,3113008,310013,Teófilo Otoni,3103,Teófilo Otoni,19548
42692,MG,CARBONITA,3113503,310016,Diamantina,3103,Teófilo Otoni,8512
42714,MG,CAREAÇU,3113602,310050,Pouso Alegre,3109,Pouso Alegre,6816
42730,MG,CARLOS CHAGAS,3113701,310013,Teófilo Otoni,3103,Teófilo Otoni,18615
42773,MG,CARMO DA CACHOEIRA,3113909,310045,Três Corações,3108,Varginha,11547
42790,MG,CARMO DA MATA,3114006,310065,Divinópolis,3113,Divinópolis,11019
42811,MG,CARMO DE MINAS,3114105,310053,São Lourenço,3109,Pouso Alegre,13797
42838,MG,CARMO DO CAJURU,3114204,310065,Divinópolis,3113,Divinópolis,23479
42854,MG,CARMO DO PARANAÍBA,3114303,310062,Patos de Minas,3112,Patos de Minas,29011
42870,MG,CARMO DO RIO CLARO,3114402,310041,Passos,3108,Varginha,20954
42757,MG,CARMÉSIA,3113800,310005,Itabira,3101,Belo Horizonte,2605
42897,MG,CARMÓPOLIS DE MINAS,3114501,310069,Oliveira,3113,Divinópolis,18003
40088,MG,CARNEIRINHO,3114550,310058,Iturama,3110,Uberaba,9422
42919,MG,CARRANCAS,3114600,310043,Lavras,3108,Varginha,4049
42951,MG,CARVALHOS,3114808,310054,Caxambu - Baependi,3109,Pouso Alegre,4422
42935,MG,CARVALHÓPOLIS,3114709,310042,Alfenas,3108,Varginha,3341
42978,MG,CASA GRANDE,3114907,310038,Conselheiro Lafaiete,3107,Barbacena,2214
42994,MG,CASCALHO RICO,3115003,310059,Uberlândia,3111,Uberlândia,2712
43052,MG,CATAGUASES,3115300,310032,Cataguases,3106,Juíz de Fora,66261
41840,MG,CATAS ALTAS,3115359,310003,Santa Bárbara - Ouro Preto,3101,Belo Horizonte,5473
43079,MG,CATAS ALTAS DA NORUEGA,3115409,310038,Conselheiro Lafaiete,3107,Barbacena,3110
40100,MG,CATUJI,3115458,310013,Teófilo Otoni,3103,Teófilo Otoni,7030
41866,MG,CATUTI,3115474,310012,Espinosa,3102,Montes Claros,4739
43095,MG,CAXAMBU,3115508,310054,Caxambu - Baependi,3109,Pouso Alegre,21056
43117,MG,CEDRO DO ABAETÉ,3115607,310070,Abaeté,3113,Divinópolis,1081
43133,MG,CENTRAL DE MINAS,3115706,310022,Mantena,3104,Governador Valadares,6171
43150,MG,CENTRALINA,3115805,310059,Uberlândia,3111,Uberlândia,10207
43192,MG,CHALÉ,3116001,310028,Manhuaçu,3106,Juíz de Fora,6075
43214,MG,CHAPADA DO NORTE,3116100,310014,Capelinha,3103,Teófilo Otoni,10337
41882,MG,CHAPADA GAÚCHA,3116159,310011,São Francisco,3102,Montes Claros,12355
43230,MG,CHIADOR,3116209,310027,Juiz de Fora,3106,Juíz de Fora,2800
43176,MG,CHÁCARA,3115904,310027,Juiz de Fora,3106,Juíz de Fora,3075
43257,MG,CIPOTÂNEA,3116308,310037,Barbacena,3107,Barbacena,5581
43273,MG,CLARAVAL,3116407,310041,Passos,3108,Varginha,4658
43290,MG,CLARO DOS POÇÕES,3116506,310006,Montes Claros,3102,Montes Claros,7166
43311,MG,CLÁUDIO,3116605,310065,Divinópolis,3113,Divinópolis,30159
43338,MG,COIMBRA,3116704,310033,Viçosa,3106,Juíz de Fora,7117
43354,MG,COLUNA,3116803,310021,Guanhães,3104,Governador Valadares,8163
43370,MG,COMENDADOR GOMES,3116902,310057,Frutal,3110,Uberaba,2773
43397,MG,COMERCINHO,3117009,310018,Pedra Azul,3103,Teófilo Otoni,6660
43419,MG,CONCEIÇÃO DA APARECIDA,3117108,310042,Alfenas,3108,Varginha,10371
43036,MG,CONCEIÇÃO DA BARRA DE MINAS,3115201,310039,São João del Rei,3107,Barbacena,3560
43451,MG,CONCEIÇÃO DAS ALAGOAS,3117306,310055,Uberaba,3110,Uberaba,28381
43435,MG,CONCEIÇÃO DAS PEDRAS,3117207,310052,Itajubá,3109,Pouso Alegre,2772
43478,MG,CONCEIÇÃO DE IPANEMA,3117405,310028,Manhuaçu,3106,Juíz de Fora,4409
43494,MG,CONCEIÇÃO DO MATO DENTRO,3117504,310002,Sete Lagoas,3101,Belo Horizonte,23163
43516,MG,CONCEIÇÃO DO PARÁ,3117603,310065,Divinópolis,3113,Divinópolis,5415
43532,MG,CONCEIÇÃO DO RIO VERDE,3117702,310053,São Lourenço,3109,Pouso Alegre,12541
43559,MG,CONCEIÇÃO DOS OUROS,3117801,310050,Pouso Alegre,3109,Pouso Alegre,10880
41920,MG,CONFINS,3117876,310001,Belo Horizonte,3101,Belo Horizonte,7350
43575,MG,CONGONHAL,3117900,310050,Pouso Alegre,3109,Pouso Alegre,11083
43591,MG,CONGONHAS,3118007,310038,Conselheiro Lafaiete,3107,Barbacena,52890
43613,MG,CONGONHAS DO NORTE,3118106,310002,Sete Lagoas,3101,Belo Horizonte,4831
43630,MG,CONQUISTA,3118205,310055,Uberaba,3110,Uberaba,6694
43656,MG,CONSELHEIRO LAFAIETE,3118304,310038,Conselheiro Lafaiete,3107,Barbacena,131621
43672,MG,CONSELHEIRO PENA,3118403,310020,Governador Valadares,3104,Governador Valadares,20824
43699,MG,CONSOLAÇÃO,3118502,310050,Pouso Alegre,3109,Pouso Alegre,1563
43710,MG,CONTAGEM,3118601,310001,Belo Horizonte,3101,Belo Horizonte,621863
43737,MG,COQUEIRAL,3118700,310046,Três Pontas - Boa Esperança,3108,Varginha,9023
43753,MG,CORAÇÃO DE JESUS,3118809,310006,Montes Claros,3102,Montes Claros,25377
43770,MG,CORDISBURGO,3118908,310002,Sete Lagoas,3101,Belo Horizonte,7547
43796,MG,CORDISLÂNDIA,3119005,310040,Varginha,3108,Varginha,3200
43818,MG,CORINTO,3119104,310004,Curvelo,3101,Belo Horizonte,23532
43834,MG,COROACI,3119203,310020,Governador Valadares,3104,Governador Valadares,10884
43850,MG,COROMANDEL,3119302,310064,Patrocínio,3112,Patos de Minas,28894
43877,MG,CORONEL FABRICIANO,3119401,310024,Ipatinga,3105,Ipatinga,104736
43893,MG,CORONEL MURTA,3119500,310017,Araçuaí,3103,Teófilo Otoni,8200
43915,MG,CORONEL PACHECO,3119609,310027,Juiz de Fora,3106,Juíz de Fora,2762
43931,MG,CORONEL XAVIER CHAVES,3119708,310039,São João del Rei,3107,Barbacena,3486
44016,MG,COUTO DE MAGALHÃES DE MINAS,3120102,310016,Diamantina,3103,Teófilo Otoni,4245
44032,MG,CRISTAIS,3120201,310048,Campo Belo,3108,Varginha,12197
44075,MG,CRISTIANO OTONI,3120409,310038,Conselheiro Lafaiete,3107,Barbacena,4667
44091,MG,CRISTINA,3120508,310053,São Lourenço,3109,Pouso Alegre,10374
44059,MG,CRISTÁLIA,3120300,310006,Montes Claros,3102,Montes Claros,5121
41963,MG,CRISÓLITA,3120151,310019,Águas Formosas,3103,Teófilo Otoni,5265
44113,MG,CRUCILÂNDIA,3120607,310069,Oliveira,3113,Divinópolis,5434
44130,MG,CRUZEIRO DA FORTALEZA,3120706,310064,Patrocínio,3112,Patos de Minas,3521
44156,MG,CRUZÍLIA,3120805,310054,Caxambu - Baependi,3109,Pouso Alegre,15362
41980,MG,CUPARAQUE,3120839,310023,Aimorés - Resplendor,3104,Governador Valadares,3983
42005,MG,CURRAL DE DENTRO,3120870,310008,Salinas,3102,Montes Claros,7406
44172,MG,CURVELO,3120904,310004,Curvelo,3101,Belo Horizonte,80665
43010,MG,CÁSSIA,3115102,310041,Passos,3108,Varginha,17155
43958,MG,CÓRREGO DANTA,3119807,310066,Formiga,3113,Divinópolis,2960
43974,MG,CÓRREGO DO BOM JESUS,3119906,310050,Pouso Alegre,3109,Pouso Alegre,4272
41947,MG,CÓRREGO FUNDO,3119955,310066,Formiga,3113,Divinópolis,6133
43990,MG,CÓRREGO NOVO,3120003,310025,Caratinga,3105,Ipatinga,2875
41904,MG,CÔNEGO MARINHO,3117836,310009,Januária,3102,Montes Claros,7237
44199,MG,DATAS,3121001,310016,Diamantina,3103,Teófilo Otoni,5465
44210,MG,DELFIM MOREIRA,3121100,310052,Itajubá,3109,Pouso Alegre,7952
44237,MG,DELFINÓPOLIS,3121209,310041,Passos,3108,Varginha,8393
42021,MG,DELTA,3121258,310055,Uberaba,3110,Uberaba,10494
44253,MG,DESCOBERTO,3121308,310035,São João Nepomuceno - Bicas,3106,Juíz de Fora,4928
44270,MG,DESTERRO DE ENTRE RIOS,3121407,310038,Conselheiro Lafaiete,3107,Barbacena,7653
44296,MG,DESTERRO DO MELO,3121506,310037,Barbacena,3107,Barbacena,2994
44318,MG,DIAMANTINA,3121605,310016,Diamantina,3103,Teófilo Otoni,47702
44334,MG,DIOGO DE VASCONCELOS,3121704,310030,Ponte Nova,3106,Juíz de Fora,3549
44350,MG,DIONÍSIO,3121803,310024,Ipatinga,3105,Ipatinga,6847
44393,MG,DIVINO,3122009,310034,Carangola,3106,Juíz de Fora,20706
44415,MG,DIVINO DAS LARANJEIRAS,3122108,310020,Governador Valadares,3104,Governador Valadares,4178
44431,MG,DIVINOLÂNDIA DE MINAS,3122207,310021,Guanhães,3104,Governador Valadares,6516
44377,MG,DIVINÉSIA,3121902,310029,Ubá,3106,Juíz de Fora,4226
44458,MG,DIVINÓPOLIS,3122306,310065,Divinópolis,3113,Divinópolis,231091
40126,MG,DIVISA ALEGRE,3122355,310018,Pedra Azul,3103,Teófilo Otoni,6321
44474,MG,DIVISA NOVA,3122405,310042,Alfenas,3108,Varginha,5851
40142,MG,DIVISÓPOLIS,3122454,310018,Pedra Azul,3103,Teófilo Otoni,10213
42048,MG,DOM BOSCO,3122470,310063,Unaí,3112,Patos de Minas,3697
44490,MG,DOM CAVATI,3122504,310024,Ipatinga,3105,Ipatinga,4904
44512,MG,DOM JOAQUIM,3122603,310021,Guanhães,3104,Governador Valadares,4899
44539,MG,DOM SILVÉRIO,3122702,310030,Ponte Nova,3106,Juíz de Fora,5228
44555,MG,DOM VIÇOSO,3122801,310053,São Lourenço,3109,Pouso Alegre,3095
44571,MG,DONA EUSÉBIA,3122900,310032,Cataguases,3106,Juíz de Fora,6093
44598,MG,DORES DE CAMPOS,3123007,310037,Barbacena,3107,Barbacena,10007
44610,MG,DORES DE GUANHÃES,3123106,310021,Guanhães,3104,Governador Valadares,5029
44636,MG,DORES DO INDAIÁ,3123205,310067,Dores do Indaiá,3113,Divinópolis,12630
44652,MG,DORES DO TURVO,3123304,310029,Ubá,3106,Juíz de Fora,4987
44679,MG,DORESÓPOLIS,3123403,310049,Piumhi,3108,Varginha,1461
44695,MG,DOURADOQUARA,3123502,310061,Monte Carmelo,3111,Uberlândia,1829
40169,MG,DURANDÉ,3123528,310028,Manhuaçu,3106,Juíz de Fora,7817
44717,MG,ELÓI MENDES,3123601,310040,Varginha,3108,Varginha,26336
44733,MG,ENGENHEIRO CALDAS,3123700,310020,Governador Valadares,3104,Governador Valadares,13622
44750,MG,ENGENHEIRO NAVARRO,3123809,310006,Montes Claros,3102,Montes Claros,6354
40185,MG,ENTRE FOLHAS,3123858,310025,Caratinga,3105,Ipatinga,5179
44776,MG,ENTRE RIOS DE MINAS,3123908,310038,Conselheiro Lafaiete,3107,Barbacena,14746
44792,MG,ERVÁLIA,3124005,310033,Viçosa,3106,Juíz de Fora,20255
44814,MG,ESMERALDAS,3124104,310001,Belo Horizonte,3101,Belo Horizonte,85598
44830,MG,ESPERA FELIZ,3124203,310034,Carangola,3106,Juíz de Fora,24102
44857,MG,ESPINOSA,3124302,310012,Espinosa,3102,Montes Claros,30443
44873,MG,ESPÍRITO SANTO DO DOURADO,3124401,310050,Pouso Alegre,3109,Pouso Alegre,6611
44890,MG,ESTIVA,3124500,310050,Pouso Alegre,3109,Pouso Alegre,11502
44911,MG,ESTRELA DALVA,3124609,310036,Além Paraíba,3106,Juíz de Fora,2186
44938,MG,ESTRELA DO INDAIÁ,3124708,310067,Dores do Indaiá,3113,Divinópolis,2772
44954,MG,ESTRELA DO SUL,3124807,310061,Monte Carmelo,3111,Uberlândia,6840
44970,MG,EUGENÓPOLIS,3124906,310031,Muriaé,3106,Juíz de Fora,10801
44997,MG,EWBANK DA CÂMARA,3125002,310027,Juiz de Fora,3106,Juíz de Fora,3875
45012,MG,EXTREMA,3125101,310050,Pouso Alegre,3109,Pouso Alegre,53482
45039,MG,FAMA,3125200,310042,Alfenas,3108,Varginha,2578
45055,MG,FARIA LEMOS,3125309,310034,Carangola,3106,Juíz de Fora,3188
45110,MG,FELISBURGO,3125606,310015,Almenara,3103,Teófilo Otoni,6489
45136,MG,FELIXLÂNDIA,3125705,310004,Curvelo,3101,Belo Horizonte,13978
45071,MG,FELÍCIO DOS SANTOS,3125408,310016,Diamantina,3103,Teófilo Otoni,5133
45152,MG,FERNANDES TOURINHO,3125804,310020,Governador Valadares,3104,Governador Valadares,2789
45179,MG,FERROS,3125903,310005,Itabira,3101,Belo Horizonte,9590
40207,MG,FERVEDOURO,3125952,310031,Muriaé,3106,Juíz de Fora,10445
45195,MG,FLORESTAL,3126000,310001,Belo Horizonte,3101,Belo Horizonte,8045
45217,MG,FORMIGA,3126109,310066,Formiga,3113,Divinópolis,68248
45233,MG,FORMOSO,3126208,310063,Unaí,3112,Patos de Minas,7949
45250,MG,FORTALEZA DE MINAS,3126307,310041,Passos,3108,Varginha,3477
45276,MG,FORTUNA DE MINAS,3126406,310002,Sete Lagoas,3101,Belo Horizonte,3093
45292,MG,FRANCISCO BADARÓ,3126505,310017,Araçuaí,3103,Teófilo Otoni,7366
45314,MG,FRANCISCO DUMONT,3126604,310006,Montes Claros,3102,Montes Claros,4503
45330,MG,FRANCISCO SÁ,3126703,310006,Montes Claros,3102,Montes Claros,23476
40223,MG,FRANCISCÓPOLIS,3126752,310013,Teófilo Otoni,3103,Teófilo Otoni,5034
45357,MG,FREI GASPAR,3126802,310013,Teófilo Otoni,3103,Teófilo Otoni,5640
45373,MG,FREI INOCÊNCIO,3126901,310020,Governador Valadares,3104,Governador Valadares,8226
42064,MG,FREI LAGONEGRO,3126950,310021,Guanhães,3104,Governador Valadares,3391
45390,MG,FRONTEIRA,3127008,310057,Frutal,3110,Uberaba,14540
49352,MG,FRONTEIRA DOS VALES,3127057,310019,Águas Formosas,3103,Teófilo Otoni,4345
42080,MG,FRUTA DE LEITE,3127073,310008,Salinas,3102,Montes Claros,4647
45411,MG,FRUTAL,3127107,310057,Frutal,3110,Uberaba,58588
45438,MG,FUNILÂNDIA,3127206,310002,Sete Lagoas,3101,Belo Horizonte,4686
45454,MG,GALILÉIA,3127305,310020,Governador Valadares,3104,Governador Valadares,6222
42102,MG,GAMELEIRAS,3127339,310012,Espinosa,3102,Montes Claros,4793
42129,MG,GLAUCILÂNDIA,3127354,310006,Montes Claros,3102,Montes Claros,2928
42145,MG,GOIABEIRA,3127370,310020,Governador Valadares,3104,Governador Valadares,2830
42161,MG,GOIANÁ,3127388,310027,Juiz de Fora,3106,Juíz de Fora,4053
45497,MG,GONZAGA,3127503,310020,Governador Valadares,3104,Governador Valadares,5230
45470,MG,GONÇALVES,3127404,310052,Itajubá,3109,Pouso Alegre,4727
45519,MG,GOUVEIA,3127602,310016,Diamantina,3103,Teófilo Otoni,11331
45535,MG,GOVERNADOR VALADARES,3127701,310020,Governador Valadares,3104,Governador Valadares,257171
45578,MG,GRUPIARA,3127909,310061,Monte Carmelo,3111,Uberlândia,1392
45551,MG,GRÃO MOGOL,3127800,310006,Montes Claros,3102,Montes Claros,13901
45594,MG,GUANHÃES,3128006,310021,Guanhães,3104,Governador Valadares,32244
45616,MG,GUAPÉ,3128105,310041,Passos,3108,Varginha,13772
45632,MG,GUARACIABA,3128204,310030,Ponte Nova,3106,Juíz de Fora,9753
42188,MG,GUARACIAMA,3128253,310006,Montes Claros,3102,Montes Claros,5051
45675,MG,GUARANI,3128402,310029,Ubá,3106,Juíz de Fora,7714
45659,MG,GUARANÉSIA,3128303,310044,Guaxupé,3108,Varginha,19150
45691,MG,GUARARÁ,3128501,310035,São João Nepomuceno - Bicas,3106,Juíz de Fora,3149
45713,MG,GUARDA-MOR,3128600,310062,Patos de Minas,3112,Patos de Minas,6539
45730,MG,GUAXUPÉ,3128709,310044,Guaxupé,3108,Varginha,50911
45756,MG,GUIDOVAL,3128808,310029,Ubá,3106,Juíz de Fora,7131
45772,MG,GUIMARÂNIA,3128907,310064,Patrocínio,3112,Patos de Minas,8478
45799,MG,GUIRICEMA,3129004,310029,Ubá,3106,Juíz de Fora,7778
45810,MG,GURINHATÃ,3129103,310060,Ituiutaba,3111,Uberlândia,5192
45837,MG,HELIODORA,3129202,310050,Pouso Alegre,3109,Pouso Alegre,6134
45853,MG,IAPU,3129301,310024,Ipatinga,3105,Ipatinga,12030
45870,MG,IBERTIOGA,3129400,310037,Barbacena,3107,Barbacena,5198
45918,MG,IBIAÍ,3129608,310010,Pirapora,3102,Montes Claros,6286
42200,MG,IBIRACATU,3129657,310006,Montes Claros,3102,Montes Claros,5081
45934,MG,IBIRACI,3129707,310041,Passos,3108,Varginha,10948
45950,MG,IBIRITÉ,3129806,310001,Belo Horizonte,3101,Belo Horizonte,170537
45977,MG,IBITIÚRA DE MINAS,3129905,310051,Poços de Caldas,3109,Pouso Alegre,3365
45993,MG,IBITURUNA,3130002,310043,Lavras,3108,Varginha,2698
45896,MG,IBIÁ,3129509,310056,Araxá,3110,Uberaba,22229
40240,MG,ICARAÍ DE MINAS,3130051,310011,São Francisco,3102,Montes Claros,10677
46019,MG,IGARAPÉ,3130101,310001,Belo Horizonte,3101,Belo Horizonte,45847
46035,MG,IGARATINGA,3130200,310068,Pará de Minas,3113,Divinópolis,10830
46051,MG,IGUATAMA,3130309,310066,Formiga,3113,Divinópolis,6826
46078,MG,IJACI,3130408,310043,Lavras,3108,Varginha,7003
46094,MG,ILICÍNEA,3130507,310046,Três Pontas - Boa Esperança,3108,Varginha,12741
42226,MG,IMBÉ DE MINAS,3130556,310025,Caratinga,3105,Ipatinga,6986
46116,MG,INCONFIDENTES,3130606,310050,Pouso Alegre,3109,Pouso Alegre,7301
42242,MG,INDAIABIRA,3130655,310008,Salinas,3102,Montes Claros,6346
46132,MG,INDIANÓPOLIS,3130705,310059,Uberlândia,3111,Uberlândia,6171
46159,MG,INGAÍ,3130804,310043,Lavras,3108,Varginha,2580
46175,MG,INHAPIM,3130903,310025,Caratinga,3105,Ipatinga,22692
46191,MG,INHAÚMA,3131000,310002,Sete Lagoas,3101,Belo Horizonte,6239
46213,MG,INIMUTABA,3131109,310004,Curvelo,3101,Belo Horizonte,7371
40266,MG,IPABA,3131158,310024,Ipatinga,3105,Ipatinga,17136
46230,MG,IPANEMA,3131208,310028,Manhuaçu,3106,Juíz de Fora,19522
46256,MG,IPATINGA,3131307,310024,Ipatinga,3105,Ipatinga,227731
46272,MG,IPIAÇU,3131406,310060,Ituiutaba,3111,Uberlândia,3775
46299,MG,IPUIÚNA,3131505,310050,Pouso Alegre,3109,Pouso Alegre,9135
46310,MG,IRAÍ DE MINAS,3131604,310061,Monte Carmelo,3111,Uberlândia,7180
46337,MG,ITABIRA,3131703,310005,Itabira,3101,Belo Horizonte,113343
46353,MG,ITABIRINHA,3131802,310022,Mantena,3104,Governador Valadares,10362
46370,MG,ITABIRITO,3131901,310003,Santa Bárbara - Ouro Preto,3101,Belo Horizonte,53365
46396,MG,ITACAMBIRA,3132008,310006,Montes Claros,3102,Montes Claros,4252
46418,MG,ITACARAMBI,3132107,310009,Januária,3102,Montes Claros,17208
46434,MG,ITAGUARA,3132206,310069,Oliveira,3113,Divinópolis,13846
46450,MG,ITAIPÉ,3132305,310013,Teófilo Otoni,3103,Teófilo Otoni,10463
46477,MG,ITAJUBÁ,3132404,310052,Itajubá,3109,Pouso Alegre,93073
46493,MG,ITAMARANDIBA,3132503,310014,Capelinha,3103,Teófilo Otoni,32948
46515,MG,ITAMARATI DE MINAS,3132602,310032,Cataguases,3106,Juíz de Fora,3690
46531,MG,ITAMBACURI,3132701,310013,Teófilo Otoni,3103,Teófilo Otoni,21042
46558,MG,ITAMBÉ DO MATO DENTRO,3132800,310005,Itabira,3101,Belo Horizonte,2142
46574,MG,ITAMOGI,3132909,310047,São Sebastião do Paraíso,3108,Varginha,10770
46590,MG,ITAMONTE,3133006,310053,São Lourenço,3109,Pouso Alegre,14786
46612,MG,ITANHANDU,3133105,310053,São Lourenço,3109,Pouso Alegre,15236
46639,MG,ITANHOMI,3133204,310020,Governador Valadares,3104,Governador Valadares,11128
46655,MG,ITAOBIM,3133303,310013,Teófilo Otoni,3103,Teófilo Otoni,19151
46671,MG,ITAPAGIPE,3133402,310057,Frutal,3110,Uberaba,13690
46698,MG,ITAPECERICA,3133501,310065,Divinópolis,3113,Divinópolis,21046
46710,MG,ITAPEVA,3133600,310050,Pouso Alegre,3109,Pouso Alegre,12692
46736,MG,ITATIAIUÇU,3133709,310065,Divinópolis,3113,Divinópolis,12966
46779,MG,ITAVERAVA,3133907,310038,Conselheiro Lafaiete,3107,Barbacena,5642
54453,MG,ITAÚ DE MINAS,3133758,310041,Passos,3108,Varginha,14406
46752,MG,ITAÚNA,3133808,310065,Divinópolis,3113,Divinópolis,97669
46795,MG,ITINGA,3134004,310017,Araçuaí,3103,Teófilo Otoni,13745
46817,MG,ITUETA,3134103,310023,Aimorés - Resplendor,3104,Governador Valadares,6055
46833,MG,ITUIUTABA,3134202,310060,Ituiutaba,3111,Uberlândia,102217
46850,MG,ITUMIRIM,3134301,310043,Lavras,3108,Varginha,6638
46876,MG,ITURAMA,3134400,310058,Iturama,3110,Uberaba,38295
46892,MG,ITUTINGA,3134509,310043,Lavras,3108,Varginha,4217
46914,MG,JABOTICATUBAS,3134608,310001,Belo Horizonte,3101,Belo Horizonte,20406
46930,MG,JACINTO,3134707,310015,Almenara,3103,Teófilo Otoni,11042
46973,MG,JACUTINGA,3134905,310050,Pouso Alegre,3109,Pouso Alegre,25525
46957,MG,JACUÍ,3134806,310047,São Sebastião do Paraíso,3108,Varginha,7495
46990,MG,JAGUARAÇU,3135001,310024,Ipatinga,3105,Ipatinga,3092
40304,MG,JAMPRUCA,3135076,310020,Governador Valadares,3104,Governador Valadares,4296
47015,MG,JANAÚBA,3135100,310007,Janaúba,3102,Montes Claros,70699
47031,MG,JANUÁRIA,3135209,310009,Januária,3102,Montes Claros,65150
47058,MG,JAPARAÍBA,3135308,310065,Divinópolis,3113,Divinópolis,4506
42269,MG,JAPONVAR,3135357,310006,Montes Claros,3102,Montes Claros,8127
40282,MG,JAÍBA,3135050,310007,Janaúba,3102,Montes Claros,37660
47074,MG,JECEABA,3135407,310038,Conselheiro Lafaiete,3107,Barbacena,6197
42285,MG,JENIPAPO DE MINAS,3135456,310017,Araçuaí,3103,Teófilo Otoni,6100
47090,MG,JEQUERI,3135506,310030,Ponte Nova,3106,Juíz de Fora,12419
47112,MG,JEQUITAÍ,3135605,310006,Montes Claros,3102,Montes Claros,6484
47139,MG,JEQUITIBÁ,3135704,310002,Sete Lagoas,3101,Belo Horizonte,5883
47155,MG,JEQUITINHONHA,3135803,310015,Almenara,3103,Teófilo Otoni,24007
47171,MG,JESUÂNIA,3135902,310053,São Lourenço,3109,Pouso Alegre,5138
47210,MG,JOANÉSIA,3136108,310024,Ipatinga,3105,Ipatinga,4329
47279,MG,JOAQUIM FELÍCIO,3136405,310006,Montes Claros,3102,Montes Claros,3854
47198,MG,JOAÍMA,3136009,310015,Almenara,3103,Teófilo Otoni,13888
47295,MG,JORDÂNIA,3136504,310015,Almenara,3103,Teófilo Otoni,10304
40924,MG,JOSENÓPOLIS,3136579,310006,Montes Claros,3102,Montes Claros,3630
42307,MG,JOSÉ GONÇALVES DE MINAS,3136520,310017,Araçuaí,3103,Teófilo Otoni,3969
42323,MG,JOSÉ RAYDAN,3136553,310021,Guanhães,3104,Governador Valadares,4268
47236,MG,JOÃO MONLEVADE,3136207,310026,João Monlevade,3105,Ipatinga,80187
47252,MG,JOÃO PINHEIRO,3136306,310062,Patos de Minas,3112,Patos de Minas,46801
40320,MG,JUATUBA,3136652,310001,Belo Horizonte,3101,Belo Horizonte,30716
47333,MG,JUIZ DE FORA,3136702,310027,Juiz de Fora,3106,Juíz de Fora,540756
47350,MG,JURAMENTO,3136801,310006,Montes Claros,3102,Montes Claros,3768
47376,MG,JURUAIA,3136900,310044,Guaxupé,3108,Varginha,11084
40940,MG,JUVENÍLIA,3136959,310009,Januária,3102,Montes Claros,5789
47392,MG,LADAINHA,3137007,310013,Teófilo Otoni,3103,Teófilo Otoni,14383
47414,MG,LAGAMAR,3137106,310062,Patos de Minas,3112,Patos de Minas,6631
47430,MG,LAGOA DA PRATA,3137205,310065,Divinópolis,3113,Divinópolis,51412
47457,MG,LAGOA DOS PATOS,3137304,310006,Montes Claros,3102,Montes Claros,3313
47473,MG,LAGOA DOURADA,3137403,310039,São João del Rei,3107,Barbacena,12769
47490,MG,LAGOA FORMOSA,3137502,310062,Patos de Minas,3112,Patos de Minas,18904
40347,MG,LAGOA GRANDE,3137536,310062,Patos de Minas,3112,Patos de Minas,8969
47511,MG,LAGOA SANTA,3137601,310001,Belo Horizonte,3101,Belo Horizonte,75145
47538,MG,LAJINHA,3137700,310028,Manhuaçu,3106,Juíz de Fora,20835
47554,MG,LAMBARI,3137809,310053,São Lourenço,3109,Pouso Alegre,20414
47570,MG,LAMIM,3137908,310038,Conselheiro Lafaiete,3107,Barbacena,3184
47597,MG,LARANJAL,3138005,310032,Cataguases,3106,Juíz de Fora,5963
47619,MG,LASSANCE,3138104,310010,Pirapora,3102,Montes Claros,7124
47635,MG,LAVRAS,3138203,310043,Lavras,3108,Varginha,104761
47651,MG,LEANDRO FERREIRA,3138302,310065,Divinópolis,3113,Divinópolis,3199
40967,MG,LEME DO PRADO,3138351,310014,Capelinha,3103,Teófilo Otoni,4341
47678,MG,LEOPOLDINA,3138401,310032,Cataguases,3106,Juíz de Fora,51145
47694,MG,LIBERDADE,3138500,310027,Juiz de Fora,3106,Juíz de Fora,4737
47716,MG,LIMA DUARTE,3138609,310027,Juiz de Fora,3106,Juíz de Fora,17221
40363,MG,LIMEIRA DO OESTE,3138625,310058,Iturama,3110,Uberaba,8687
40380,MG,LONTRA,3138658,310006,Montes Claros,3102,Montes Claros,8790
40983,MG,LUISBURGO,3138674,310028,Manhuaçu,3106,Juíz de Fora,6956
41009,MG,LUISLÂNDIA,3138682,310006,Montes Claros,3102,Montes Claros,6210
47732,MG,LUMINÁRIAS,3138708,310043,Lavras,3108,Varginha,5586
47759,MG,LUZ,3138807,310067,Dores do Indaiá,3113,Divinópolis,17875
47775,MG,MACHACALIS,3138906,310019,Águas Formosas,3103,Teófilo Otoni,6487
47791,MG,MACHADO,3139003,310042,Alfenas,3108,Varginha,37684
47813,MG,MADRE DE DEUS DE MINAS,3139102,310039,São João del Rei,3107,Barbacena,5191
47830,MG,MALACACHETA,3139201,310013,Teófilo Otoni,3103,Teófilo Otoni,17516
40401,MG,MAMONAS,3139250,310012,Espinosa,3102,Montes Claros,5997
47856,MG,MANGA,3139300,310007,Janaúba,3102,Montes Claros,18886
47872,MG,MANHUAÇU,3139409,310028,Manhuaçu,3106,Juíz de Fora,91886
47899,MG,MANHUMIRIM,3139508,310028,Manhuaçu,3106,Juíz de Fora,20613
47910,MG,MANTENA,3139607,310022,Mantena,3104,Governador Valadares,26535
47953,MG,MAR DE ESPANHA,3139805,310035,São João Nepomuceno - Bicas,3106,Juíz de Fora,12721
47937,MG,MARAVILHAS,3139706,310068,Pará de Minas,3113,Divinópolis,7333
47970,MG,MARIA DA FÉ,3139904,310052,Itajubá,3109,Pouso Alegre,14247
47996,MG,MARIANA,3140001,310003,Santa Bárbara - Ouro Preto,3101,Belo Horizonte,61387
48011,MG,MARILAC,3140100,310020,Governador Valadares,3104,Governador Valadares,4224
48038,MG,MARIPÁ DE MINAS,3140209,310035,São João Nepomuceno - Bicas,3106,Juíz de Fora,3387
48054,MG,MARLIÉRIA,3140308,310024,Ipatinga,3105,Ipatinga,4592
48070,MG,MARMELÓPOLIS,3140407,310052,Itajubá,3109,Pouso Alegre,3200
48097,MG,MARTINHO CAMPOS,3140506,310067,Dores do Indaiá,3113,Divinópolis,14003
41041,MG,MARTINS SOARES,3140530,310028,Manhuaçu,3106,Juíz de Fora,8396
40428,MG,MATA VERDE,3140555,310015,Almenara,3103,Teófilo Otoni,9112
48119,MG,MATERLÂNDIA,3140605,310021,Guanhães,3104,Governador Valadares,3963
48135,MG,MATEUS LEME,3140704,310001,Belo Horizonte,3101,Belo Horizonte,37841
54313,MG,MATHIAS LOBATO,3171501,310020,Governador Valadares,3104,Governador Valadares,3038
48151,MG,MATIAS BARBOSA,3140803,310027,Juiz de Fora,3106,Juíz de Fora,14121
40444,MG,MATIAS CARDOSO,3140852,310007,Janaúba,3102,Montes Claros,8895
48178,MG,MATIPÓ,3140902,310028,Manhuaçu,3106,Juíz de Fora,18552
48194,MG,MATO VERDE,3141009,310012,Espinosa,3102,Montes Claros,12038
48216,MG,MATOZINHOS,3141108,310002,Sete Lagoas,3101,Belo Horizonte,37618
48232,MG,MATUTINA,3141207,310062,Patos de Minas,3112,Patos de Minas,3814
48259,MG,MEDEIROS,3141306,310066,Formiga,3113,Divinópolis,3900
48275,MG,MEDINA,3141405,310018,Pedra Azul,3103,Teófilo Otoni,20156
48291,MG,MENDES PIMENTEL,3141504,310022,Mantena,3104,Governador Valadares,5606
48313,MG,MERCÊS,3141603,310029,Ubá,3106,Juíz de Fora,10373
48330,MG,MESQUITA,3141702,310024,Ipatinga,3105,Ipatinga,5040
48356,MG,MINAS NOVAS,3141801,310014,Capelinha,3103,Teófilo Otoni,24405
48372,MG,MINDURI,3141900,310054,Caxambu - Baependi,3109,Pouso Alegre,3741
48399,MG,MIRABELA,3142007,310006,Montes Claros,3102,Montes Claros,13651
48410,MG,MIRADOURO,3142106,310031,Muriaé,3106,Juíz de Fora,8968
41068,MG,MIRAVÂNIA,3142254,310007,Janaúba,3102,Montes Claros,3985
48437,MG,MIRAÍ,3142205,310031,Muriaé,3106,Juíz de Fora,13633
48453,MG,MOEDA,3142304,310001,Belo Horizonte,3101,Belo Horizonte,5125
48470,MG,MOEMA,3142403,310067,Dores do Indaiá,3113,Divinópolis,7548
48496,MG,MONJOLOS,3142502,310004,Curvelo,3101,Belo Horizonte,2169
48518,MG,MONSENHOR PAULO,3142601,310040,Varginha,3108,Varginha,8340
48534,MG,MONTALVÂNIA,3142700,310009,Januária,3102,Montes Claros,14060
48550,MG,MONTE ALEGRE DE MINAS,3142809,310059,Uberlândia,3111,Uberlândia,20170
48577,MG,MONTE AZUL,3142908,310012,Espinosa,3102,Montes Claros,20328
48593,MG,MONTE BELO,3143005,310044,Guaxupé,3108,Varginha,13046
48615,MG,MONTE CARMELO,3143104,310061,Monte Carmelo,3111,Uberlândia,47692
41084,MG,MONTE FORMOSO,3143153,310013,Teófilo Otoni,3103,Teófilo Otoni,4381
48631,MG,MONTE SANTO DE MINAS,3143203,310047,São Sebastião do Paraíso,3108,Varginha,20890
48674,MG,MONTE SIÃO,3143401,310050,Pouso Alegre,3109,Pouso Alegre,24089
48658,MG,MONTES CLAROS,3143302,310006,Montes Claros,3102,Montes Claros,414240
40460,MG,MONTEZUMA,3143450,310012,Espinosa,3102,Montes Claros,6888
48690,MG,MORADA NOVA DE MINAS,3143500,310070,Abaeté,3113,Divinópolis,9067
48712,MG,MORRO DA GARÇA,3143609,310004,Curvelo,3101,Belo Horizonte,2411
48739,MG,MORRO DO PILAR,3143708,310002,Sete Lagoas,3101,Belo Horizonte,3133
48755,MG,MUNHOZ,3143807,310050,Pouso Alegre,3109,Pouso Alegre,7451
48771,MG,MURIAÉ,3143906,310031,Muriaé,3106,Juíz de Fora,104108
48798,MG,MUTUM,3144003,310028,Manhuaçu,3106,Juíz de Fora,27635
48810,MG,MUZAMBINHO,3144102,310044,Guaxupé,3108,Varginha,21891
41025,MG,MÁRIO CAMPOS,3140159,310001,Belo Horizonte,3101,Belo Horizonte,15900
48836,MG,NACIP RAYDAN,3144201,310020,Governador Valadares,3104,Governador Valadares,2459
48852,MG,NANUQUE,3144300,310013,Teófilo Otoni,3103,Teófilo Otoni,35038
40487,MG,NAQUE,3144359,310024,Ipatinga,3105,Ipatinga,6303
41106,MG,NATALÂNDIA,3144375,310063,Unaí,3112,Patos de Minas,3520
48879,MG,NATÉRCIA,3144409,310050,Pouso Alegre,3109,Pouso Alegre,4691
48895,MG,NAZARENO,3144508,310039,São João del Rei,3107,Barbacena,8179
48917,MG,NEPOMUCENO,3144607,310043,Lavras,3108,Varginha,25018
41122,MG,NINHEIRA,3144656,310008,Salinas,3102,Montes Claros,10588
41149,MG,NOVA BELÉM,3144672,310022,Mantena,3104,Governador Valadares,3151
48933,MG,NOVA ERA,3144706,310026,João Monlevade,3105,Ipatinga,17438
48950,MG,NOVA LIMA,3144805,310001,Belo Horizonte,3101,Belo Horizonte,111697
48976,MG,NOVA MÓDICA,3144904,310013,Teófilo Otoni,3103,Teófilo Otoni,3663
48992,MG,NOVA PONTE,3145000,310055,Uberaba,3110,Uberaba,14598
41165,MG,NOVA PORTEIRINHA,3145059,310007,Janaúba,3102,Montes Claros,6706
49018,MG,NOVA RESENDE,3145109,310044,Guaxupé,3108,Varginha,16387
49034,MG,NOVA SERRANA,3145208,310065,Divinópolis,3113,Divinópolis,105552
47317,MG,NOVA UNIÃO,3136603,310001,Belo Horizonte,3101,Belo Horizonte,5909
49050,MG,NOVO CRUZEIRO,3145307,310013,Teófilo Otoni,3103,Teófilo Otoni,26975
40509,MG,NOVO ORIENTE DE MINAS,3145356,310013,Teófilo Otoni,3103,Teófilo Otoni,10275
41181,MG,NOVORIZONTE,3145372,310008,Salinas,3102,Montes Claros,4571
49077,MG,OLARIA,3145406,310027,Juiz de Fora,3106,Juíz de Fora,1945
41203,MG,OLHOS D'ÁGUA,3145455,310006,Montes Claros,3102,Montes Claros,5385
49115,MG,OLIVEIRA,3145604,310069,Oliveira,3113,Divinópolis,39262
49131,MG,OLIVEIRA FORTES,3145703,310027,Juiz de Fora,3106,Juíz de Fora,2027
49093,MG,OLÍMPIO NORONHA,3145505,310053,São Lourenço,3109,Pouso Alegre,2555
49158,MG,ONÇA DE PITANGUI,3145802,310068,Pará de Minas,3113,Divinópolis,2969
41220,MG,ORATÓRIOS,3145851,310030,Ponte Nova,3106,Juíz de Fora,4917
41246,MG,ORIZÂNIA,3145877,310034,Carangola,3106,Juíz de Fora,8437
49174,MG,OURO BRANCO,3145901,310038,Conselheiro Lafaiete,3107,Barbacena,38724
49190,MG,OURO FINO,3146008,310050,Pouso Alegre,3109,Pouso Alegre,32094
49212,MG,OURO PRETO,3146107,310003,Santa Bárbara - Ouro Preto,3101,Belo Horizonte,74821
49239,MG,OURO VERDE DE MINAS,3146206,310013,Teófilo Otoni,3103,Teófilo Otoni,5757
41262,MG,PADRE CARVALHO,3146255,310008,Salinas,3102,Montes Claros,5058
49255,MG,PADRE PARAÍSO,3146305,310013,Teófilo Otoni,3103,Teófilo Otoni,17334
41289,MG,PAI PEDRO,3146552,310007,Janaúba,3102,Montes Claros,5551
49271,MG,PAINEIRAS,3146404,310070,Abaeté,3113,Divinópolis,4224
49298,MG,PAINS,3146503,310066,Formiga,3113,Divinópolis,8142
49310,MG,PAIVA,3146602,310027,Juiz de Fora,3106,Juíz de Fora,1474
49336,MG,PALMA,3146701,310032,Cataguases,3106,Juíz de Fora,5707
40525,MG,PALMÓPOLIS,3146750,310015,Almenara,3103,Teófilo Otoni,6301
49379,MG,PAPAGAIOS,3146909,310068,Pará de Minas,3113,Divinópolis,13920
49395,MG,PARACATU,3147006,310062,Patos de Minas,3112,Patos de Minas,94023
49433,MG,PARAGUAÇU,3147204,310042,Alfenas,3108,Varginha,21723
49450,MG,PARAISÓPOLIS,3147303,310052,Itajubá,3109,Pouso Alegre,20445
49476,MG,PARAOPEBA,3147402,310002,Sete Lagoas,3101,Belo Horizonte,24107
49417,MG,PARÁ DE MINAS,3147105,310068,Pará de Minas,3113,Divinópolis,97139
49514,MG,PASSA QUATRO,3147600,310053,São Lourenço,3109,Pouso Alegre,15515
49530,MG,PASSA TEMPO,3147709,310069,Oliveira,3113,Divinópolis,8473
49557,MG,PASSA VINTE,3147808,310027,Juiz de Fora,3106,Juíz de Fora,2233
49492,MG,PASSABÉM,3147501,310005,Itabira,3101,Belo Horizonte,1600
49573,MG,PASSOS,3147907,310041,Passos,3108,Varginha,111939
41300,MG,PATIS,3147956,310006,Montes Claros,3102,Montes Claros,4837
49590,MG,PATOS DE MINAS,3148004,310062,Patos de Minas,3112,Patos de Minas,159235
49611,MG,PATROCÍNIO,3148103,310064,Patrocínio,3112,Patos de Minas,89826
49638,MG,PATROCÍNIO DO MURIAÉ,3148202,310031,Muriaé,3106,Juíz de Fora,5576
49654,MG,PAULA CÂNDIDO,3148301,310033,Viçosa,3106,Juíz de Fora,8659
49670,MG,PAULISTAS,3148400,310021,Guanhães,3104,Governador Valadares,4389
49697,MG,PAVÃO,3148509,310013,Teófilo Otoni,3103,Teófilo Otoni,8047
49735,MG,PEDRA AZUL,3148707,310018,Pedra Azul,3103,Teófilo Otoni,24410
41327,MG,PEDRA BONITA,3148756,310034,Carangola,3106,Juíz de Fora,7320
49751,MG,PEDRA DO ANTA,3148806,310033,Viçosa,3106,Juíz de Fora,3311
49778,MG,PEDRA DO INDAIÁ,3148905,310065,Divinópolis,3113,Divinópolis,4112
49794,MG,PEDRA DOURADA,3149002,310034,Carangola,3106,Juíz de Fora,2757
49816,MG,PEDRALVA,3149101,310052,Itajubá,3109,Pouso Alegre,10760
40541,MG,PEDRAS DE MARIA DA CRUZ,3149150,310009,Januária,3102,Montes Claros,10433
49832,MG,PEDRINÓPOLIS,3149200,310056,Araxá,3110,Uberaba,3344
49859,MG,PEDRO LEOPOLDO,3149309,310001,Belo Horizonte,3101,Belo Horizonte,62580
49875,MG,PEDRO TEIXEIRA,3149408,310027,Juiz de Fora,3106,Juíz de Fora,1810
49891,MG,PEQUERI,3149507,310035,São João Nepomuceno - Bicas,3106,Juíz de Fora,3351
49913,MG,PEQUI,3149606,310068,Pará de Minas,3113,Divinópolis,4155
49930,MG,PERDIGÃO,3149705,310065,Divinópolis,3113,Divinópolis,12268
49956,MG,PERDIZES,3149804,310056,Araxá,3110,Uberaba,17151
49972,MG,PERDÕES,3149903,310043,Lavras,3108,Varginha,21384
40568,MG,PERIQUITO,3149952,310024,Ipatinga,3105,Ipatinga,6553
49999,MG,PESCADOR,3150000,310013,Teófilo Otoni,3103,Teófilo Otoni,3570
49719,MG,PEÇANHA,3148608,310021,Guanhães,3104,Governador Valadares,17446
50016,MG,PIAU,3150109,310027,Juiz de Fora,3106,Juíz de Fora,2796
41343,MG,PIEDADE DE CARATINGA,3150158,310025,Caratinga,3105,Ipatinga,8529
50032,MG,PIEDADE DE PONTE NOVA,3150208,310030,Ponte Nova,3106,Juíz de Fora,3976
50059,MG,PIEDADE DO RIO GRANDE,3150307,310039,São João del Rei,3107,Barbacena,4604
50075,MG,PIEDADE DOS GERAIS,3150406,310069,Oliveira,3113,Divinópolis,5019
50091,MG,PIMENTA,3150505,310066,Formiga,3113,Divinópolis,8563
41360,MG,PINGO D'ÁGUA,3150539,310024,Ipatinga,3105,Ipatinga,4706
41386,MG,PINTÓPOLIS,3150570,310011,São Francisco,3102,Montes Claros,7084
50113,MG,PIRACEMA,3150604,310069,Oliveira,3113,Divinópolis,6700
50130,MG,PIRAJUBA,3150703,310057,Frutal,3110,Uberaba,5537
50156,MG,PIRANGA,3150802,310038,Conselheiro Lafaiete,3107,Barbacena,17018
50199,MG,PIRANGUINHO,3151008,310052,Itajubá,3109,Pouso Alegre,9120
50172,MG,PIRANGUÇU,3150901,310052,Itajubá,3109,Pouso Alegre,6041
50210,MG,PIRAPETINGA,3151107,310036,Além Paraíba,3106,Juíz de Fora,11077
50237,MG,PIRAPORA,3151206,310010,Pirapora,3102,Montes Claros,55606
50253,MG,PIRAÚBA,3151305,310029,Ubá,3106,Juíz de Fora,11610
50270,MG,PITANGUI,3151404,310065,Divinópolis,3113,Divinópolis,26685
50296,MG,PIUMHI,3151503,310049,Piumhi,3108,Varginha,36062
50318,MG,PLANURA,3151602,310057,Frutal,3110,Uberaba,11145
50377,MG,POCRANE,3151909,310028,Manhuaçu,3106,Juíz de Fora,8350
50393,MG,POMPÉU,3152006,310067,Dores do Indaiá,3113,Divinópolis,31047
50415,MG,PONTE NOVA,3152105,310030,Ponte Nova,3106,Juíz de Fora,57776
41408,MG,PONTO CHIQUE,3152131,310010,Pirapora,3102,Montes Claros,3747
40584,MG,PONTO DOS VOLANTES,3152170,310013,Teófilo Otoni,3103,Teófilo Otoni,10883
50431,MG,PORTEIRINHA,3152204,310007,Janaúba,3102,Montes Claros,37438
50458,MG,PORTO FIRME,3152303,310033,Viçosa,3106,Juíz de Fora,10569
50474,MG,POTÉ,3152402,310013,Teófilo Otoni,3103,Teófilo Otoni,13666
50490,MG,POUSO ALEGRE,3152501,310050,Pouso Alegre,3109,Pouso Alegre,152217
50512,MG,POUSO ALTO,3152600,310053,São Lourenço,3109,Pouso Alegre,6566
50334,MG,POÇO FUNDO,3151701,310042,Alfenas,3108,Varginha,16390
50350,MG,POÇOS DE CALDAS,3151800,310051,Poços de Caldas,3109,Pouso Alegre,163742
50539,MG,PRADOS,3152709,310039,São João del Rei,3107,Barbacena,9048
50555,MG,PRATA,3152808,310059,Uberlândia,3111,Uberlândia,28342
50598,MG,PRATINHA,3153004,310056,Araxá,3110,Uberaba,3559
50571,MG,PRATÁPOLIS,3152907,310041,Passos,3108,Varginha,8406
50610,MG,PRESIDENTE BERNARDES,3153103,310033,Viçosa,3106,Juíz de Fora,4850
50636,MG,PRESIDENTE JUSCELINO,3153202,310004,Curvelo,3101,Belo Horizonte,3465
50652,MG,PRESIDENTE KUBITSCHEK,3153301,310016,Diamantina,3103,Teófilo Otoni,3071
50679,MG,PRESIDENTE OLEGÁRIO,3153400,310062,Patos de Minas,3112,Patos de Minas,18765
50717,MG,PRUDENTE DE MORAIS,3153608,310002,Sete Lagoas,3101,Belo Horizonte,11466
50733,MG,QUARTEL GERAL,3153707,310067,Dores do Indaiá,3113,Divinópolis,3179
50750,MG,QUELUZITO,3153806,310038,Conselheiro Lafaiete,3107,Barbacena,1770
50776,MG,RAPOSOS,3153905,310001,Belo Horizonte,3101,Belo Horizonte,16279
50792,MG,RAUL SOARES,3154002,310025,Caratinga,3105,Ipatinga,23423
50814,MG,RECREIO,3154101,310032,Cataguases,3106,Juíz de Fora,11007
41424,MG,REDUTO,3154150,310028,Manhuaçu,3106,Juíz de Fora,7848
50830,MG,RESENDE COSTA,3154200,310039,São João del Rei,3107,Barbacena,11230
50857,MG,RESPLENDOR,3154309,310023,Aimorés - Resplendor,3104,Governador Valadares,17226
50873,MG,RESSAQUINHA,3154408,310037,Barbacena,3107,Barbacena,4548
40606,MG,RIACHINHO,3154457,310063,Unaí,3112,Patos de Minas,6863
50890,MG,RIACHO DOS MACHADOS,3154507,310007,Janaúba,3102,Montes Claros,8756
50911,MG,RIBEIRÃO DAS NEVES,3154606,310001,Belo Horizonte,3101,Belo Horizonte,329794
50938,MG,RIBEIRÃO VERMELHO,3154705,310043,Lavras,3108,Varginha,4080
50954,MG,RIO ACIMA,3154804,310001,Belo Horizonte,3101,Belo Horizonte,10261
50970,MG,RIO CASCA,3154903,310030,Ponte Nova,3106,Juíz de Fora,12789
51012,MG,RIO DO PRADO,3155108,310015,Almenara,3103,Teófilo Otoni,4639
50997,MG,RIO DOCE,3155009,310030,Ponte Nova,3106,Juíz de Fora,2484
51039,MG,RIO ESPERA,3155207,310038,Conselheiro Lafaiete,3107,Barbacena,5429
51055,MG,RIO MANSO,3155306,310069,Oliveira,3113,Divinópolis,5568
51071,MG,RIO NOVO,3155405,310027,Juiz de Fora,3106,Juíz de Fora,8518
51098,MG,RIO PARANAÍBA,3155504,310062,Patos de Minas,3112,Patos de Minas,14532
51110,MG,RIO PARDO DE MINAS,3155603,310008,Salinas,3102,Montes Claros,28271
51136,MG,RIO PIRACICABA,3155702,310026,João Monlevade,3105,Ipatinga,14631
51152,MG,RIO POMBA,3155801,310029,Ubá,3106,Juíz de Fora,17443
51179,MG,RIO PRETO,3155900,310027,Juiz de Fora,3106,Juíz de Fora,5141
51195,MG,RIO VERMELHO,3156007,310021,Guanhães,3104,Governador Valadares,12641
51217,MG,RITÁPOLIS,3156106,310039,São João del Rei,3107,Barbacena,4994
51233,MG,ROCHEDO DE MINAS,3156205,310035,São João Nepomuceno - Bicas,3106,Juíz de Fora,2291
51250,MG,RODEIRO,3156304,310029,Ubá,3106,Juíz de Fora,8664
51276,MG,ROMARIA,3156403,310061,Monte Carmelo,3111,Uberlândia,3386
40622,MG,ROSÁRIO DA LIMEIRA,3156452,310031,Muriaé,3106,Juíz de Fora,4734
51292,MG,RUBELITA,3156502,310008,Salinas,3102,Montes Claros,5679
51314,MG,RUBIM,3156601,310015,Almenara,3103,Teófilo Otoni,10298
51330,MG,SABARÁ,3156700,310001,Belo Horizonte,3101,Belo Horizonte,129380
51357,MG,SABINÓPOLIS,3156809,310021,Guanhães,3104,Governador Valadares,14240
51373,MG,SACRAMENTO,3156908,310055,Uberaba,3110,Uberaba,26670
51390,MG,SALINAS,3157005,310008,Salinas,3102,Montes Claros,40178
51411,MG,SALTO DA DIVISA,3157104,310015,Almenara,3103,Teófilo Otoni,6110
51438,MG,SANTA BÁRBARA,3157203,310003,Santa Bárbara - Ouro Preto,3101,Belo Horizonte,30466
40649,MG,SANTA BÁRBARA DO LESTE,3157252,310025,Caratinga,3105,Ipatinga,8458
41440,MG,SANTA BÁRBARA DO MONTE VERDE,3157278,310027,Juiz de Fora,3106,Juíz de Fora,3095
51454,MG,SANTA BÁRBARA DO TUGÚRIO,3157302,310037,Barbacena,3107,Barbacena,4208
41467,MG,SANTA CRUZ DE MINAS,3157336,310039,São João del Rei,3107,Barbacena,8109
41483,MG,SANTA CRUZ DE SALINAS,3157377,310008,Salinas,3102,Montes Claros,3910
51470,MG,SANTA CRUZ DO ESCALVADO,3157401,310030,Ponte Nova,3106,Juíz de Fora,4673
51497,MG,SANTA EFIGÊNIA DE MINAS,3157500,310020,Governador Valadares,3104,Governador Valadares,4039
51519,MG,SANTA FÉ DE MINAS,3157609,310010,Pirapora,3102,Montes Claros,3522
41505,MG,SANTA HELENA DE MINAS,3157658,310019,Águas Formosas,3103,Teófilo Otoni,5938
51535,MG,SANTA JULIANA,3157708,310055,Uberaba,3110,Uberaba,15734
51551,MG,SANTA LUZIA,3157807,310001,Belo Horizonte,3101,Belo Horizonte,219132
51578,MG,SANTA MARGARIDA,3157906,310028,Manhuaçu,3106,Juíz de Fora,16395
51594,MG,SANTA MARIA DE ITABIRA,3158003,310005,Itabira,3101,Belo Horizonte,10485
51616,MG,SANTA MARIA DO SALTO,3158102,310015,Almenara,3103,Teófilo Otoni,4755
51632,MG,SANTA MARIA DO SUAÇUÍ,3158201,310021,Guanhães,3104,Governador Valadares,12788
51837,MG,SANTA RITA DE CALDAS,3159209,310051,Poços de Caldas,3109,Pouso Alegre,8460
51870,MG,SANTA RITA DE IBITIPOCA,3159407,310037,Barbacena,3107,Barbacena,3301
51853,MG,SANTA RITA DE JACUTINGA,3159308,310027,Juiz de Fora,3106,Juíz de Fora,4755
40665,MG,SANTA RITA DE MINAS,3159357,310025,Caratinga,3105,Ipatinga,6773
51896,MG,SANTA RITA DO ITUETO,3159506,310023,Aimorés - Resplendor,3104,Governador Valadares,5826
51918,MG,SANTA RITA DO SAPUCAÍ,3159605,310050,Pouso Alegre,3109,Pouso Alegre,40635
51934,MG,SANTA ROSA DA SERRA,3159704,310056,Araxá,3110,Uberaba,3382
51950,MG,SANTA VITÓRIA,3159803,310060,Ituiutaba,3111,Uberlândia,20973
51659,MG,SANTANA DA VARGEM,3158300,310046,Três Pontas - Boa Esperança,3108,Varginha,6691
51675,MG,SANTANA DE CATAGUASES,3158409,310032,Cataguases,3106,Juíz de Fora,3489
51691,MG,SANTANA DE PIRAPAMA,3158508,310002,Sete Lagoas,3101,Belo Horizonte,7030
51713,MG,SANTANA DO DESERTO,3158607,310027,Juiz de Fora,3106,Juíz de Fora,3747
51730,MG,SANTANA DO GARAMBÉU,3158706,310037,Barbacena,3107,Barbacena,2137
51756,MG,SANTANA DO JACARÉ,3158805,310048,Campo Belo,3108,Varginha,4214
51772,MG,SANTANA DO MANHUAÇU,3158904,310028,Manhuaçu,3106,Juíz de Fora,8987
40681,MG,SANTANA DO PARAÍSO,3158953,310024,Ipatinga,3105,Ipatinga,44800
51799,MG,SANTANA DO RIACHO,3159001,310002,Sete Lagoas,3101,Belo Horizonte,5313
51810,MG,SANTANA DOS MONTES,3159100,310038,Conselheiro Lafaiete,3107,Barbacena,3469
51977,MG,SANTO ANTÔNIO DO AMPARO,3159902,310043,Lavras,3108,Varginha,17285
51993,MG,SANTO ANTÔNIO DO AVENTUREIRO,3160009,310036,Além Paraíba,3106,Juíz de Fora,3769
52019,MG,SANTO ANTÔNIO DO GRAMA,3160108,310030,Ponte Nova,3106,Juíz de Fora,4229
52035,MG,SANTO ANTÔNIO DO ITAMBÉ,3160207,310016,Diamantina,3103,Teófilo Otoni,3915
52051,MG,SANTO ANTÔNIO DO JACINTO,3160306,310015,Almenara,3103,Teófilo Otoni,10327
52078,MG,SANTO ANTÔNIO DO MONTE,3160405,310065,Divinópolis,3113,Divinópolis,27295
41521,MG,SANTO ANTÔNIO DO RETIRO,3160454,310012,Espinosa,3102,Montes Claros,6629
52094,MG,SANTO ANTÔNIO DO RIO ABAIXO,3160504,310005,Itabira,3101,Belo Horizonte,1808
52116,MG,SANTO HIPÓLITO,3160603,310004,Curvelo,3101,Belo Horizonte,2717
52132,MG,SANTOS DUMONT,3160702,310027,Juiz de Fora,3106,Juíz de Fora,42406
53074,MG,SAPUCAÍ-MIRIM,3165404,310052,Itajubá,3109,Pouso Alegre,6311
53090,MG,SARDOÁ,3165503,310020,Governador Valadares,3104,Governador Valadares,5104
40800,MG,SARZEDO,3165537,310001,Belo Horizonte,3101,Belo Horizonte,36844
40827,MG,SEM PEIXE,3165560,310030,Ponte Nova,3106,Juíz de Fora,2433
40843,MG,SENADOR AMARAL,3165578,310050,Pouso Alegre,3109,Pouso Alegre,6206
53112,MG,SENADOR CORTES,3165602,310035,São João Nepomuceno - Bicas,3106,Juíz de Fora,2240
53139,MG,SENADOR FIRMINO,3165701,310029,Ubá,3106,Juíz de Fora,7716
53155,MG,SENADOR JOSÉ BENTO,3165800,310050,Pouso Alegre,3109,Pouso Alegre,2068
53171,MG,SENADOR MODESTINO GONÇALVES,3165909,310016,Diamantina,3103,Teófilo Otoni,4008
53198,MG,SENHORA DE OLIVEIRA,3166006,310038,Conselheiro Lafaiete,3107,Barbacena,5483
53210,MG,SENHORA DO PORTO,3166105,310021,Guanhães,3104,Governador Valadares,3067
53236,MG,SENHORA DOS REMÉDIOS,3166204,310037,Barbacena,3107,Barbacena,10384
53252,MG,SERICITA,3166303,310030,Ponte Nova,3106,Juíz de Fora,7345
53279,MG,SERITINGA,3166402,310054,Caxambu - Baependi,3109,Pouso Alegre,1819
53295,MG,SERRA AZUL DE MINAS,3166501,310016,Diamantina,3103,Teófilo Otoni,3792
53317,MG,SERRA DA SAUDADE,3166600,310067,Dores do Indaiá,3113,Divinópolis,833
53350,MG,SERRA DO SALITRE,3166808,310064,Patrocínio,3112,Patos de Minas,11801
53333,MG,SERRA DOS AIMORÉS,3166709,310013,Teófilo Otoni,3103,Teófilo Otoni,6944
53376,MG,SERRANIA,3166907,310042,Alfenas,3108,Varginha,7621
53392,MG,SERRANOS,3167004,310054,Caxambu - Baependi,3109,Pouso Alegre,1990
42382,MG,SERRANÓPOLIS DE MINAS,3166956,310007,Janaúba,3102,Montes Claros,4399
53414,MG,SERRO,3167103,310016,Diamantina,3103,Teófilo Otoni,21952
53430,MG,SETE LAGOAS,3167202,310002,Sete Lagoas,3101,Belo Horizonte,227397
42404,MG,SETUBINHA,3165552,310013,Teófilo Otoni,3103,Teófilo Otoni,9917
53457,MG,SILVEIRÂNIA,3167301,310029,Ubá,3106,Juíz de Fora,2323
53473,MG,SILVIANÓPOLIS,3167400,310050,Pouso Alegre,3109,Pouso Alegre,6179
53511,MG,SIMONÉSIA,3167608,310028,Manhuaçu,3106,Juíz de Fora,19750
53490,MG,SIMÃO PEREIRA,3167509,310027,Juiz de Fora,3106,Juíz de Fora,2947
53538,MG,SOBRÁLIA,3167707,310020,Governador Valadares,3104,Governador Valadares,5137
53554,MG,SOLEDADE DE MINAS,3167806,310053,São Lourenço,3109,Pouso Alegre,5613
52159,MG,SÃO BENTO ABADE,3160801,310045,Três Corações,3108,Varginha,4713
52175,MG,SÃO BRÁS DO SUAÇUÍ,3160900,310038,Conselheiro Lafaiete,3107,Barbacena,3989
41548,MG,SÃO DOMINGOS DAS DORES,3160959,310025,Caratinga,3105,Ipatinga,5626
52191,MG,SÃO DOMINGOS DO PRATA,3161007,310026,João Monlevade,3105,Ipatinga,17392
52213,MG,SÃO FRANCISCO,3161106,310011,São Francisco,3102,Montes Claros,52762
52230,MG,SÃO FRANCISCO DE PAULA,3161205,310069,Oliveira,3113,Divinópolis,6187
52256,MG,SÃO FRANCISCO DE SALES,3161304,310058,Iturama,3110,Uberaba,5732
52272,MG,SÃO FRANCISCO DO GLÓRIA,3161403,310031,Muriaé,3106,Juíz de Fora,4800
41564,MG,SÃO FÉLIX DE MINAS,3161056,310022,Mantena,3104,Governador Valadares,3200
52299,MG,SÃO GERALDO,3161502,310029,Ubá,3106,Juíz de Fora,10282
52310,MG,SÃO GERALDO DA PIEDADE,3161601,310020,Governador Valadares,3104,Governador Valadares,3305
41580,MG,SÃO GERALDO DO BAIXIO,3161650,310020,Governador Valadares,3104,Governador Valadares,3143
52337,MG,SÃO GONÇALO DO ABAETÉ,3161700,310062,Patos de Minas,3112,Patos de Minas,7375
52353,MG,SÃO GONÇALO DO PARÁ,3161809,310065,Divinópolis,3113,Divinópolis,11770
52370,MG,SÃO GONÇALO DO RIO ABAIXO,3161908,310026,João Monlevade,3105,Ipatinga,11850
45098,MG,SÃO GONÇALO DO RIO PRETO,3125507,310016,Diamantina,3103,Teófilo Otoni,3032
52396,MG,SÃO GONÇALO DO SAPUCAÍ,3162005,310040,Varginha,3108,Varginha,23959
52418,MG,SÃO GOTARDO,3162104,310062,Patos de Minas,3112,Patos de Minas,40910
41629,MG,SÃO JOAQUIM DE BICAS,3162922,310001,Belo Horizonte,3101,Belo Horizonte,34348
41645,MG,SÃO JOSÉ DA BARRA,3162948,310041,Passos,3108,Varginha,7793
40789,MG,SÃO JOSÉ DA LAPA,3162955,310001,Belo Horizonte,3101,Belo Horizonte,26090
52590,MG,SÃO JOSÉ DA SAFIRA,3163003,310020,Governador Valadares,3104,Governador Valadares,3806
52612,MG,SÃO JOSÉ DA VARGINHA,3163102,310068,Pará de Minas,3113,Divinópolis,4536
52639,MG,SÃO JOSÉ DO ALEGRE,3163201,310052,Itajubá,3109,Pouso Alegre,4133
52655,MG,SÃO JOSÉ DO DIVINO,3163300,310013,Teófilo Otoni,3103,Teófilo Otoni,3464
52671,MG,SÃO JOSÉ DO GOIABAL,3163409,310024,Ipatinga,3105,Ipatinga,5396
52698,MG,SÃO JOSÉ DO JACURI,3163508,310021,Guanhães,3104,Governador Valadares,6197
52710,MG,SÃO JOSÉ DO MANTIMENTO,3163607,310028,Manhuaçu,3106,Juíz de Fora,2753
52434,MG,SÃO JOÃO BATISTA DO GLÓRIA,3162203,310041,Passos,3108,Varginha,7652
40703,MG,SÃO JOÃO DA LAGOA,3162252,310006,Montes Claros,3102,Montes Claros,4822
52450,MG,SÃO JOÃO DA MATA,3162302,310050,Pouso Alegre,3109,Pouso Alegre,2914
52477,MG,SÃO JOÃO DA PONTE,3162401,310006,Montes Claros,3102,Montes Claros,23930
41602,MG,SÃO JOÃO DAS MISSÕES,3162450,310009,Januária,3102,Montes Claros,13024
52493,MG,SÃO JOÃO DEL REI,3162500,310039,São João del Rei,3107,Barbacena,90225
40720,MG,SÃO JOÃO DO MANHUAÇU,3162559,310028,Manhuaçu,3106,Juíz de Fora,11246
40746,MG,SÃO JOÃO DO MANTENINHA,3162575,310022,Mantena,3104,Governador Valadares,5331
52515,MG,SÃO JOÃO DO ORIENTE,3162609,310024,Ipatinga,3105,Ipatinga,7070
40762,MG,SÃO JOÃO DO PACUÍ,3162658,310006,Montes Claros,3102,Montes Claros,3972
52531,MG,SÃO JOÃO DO PARAÍSO,3162708,310008,Salinas,3102,Montes Claros,23910
52558,MG,SÃO JOÃO EVANGELISTA,3162807,310021,Guanhães,3104,Governador Valadares,15315
52574,MG,SÃO JOÃO NEPOMUCENO,3162906,310035,São João Nepomuceno - Bicas,3106,Juíz de Fora,25565
52736,MG,SÃO LOURENÇO,3163706,310053,São Lourenço,3109,Pouso Alegre,44798
52752,MG,SÃO MIGUEL DO ANTA,3163805,310033,Viçosa,3106,Juíz de Fora,6334
52779,MG,SÃO PEDRO DA UNIÃO,3163904,310044,Guaxupé,3108,Varginha,4885
52817,MG,SÃO PEDRO DO SUAÇUÍ,3164100,310021,Guanhães,3104,Governador Valadares,5103
52795,MG,SÃO PEDRO DOS FERROS,3164001,310030,Ponte Nova,3106,Juíz de Fora,7166
52833,MG,SÃO ROMÃO,3164209,310011,São Francisco,3102,Montes Claros,10315
52850,MG,SÃO ROQUE DE MINAS,3164308,310049,Piumhi,3108,Varginha,7129
52876,MG,SÃO SEBASTIÃO DA BELA VISTA,3164407,310050,Pouso Alegre,3109,Pouso Alegre,6387
42340,MG,SÃO SEBASTIÃO DA VARGEM ALEGRE,3164431,310031,Muriaé,3106,Juíz de Fora,3113
42366,MG,SÃO SEBASTIÃO DO ANTA,3164472,310025,Caratinga,3105,Ipatinga,6194
52892,MG,SÃO SEBASTIÃO DO MARANHÃO,3164506,310021,Guanhães,3104,Governador Valadares,10079
52914,MG,SÃO SEBASTIÃO DO OESTE,3164605,310065,Divinópolis,3113,Divinópolis,8815
52930,MG,SÃO SEBASTIÃO DO PARAÍSO,3164704,310047,São Sebastião do Paraíso,3108,Varginha,71796
52957,MG,SÃO SEBASTIÃO DO RIO PRETO,3164803,310005,Itabira,3101,Belo Horizonte,1259
52973,MG,SÃO SEBASTIÃO DO RIO VERDE,3164902,310053,São Lourenço,3109,Pouso Alegre,2300
53031,MG,SÃO THOMÉ DAS LETRAS,3165206,310045,Três Corações,3108,Varginha,6904
52990,MG,SÃO TIAGO,3165008,310039,São João del Rei,3107,Barbacena,11192
53015,MG,SÃO TOMÁS DE AQUINO,3165107,310047,São Sebastião do Paraíso,3108,Varginha,6740
53058,MG,SÃO VICENTE DE MINAS,3165305,310039,São João del Rei,3107,Barbacena,6804
53570,MG,TABULEIRO,3167905,310029,Ubá,3106,Juíz de Fora,4014
53597,MG,TAIOBEIRAS,3168002,310008,Salinas,3102,Montes Claros,33050
42420,MG,TAPARUBA,3168051,310028,Manhuaçu,3106,Juíz de Fora,3387
53619,MG,TAPIRA,3168101,310056,Araxá,3110,Uberaba,4118
53635,MG,TAPIRAÍ,3168200,310066,Formiga,3113,Divinópolis,1690
53651,MG,TAQUARAÇU DE MINAS,3168309,310001,Belo Horizonte,3101,Belo Horizonte,4224
53678,MG,TARUMIRIM,3168408,310020,Governador Valadares,3104,Governador Valadares,14709
53694,MG,TEIXEIRAS,3168507,310033,Viçosa,3106,Juíz de Fora,12255
53716,MG,TEÓFILO OTONI,3168606,310013,Teófilo Otoni,3103,Teófilo Otoni,137418
53732,MG,TIMÓTEO,3168705,310024,Ipatinga,3105,Ipatinga,81579
53759,MG,TIRADENTES,3168804,310039,São João del Rei,3107,Barbacena,7744
53775,MG,TIROS,3168903,310062,Patos de Minas,3112,Patos de Minas,7883
53791,MG,TOCANTINS,3169000,310029,Ubá,3106,Juíz de Fora,16185
42587,MG,TOCOS DO MOJI,3169059,310050,Pouso Alegre,3109,Pouso Alegre,3826
53813,MG,TOLEDO,3169109,310050,Pouso Alegre,3109,Pouso Alegre,7214
53830,MG,TOMBOS,3169208,310034,Carangola,3106,Juíz de Fora,8609
53856,MG,TRÊS CORAÇÕES,3169307,310045,Três Corações,3108,Varginha,75485
41157,MG,TRÊS MARIAS,3169356,310004,Curvelo,3101,Belo Horizonte,28895
53872,MG,TRÊS PONTAS,3169406,310046,Três Pontas - Boa Esperança,3108,Varginha,55255
53899,MG,TUMIRITINGA,3169505,310020,Governador Valadares,3104,Governador Valadares,5886
53910,MG,TUPACIGUARA,3169604,310059,Uberlândia,3111,Uberlândia,25470
53937,MG,TURMALINA,3169703,310014,Capelinha,3103,Teófilo Otoni,20000
53953,MG,TURVOLÂNDIA,3169802,310050,Pouso Alegre,3109,Pouso Alegre,4935
40860,MG,UBAPORANGA,3170057,310025,Caratinga,3105,Ipatinga,13017
53996,MG,UBAÍ,3170008,310011,São Francisco,3102,Montes Claros,11708
54011,MG,UBERABA,3170107,310055,Uberaba,3110,Uberaba,337836
54038,MG,UBERLÂNDIA,3170206,310059,Uberlândia,3111,Uberlândia,713224
53970,MG,UBÁ,3169901,310029,Ubá,3106,Juíz de Fora,103365
54054,MG,UMBURATIBA,3170305,310019,Águas Formosas,3103,Teófilo Otoni,2684
54070,MG,UNAÍ,3170404,310063,Unaí,3112,Patos de Minas,86619
42447,MG,UNIÃO DE MINAS,3170438,310058,Iturama,3110,Uberaba,3828
42463,MG,URUANA DE MINAS,3170479,310063,Unaí,3112,Patos de Minas,3282
40886,MG,URUCUIA,3170529,310063,Unaí,3112,Patos de Minas,17479
54097,MG,URUCÂNIA,3170503,310030,Ponte Nova,3106,Juíz de Fora,10600
40908,MG,VARGEM ALEGRE,3170578,310025,Caratinga,3105,Ipatinga,5780
54119,MG,VARGEM BONITA,3170602,310049,Piumhi,3108,Varginha,2158
42480,MG,VARGEM GRANDE DO RIO PARDO,3170651,310008,Salinas,3102,Montes Claros,4633
54135,MG,VARGINHA,3170701,310040,Varginha,3108,Varginha,136467
42501,MG,VARJÃO DE MINAS,3170750,310062,Patos de Minas,3112,Patos de Minas,6969
54178,MG,VARZELÂNDIA,3170909,310006,Montes Claros,3102,Montes Claros,18840
54194,MG,VAZANTE,3171006,310062,Patos de Minas,3112,Patos de Minas,19975
42528,MG,VERDELÂNDIA,3171030,310007,Janaúba,3102,Montes Claros,7672
42544,MG,VEREDINHA,3171071,310014,Capelinha,3103,Teófilo Otoni,5181
42560,MG,VERMELHO NOVO,3171154,310025,Caratinga,3105,Ipatinga,4899
54232,MG,VERÍSSIMO,3171105,310055,Uberaba,3110,Uberaba,3411
54259,MG,VESPASIANO,3171204,310001,Belo Horizonte,3101,Belo Horizonte,129246
54291,MG,VIEIRAS,3171402,310031,Muriaé,3106,Juíz de Fora,3700
54330,MG,VIRGEM DA LAPA,3171600,310017,Araçuaí,3103,Teófilo Otoni,11804
54372,MG,VIRGINÓPOLIS,3171808,310021,Guanhães,3104,Governador Valadares,10314
54399,MG,VIRGOLÂNDIA,3171907,310020,Governador Valadares,3104,Governador Valadares,4552
54356,MG,VIRGÍNIA,3171709,310053,São Lourenço,3109,Pouso Alegre,8908
54410,MG,VISCONDE DO RIO BRANCO,3172004,310029,Ubá,3106,Juíz de Fora,39160
54275,MG,VIÇOSA,3171303,310033,Viçosa,3106,Juíz de Fora,76430
54437,MG,VOLTA GRANDE,3172103,310036,Além Paraíba,3106,Juíz de Fora,4443
54151,MG,VÁRZEA DA PALMA,3170800,310010,Pirapora,3102,Montes Claros,33744
54216,MG,WENCESLAU BRAZ,3172202,310052,Itajubá,3109,Pouso Alegre,2356
40118,MG,ÁGUA BOA,3100609,310014,Capelinha,3103,Teófilo Otoni,12589
40134,MG,ÁGUA COMPRIDA,3100708,310055,Uberaba,3110,Uberaba,2108
40177,MG,ÁGUAS FORMOSAS,3100906,310019,Águas Formosas,3103,Teófilo Otoni,18448
40193,MG,ÁGUAS VERMELHAS,3101003,310018,Pedra Azul,3103,Teófilo Otoni,14037
55018,MS,ALCINÓPOLIS,5000252,500004,Coxim,5001,Campo Grande,4537
90115,MS,AMAMBAI,5000609,500009,Amambai,5002,Dourados,39325
90131,MS,ANASTÁCIO,5000708,500012,Aquidauana - Anastácio,5003,Corumbá,24114
90158,MS,ANAURILÂNDIA,5000807,500007,Nova Andradina,5002,Dourados,7653
91693,MS,ANGÉLICA,5000856,500007,Nova Andradina,5002,Dourados,10729
90174,MS,ANTÔNIO JOÃO,5000906,500008,Ponta Porã,5002,Dourados,9303
90190,MS,APARECIDA DO TABOADO,5001003,500003,Paranaíba - Chapadão do Sul - Cassilândia,5001,Campo Grande,27674
90212,MS,AQUIDAUANA,5001102,500012,Aquidauana - Anastácio,5003,Corumbá,46803
91715,MS,ARAL MOREIRA,5001243,500008,Ponta Porã,5002,Dourados,10748
90298,MS,BANDEIRANTES,5001508,500001,Campo Grande,5001,Campo Grande,7940
90379,MS,BATAGUASSU,5001904,500002,Três Lagoas,5001,Campo Grande,23031
90395,MS,BATAYPORÃ,5002001,500007,Nova Andradina,5002,Dourados,10712
90417,MS,BELA VISTA,5002100,500011,Jardim,5003,Corumbá,21613
98019,MS,BODOQUENA,5002159,500012,Aquidauana - Anastácio,5003,Corumbá,8567
90433,MS,BONITO,5002209,500011,Jardim,5003,Corumbá,23659
90450,MS,BRASILÂNDIA,5002308,500002,Três Lagoas,5001,Campo Grande,11579
90557,MS,CAARAPÓ,5002407,500005,Dourados,5002,Dourados,30612
90492,MS,CAMAPUÃ,5002605,500001,Campo Grande,5001,Campo Grande,13583
90514,MS,CAMPO GRANDE,5002704,500001,Campo Grande,5001,Campo Grande,898100
90530,MS,CARACOL,5002803,500011,Jardim,5003,Corumbá,5036
90573,MS,CASSILÂNDIA,5002902,500003,Paranaíba - Chapadão do Sul - Cassilândia,5001,Campo Grande,20988
91782,MS,CHAPADÃO DO SUL,5002951,500003,Paranaíba - Chapadão do Sul - Cassilândia,5001,Campo Grande,30993
90611,MS,CORGUINHO,5003108,500001,Campo Grande,5001,Campo Grande,4783
98590,MS,CORONEL SAPUCAIA,5003157,500009,Amambai,5002,Dourados,14289
90638,MS,CORUMBÁ,5003207,500010,Corumbá,5003,Corumbá,96268
98035,MS,COSTA RICA,5003256,500004,Coxim,5001,Campo Grande,26037
90654,MS,COXIM,5003306,500004,Coxim,5001,Campo Grande,32151
91758,MS,DEODÁPOLIS,5003454,500005,Dourados,5002,Dourados,13663
91804,MS,DOIS IRMÃOS DO BURITI,5003488,500001,Campo Grande,5001,Campo Grande,11100
98051,MS,DOURADINA,5003504,500005,Dourados,5002,Dourados,5578
90735,MS,DOURADOS,5003702,500005,Dourados,5002,Dourados,243367
91731,MS,ELDORADO,5003751,500006,Naviraí - Mundo Novo,5002,Dourados,11386
55069,MS,FIGUEIRÃO,5003900,500004,Coxim,5001,Campo Grande,3539
90751,MS,FÁTIMA DO SUL,5003801,500005,Dourados,5002,Dourados,20609
90794,MS,GLÓRIA DE DOURADOS,5004007,500005,Dourados,5002,Dourados,10444
90816,MS,GUIA LOPES DA LAGUNA,5004106,500011,Jardim,5003,Corumbá,9940
90859,MS,IGUATEMI,5004304,500006,Naviraí - Mundo Novo,5002,Dourados,13808
90875,MS,INOCÊNCIA,5004403,500003,Paranaíba - Chapadão do Sul - Cassilândia,5001,Campo Grande,8404
90891,MS,ITAPORÃ,5004502,500005,Dourados,5002,Dourados,24137
98078,MS,ITAQUIRAÍ,5004601,500006,Naviraí - Mundo Novo,5002,Dourados,19423
90930,MS,IVINHEMA,5004700,500007,Nova Andradina,5002,Dourados,27821
55034,MS,JAPORÃ,5004809,500006,Naviraí - Mundo Novo,5002,Dourados,8148
90972,MS,JARAGUARI,5004908,500001,Campo Grande,5001,Campo Grande,7139
90999,MS,JARDIM,5005004,500011,Jardim,5003,Corumbá,23981
91014,MS,JATEÍ,5005103,500005,Dourados,5002,Dourados,3586
91820,MS,JUTI,5005152,500005,Dourados,5002,Dourados,6729
91030,MS,LADÁRIO,5005202,500010,Corumbá,5003,Corumbá,21522
55026,MS,LAGUNA CARAPÃ,5005251,500005,Dourados,5002,Dourados,6799
91073,MS,MARACAJU,5005400,500005,Dourados,5002,Dourados,45047
91111,MS,MIRANDA,5005608,500012,Aquidauana - Anastácio,5003,Corumbá,25536
91790,MS,MUNDO NOVO,5005681,500006,Naviraí - Mundo Novo,5002,Dourados,19193
91138,MS,NAVIRAÍ,5005707,500006,Naviraí - Mundo Novo,5002,Dourados,50457
91154,MS,NIOAQUE,5005806,500011,Jardim,5003,Corumbá,13220
55000,MS,NOVA ALVORADA DO SUL,5006002,500001,Campo Grande,5001,Campo Grande,21822
91235,MS,NOVA ANDRADINA,5006200,500007,Nova Andradina,5002,Dourados,48563
55042,MS,NOVO HORIZONTE DO SUL,5006259,500007,Nova Andradina,5002,Dourados,4721
91251,MS,PARANAÍBA,5006309,500003,Paranaíba - Chapadão do Sul - Cassilândia,5001,Campo Grande,40957
91847,MS,PARANHOS,5006358,500009,Amambai,5002,Dourados,12921
55050,MS,PARAÍSO DAS ÁGUAS,5006275,500003,Paranaíba - Chapadão do Sul - Cassilândia,5001,Campo Grande,5510
91278,MS,PEDRO GOMES,5006408,500004,Coxim,5001,Campo Grande,6941
91316,MS,PONTA PORÃ,5006606,500008,Ponta Porã,5002,Dourados,92017
91375,MS,PORTO MURTINHO,5006903,500011,Jardim,5003,Corumbá,12859
91413,MS,RIBAS DO RIO PARDO,5007109,500001,Campo Grande,5001,Campo Grande,23150
91430,MS,RIO BRILHANTE,5007208,500005,Dourados,5002,Dourados,37601
91456,MS,RIO NEGRO,5007307,500001,Campo Grande,5001,Campo Grande,4841
91472,MS,RIO VERDE DE MATO GROSSO,5007406,500004,Coxim,5001,Campo Grande,19818
91499,MS,ROCHEDO,5007505,500001,Campo Grande,5001,Campo Grande,5199
91863,MS,SANTA RITA DO PARDO,5007554,500002,Três Lagoas,5001,Campo Grande,7027
98116,MS,SELVÍRIA,5007802,500002,Três Lagoas,5001,Campo Grande,8142
98132,MS,SETE QUEDAS,5007703,500009,Amambai,5002,Dourados,10994
91570,MS,SIDROLÂNDIA,5007901,500001,Campo Grande,5001,Campo Grande,47118
91880,MS,SONORA,5007935,500004,Coxim,5001,Campo Grande,14516
98094,MS,SÃO GABRIEL DO OESTE,5007695,500001,Campo Grande,5001,Campo Grande,29579
98159,MS,TACURU,5007950,500009,Amambai,5002,Dourados,10808
98175,MS,TAQUARUSSU,5007976,500007,Nova Andradina,5002,Dourados,3625
91596,MS,TERENOS,5008008,500001,Campo Grande,5001,Campo Grande,17652
91650,MS,TRÊS LAGOAS,5008305,500002,Três Lagoas,5001,Campo Grande,132152
91901,MS,VICENTINA,5008404,500005,Dourados,5002,Dourados,6336
90034,MS,ÁGUA CLARA,5000203,500002,Três Lagoas,5001,Campo Grande,16741
90018,MT,ACORIZAL,5100102,510001,Cuiabá,5101,Cuiabá,5014
89877,MT,ALTA FLORESTA,5100250,510010,Alta Floresta,5103,Sinop,58613
90050,MT,ALTO ARAGUAIA,5100300,510016,Rondonópolis,5105,Rondonópolis,17193
90042,MT,ALTO BOA VISTA,5100359,510014,Confresa - Vila Rica,5104,Barra do Garças,5715
90077,MT,ALTO GARÇAS,5100409,510016,Rondonópolis,5105,Rondonópolis,13052
90093,MT,ALTO PARAGUAI,5100508,510003,Diamantino,5101,Cuiabá,8009
98612,MT,ALTO TAQUARI,5100607,510016,Rondonópolis,5105,Rondonópolis,10904
90263,MT,APIACÁS,5100805,510010,Alta Floresta,5103,Sinop,8590
98639,MT,ARAGUAIANA,5101001,510013,Barra do Garças,5104,Barra do Garças,3795
90239,MT,ARAGUAINHA,5101209,510016,Rondonópolis,5105,Rondonópolis,1010
89893,MT,ARAPUTANGA,5101258,510006,Mirassol D'oeste,5102,Cáceres,14786
90255,MT,ARENÁPOLIS,5101308,510003,Diamantino,5101,Cuiabá,10576
90271,MT,ARIPUANÃ,5101407,510009,Juína,5103,Sinop,24626
90336,MT,BARRA DO BUGRES,5101704,510002,Tangará da Serra,5101,Cuiabá,29403
90352,MT,BARRA DO GARÇAS,5101803,510013,Barra do Garças,5104,Barra do Garças,69210
90310,MT,BARÃO DE MELGAÇO,5101605,510001,Cuiabá,5101,Cuiabá,7253
90905,MT,BOM JESUS DO ARAGUAIA,5101852,510014,Confresa - Vila Rica,5104,Barra do Garças,7280
90468,MT,BRASNORTE,5101902,510002,Tangará da Serra,5101,Cuiabá,17004
98655,MT,CAMPINÁPOLIS,5102603,510015,Água Boa,5104,Barra do Garças,15347
90484,MT,CAMPO NOVO DO PARECIS,5102637,510002,Tangará da Serra,5101,Cuiabá,45899
90506,MT,CAMPO VERDE,5102678,510001,Cuiabá,5101,Cuiabá,44585
90743,MT,CAMPOS DE JÚLIO,5102686,510005,Pontes e Lacerda - Comodoro,5102,Cáceres,8822
90085,MT,CANABRAVA DO NORTE,5102694,510014,Confresa - Vila Rica,5104,Barra do Garças,4485
91936,MT,CANARANA,5102702,510015,Água Boa,5104,Barra do Garças,25858
90760,MT,CARLINDA,5102793,510010,Alta Floresta,5103,Sinop,10332
90549,MT,CASTANHEIRA,5102850,510009,Juína,5103,Sinop,7506
90590,MT,CHAPADA DOS GUIMARÃES,5103007,510001,Cuiabá,5101,Cuiabá,18990
90522,MT,CLÁUDIA,5103056,510007,Sinop,5103,Sinop,9593
98671,MT,COCALINHO,5103106,510015,Água Boa,5104,Barra do Garças,6220
89788,MT,COLNIZA,5103254,510009,Juína,5103,Sinop,25766
89796,MT,COLÍDER,5103205,510007,Sinop,5103,Sinop,31370
99015,MT,COMODORO,5103304,510005,Pontes e Lacerda - Comodoro,5102,Cáceres,18238
90280,MT,CONFRESA,5103353,510014,Confresa - Vila Rica,5104,Barra do Garças,35075
91006,MT,CONQUISTA D'OESTE,5103361,510005,Pontes e Lacerda - Comodoro,5102,Cáceres,3760
90425,MT,COTRIGUAÇU,5103379,510009,Juína,5103,Sinop,11011
90670,MT,CUIABÁ,5103403,510001,Cuiabá,5101,Cuiabá,650877
89800,MT,CURVELÂNDIA,5103437,510004,Cáceres,5102,Cáceres,4903
90476,MT,CÁCERES,5102504,510004,Cáceres,5102,Cáceres,89681
98337,MT,DENISE,5103452,510002,Tangará da Serra,5101,Cuiabá,7014
90697,MT,DIAMANTINO,5103502,510003,Diamantino,5101,Cuiabá,21941
90719,MT,DOM AQUINO,5103601,510018,Jaciara,5105,Rondonópolis,7872
90786,MT,FELIZ NATAL,5103700,510007,Sinop,5103,Sinop,10521
99031,MT,FIGUEIRÓPOLIS D'OESTE,5103809,510006,Mirassol D'oeste,5102,Cáceres,3187
90824,MT,GAÚCHA DO NORTE,5103858,510015,Água Boa,5104,Barra do Garças,8642
90778,MT,GENERAL CARNEIRO,5103908,510013,Barra do Garças,5104,Barra do Garças,6037
90204,MT,GLÓRIA D'OESTE,5103957,510006,Mirassol D'oeste,5102,Cáceres,2905
99058,MT,GUARANTÃ DO NORTE,5104104,510011,Peixoto de Azevedo - Guarantã do Norte,5103,Sinop,31024
90832,MT,GUIRATINGA,5104203,510016,Rondonópolis,5105,Rondonópolis,10966
99074,MT,INDIAVAÍ,5104500,510006,Mirassol D'oeste,5102,Cáceres,2213
91081,MT,IPIRANGA DO NORTE,5104526,510008,Sorriso,5103,Sinop,7815
91103,MT,ITANHANGÁ,5104542,510008,Sorriso,5103,Sinop,7539
98698,MT,ITAÚBA,5104559,510007,Sinop,5103,Sinop,5020
90913,MT,ITIQUIRA,5104609,510016,Rondonópolis,5105,Rondonópolis,12236
90956,MT,JACIARA,5104807,510018,Jaciara,5105,Rondonópolis,28569
90565,MT,JANGADA,5104906,510001,Cuiabá,5101,Cuiabá,7426
89915,MT,JAURU,5105002,510006,Mirassol D'oeste,5102,Cáceres,8367
98191,MT,JUARA,5105101,510012,Juara,5103,Sinop,34906
90581,MT,JURUENA,5105176,510009,Juína,5103,Sinop,10213
91898,MT,JUSCIMEIRA,5105200,510018,Jaciara,5105,Rondonópolis,11480
98310,MT,JUÍNA,5105150,510009,Juína,5103,Sinop,45869
90301,MT,LAMBARI D'OESTE,5105234,510004,Cáceres,5102,Cáceres,4790
90603,MT,LUCAS DO RIO VERDE,5105259,510008,Sorriso,5103,Sinop,83798
91057,MT,LUCIARA,5105309,510014,Confresa - Vila Rica,5104,Barra do Garças,2509
98710,MT,MARCELÂNDIA,5105580,510007,Sinop,5103,Sinop,11396
90620,MT,MATUPÁ,5105606,510011,Peixoto de Azevedo - Guarantã do Norte,5103,Sinop,20091
91774,MT,MIRASSOL D'OESTE,5105622,510006,Mirassol D'oeste,5102,Cáceres,26785
91170,MT,NOBRES,5105903,510001,Cuiabá,5101,Cuiabá,15492
91197,MT,NORTELÂNDIA,5106000,510003,Diamantino,5101,Cuiabá,5956
91219,MT,NOSSA SENHORA DO LIVRAMENTO,5106109,510001,Cuiabá,5101,Cuiabá,12940
90387,MT,NOVA BANDEIRANTES,5106158,510010,Alta Floresta,5103,Sinop,13635
89818,MT,NOVA BRASILÂNDIA,5106208,510001,Cuiabá,5101,Cuiabá,3932
98752,MT,NOVA CANAÃ DO NORTE,5106216,510007,Sinop,5103,Sinop,11707
90140,MT,NOVA GUARITA,5108808,510007,Sinop,5103,Sinop,4590
90867,MT,NOVA LACERDA,5106182,510005,Pontes e Lacerda - Comodoro,5102,Cáceres,6670
90166,MT,NOVA MARILÂNDIA,5108857,510003,Diamantino,5101,Cuiabá,3529
90123,MT,NOVA MARINGÁ,5108907,510003,Diamantino,5101,Cuiabá,5846
90360,MT,NOVA MONTE VERDE,5108956,510010,Alta Floresta,5103,Sinop,8313
90646,MT,NOVA MUTUM,5106224,510008,Sorriso,5103,Sinop,55839
90964,MT,NOVA NAZARÉ,5106174,510015,Água Boa,5104,Barra do Garças,4200
98736,MT,NOVA OLÍMPIA,5106232,510002,Tangará da Serra,5101,Cuiabá,16352
89826,MT,NOVA SANTA HELENA,5106190,510007,Sinop,5103,Sinop,4239
90883,MT,NOVA UBIRATÃ,5106240,510008,Sorriso,5103,Sinop,11530
91952,MT,NOVA XAVANTINA,5106257,510013,Barra do Garças,5104,Barra do Garças,24345
98795,MT,NOVO HORIZONTE DO NORTE,5106273,510012,Juara,5103,Sinop,3349
90808,MT,NOVO MUNDO,5106265,510011,Peixoto de Azevedo - Guarantã do Norte,5103,Sinop,6520
90948,MT,NOVO SANTO ANTÔNIO,5106315,510014,Confresa - Vila Rica,5104,Barra do Garças,2015
98779,MT,NOVO SÃO JOAQUIM,5106281,510013,Barra do Garças,5104,Barra do Garças,6919
89834,MT,PARANATINGA,5106307,510017,Primavera do Leste,5105,Rondonópolis,26423
98833,MT,PARANAÍTA,5106299,510010,Alta Floresta,5103,Sinop,11671
91812,MT,PEDRA PRETA,5106372,510016,Rondonópolis,5105,Rondonópolis,18066
98817,MT,PEIXOTO DE AZEVEDO,5106422,510011,Peixoto de Azevedo - Guarantã do Norte,5103,Sinop,32714
90344,MT,PLANALTO DA SERRA,5106455,510001,Cuiabá,5101,Cuiabá,3166
91294,MT,POCONÉ,5106505,510001,Cuiabá,5101,Cuiabá,31217
90700,MT,PONTAL DO ARAGUAIA,5106653,510013,Barra do Garças,5104,Barra do Garças,6932
91332,MT,PONTE BRANCA,5106703,510013,Barra do Garças,5104,Barra do Garças,2008
89990,MT,PONTES E LACERDA,5106752,510005,Pontes e Lacerda - Comodoro,5102,Cáceres,52018
98850,MT,PORTO ALEGRE DO NORTE,5106778,510014,Confresa - Vila Rica,5104,Barra do Garças,12127
91359,MT,PORTO DOS GAÚCHOS,5106802,510012,Juara,5103,Sinop,5593
98876,MT,PORTO ESPERIDIÃO,5106828,510006,Mirassol D'oeste,5102,Cáceres,10204
90182,MT,PORTO ESTRELA,5106851,510002,Tangará da Serra,5101,Cuiabá,3224
91391,MT,POXORÉU,5107008,510017,Primavera do Leste,5105,Rondonópolis,23283
98892,MT,PRIMAVERA DO LESTE,5107040,510017,Primavera do Leste,5105,Rondonópolis,85146
90069,MT,QUERÊNCIA,5107065,510015,Água Boa,5104,Barra do Garças,26769
98914,MT,RESERVA DO CABAÇAL,5107156,510006,Mirassol D'oeste,5102,Cáceres,2122
90662,MT,RIBEIRÃO CASCALHEIRA,5107180,510015,Água Boa,5104,Barra do Garças,10089
90441,MT,RIBEIRÃOZINHO,5107198,510013,Barra do Garças,5104,Barra do Garças,2593
89958,MT,RIO BRANCO,5107206,510004,Cáceres,5102,Cáceres,4535
89960,MT,RONDOLÂNDIA,5107578,510009,Juína,5103,Sinop,3505
91510,MT,RONDONÓPOLIS,5107602,510016,Rondonópolis,5105,Rondonópolis,244911
91537,MT,ROSÁRIO OESTE,5107701,510001,Cuiabá,5101,Cuiabá,15453
89974,MT,SALTO DO CÉU,5107750,510004,Cáceres,5102,Cáceres,3679
90107,MT,SANTA CARMEM,5107248,510007,Sinop,5103,Sinop,5374
90980,MT,SANTA CRUZ DO XINGU,5107743,510014,Confresa - Vila Rica,5104,Barra do Garças,2661
91049,MT,SANTA RITA DO TRIVELATO,5107768,510008,Sorriso,5103,Sinop,3276
91979,MT,SANTA TEREZINHA,5107776,510014,Confresa - Vila Rica,5104,Barra do Garças,7596
90328,MT,SANTO AFONSO,5107263,510003,Diamantino,5101,Cuiabá,2519
89843,MT,SANTO ANTÔNIO DO LESTE,5107792,510017,Primavera do Leste,5105,Rondonópolis,4099
91553,MT,SANTO ANTÔNIO DO LEVERGER,5107800,510001,Cuiabá,5101,Cuiabá,15246
90727,MT,SAPEZAL,5107875,510002,Tangará da Serra,5101,Cuiabá,28944
90921,MT,SERRA NOVA DOURADA,5107883,510014,Confresa - Vila Rica,5104,Barra do Garças,1800
89850,MT,SINOP,5107909,510007,Sinop,5103,Sinop,196312
98930,MT,SORRISO,5107925,510008,Sorriso,5103,Sinop,110635
91839,MT,SÃO FÉLIX DO ARAGUAIA,5107859,510014,Confresa - Vila Rica,5104,Barra do Garças,13621
90026,MT,SÃO JOSÉ DO POVO,5107297,510016,Rondonópolis,5105,Rondonópolis,2875
91995,MT,SÃO JOSÉ DO RIO CLARO,5107305,510003,Diamantino,5101,Cuiabá,14911
90247,MT,SÃO JOSÉ DO XINGU,5107354,510014,Confresa - Vila Rica,5104,Barra do Garças,5964
89931,MT,SÃO JOSÉ DOS QUATRO MARCOS,5107107,510006,Mirassol D'oeste,5102,Cáceres,17849
90409,MT,SÃO PEDRO DA CIPA,5107404,510018,Jaciara,5105,Rondonópolis,4191
90220,MT,TABAPORÃ,5107941,510012,Juara,5103,Sinop,9818
91855,MT,TANGARÁ DA SERRA,5107958,510002,Tangará da Serra,5101,Cuiabá,106434
90689,MT,TAPURAH,5108006,510008,Sorriso,5103,Sinop,14370
98957,MT,TERRA NOVA DO NORTE,5108055,510007,Sinop,5103,Sinop,10616
91618,MT,TESOURO,5108105,510016,Rondonópolis,5105,Rondonópolis,3025
91634,MT,TORIXORÉU,5108204,510013,Barra do Garças,5104,Barra do Garças,4164
90840,MT,UNIÃO DO SUL,5108303,510007,Sinop,5103,Sinop,3838
91022,MT,VALE DE SÃO DOMINGOS,5108352,510005,Pontes e Lacerda - Comodoro,5102,Cáceres,2904
98973,MT,VERA,5108501,510008,Sorriso,5103,Sinop,12800
91090,MT,VILA BELA DA SANTÍSSIMA TRINDADE,5105507,510005,Pontes e Lacerda - Comodoro,5102,Cáceres,16774
98990,MT,VILA RICA,5108600,510014,Confresa - Vila Rica,5104,Barra do Garças,19888
91677,MT,VÁRZEA GRANDE,5108402,510001,Cuiabá,5101,Cuiabá,300078
91910,MT,ÁGUA BOA,5100201,510015,Água Boa,5104,Barra do Garças,29219
04014,PA,ABAETETUBA,1500107,150003,Abaetetuba,1501,Belém,158188
04502,PA,ABEL FIGUEIREDO,1500131,150009,Marabá,1503,Marabá,6136
04030,PA,ACARÁ,1500206,150001,Belém,1501,Belém,59023
04057,PA,AFUÁ,1500305,150020,Breves,1507,Breves,37765
04073,PA,ALENQUER,1500404,150015,Santarém,1505,Santarém,69377
04090,PA,ALMEIRIM,1500503,150019,Almeirim - Porto de Moz,1506,Altamira,34280
04111,PA,ALTAMIRA,1500602,150018,Altamira,1506,Altamira,126279
04138,PA,ANAJÁS,1500701,150020,Breves,1507,Breves,28011
04154,PA,ANANINDEUA,1500800,150001,Belém,1501,Belém,478778
04723,PA,ANAPU,1500859,150018,Altamira,1506,Altamira,31850
04170,PA,AUGUSTO CORRÊA,1500909,150005,Bragança,1502,Castanhal,44573
04340,PA,AURORA DO PARÁ,1500958,150007,Paragominas,1502,Castanhal,23774
04197,PA,AVEIRO,1501006,150016,Itaituba,1505,Santarém,18290
04219,PA,BAGRE,1501105,150020,Breves,1507,Breves,31892
04235,PA,BAIÃO,1501204,150011,Tucuruí,1503,Marabá,51641
04588,PA,BANNACH,1501253,150012,Redenção,1504,Redenção,4031
04251,PA,BARCARENA,1501303,150001,Belém,1501,Belém,126650
04804,PA,BELTERRA,1501451,150015,Santarém,1505,Santarém,18099
04278,PA,BELÉM,1501402,150001,Belém,1501,Belém,1303403
04294,PA,BENEVIDES,1501501,150001,Belém,1501,Belém,63567
04049,PA,BOM JESUS DO TOCANTINS,1501576,150009,Marabá,1503,Marabá,18005
04316,PA,BONITO,1501600,150006,Capanema,1502,Castanhal,12622
04332,PA,BRAGANÇA,1501709,150005,Bragança,1502,Castanhal,123082
04227,PA,BRASIL NOVO,1501725,150018,Altamira,1506,Altamira,24718
05932,PA,BREJO GRANDE DO ARAGUAIA,1501758,150009,Marabá,1503,Marabá,6783
04448,PA,BREU BRANCO,1501782,150011,Tucuruí,1503,Marabá,45712
04359,PA,BREVES,1501808,150020,Breves,1507,Breves,106968
04375,PA,BUJARU,1501907,150001,Belém,1501,Belém,24383
04391,PA,CACHOEIRA DO ARARI,1502004,150021,Soure-Salvaterra,1507,Breves,23981
04766,PA,CACHOEIRA DO PIRIÁ,1501956,150005,Bragança,1502,Castanhal,19630
04413,PA,CAMETÁ,1502103,150002,Cametá,1501,Belém,134184
04707,PA,CANAÃ DOS CARAJÁS,1502152,150010,Parauapebas,1503,Marabá,77079
04430,PA,CAPANEMA,1502202,150006,Capanema,1502,Castanhal,70394
04456,PA,CAPITÃO POÇO,1502301,150008,Capitão Poço,1502,Castanhal,56506
04472,PA,CASTANHAL,1502400,150004,Castanhal,1502,Castanhal,192256
04499,PA,CHAVES,1502509,150020,Breves,1507,Breves,20757
04510,PA,COLARES,1502608,150001,Belém,1501,Belém,12868
04537,PA,CONCEIÇÃO DO ARAGUAIA,1502707,150012,Redenção,1504,Redenção,44617
05819,PA,CONCÓRDIA DO PARÁ,1502756,150001,Belém,1501,Belém,26881
04529,PA,CUMARU DO NORTE,1502764,150012,Redenção,1504,Redenção,14036
05851,PA,CURIONÓPOLIS,1502772,150010,Parauapebas,1503,Marabá,19950
04553,PA,CURRALINHO,1502806,150020,Breves,1507,Breves,33903
04740,PA,CURUÁ,1502855,150017,Oriximiná,1505,Santarém,14117
04570,PA,CURUÇÁ,1502905,150004,Castanhal,1502,Castanhal,41262
05975,PA,DOM ELISEU,1502939,150007,Paragominas,1502,Castanhal,58484
04120,PA,ELDORADO DOS CARAJÁS,1502954,150010,Parauapebas,1503,Marabá,28192
04596,PA,FARO,1503002,150017,Oriximiná,1505,Santarém,8728
04561,PA,FLORESTA DO ARAGUAIA,1503044,150012,Redenção,1504,Redenção,17898
05878,PA,GARRAFÃO DO NORTE,1503077,150008,Capitão Poço,1502,Castanhal,24703
04006,PA,GOIANÉSIA DO PARÁ,1503093,150011,Tucuruí,1503,Marabá,26362
04618,PA,GURUPÁ,1503101,150020,Breves,1507,Breves,31786
04634,PA,IGARAPÉ-AÇU,1503200,150004,Castanhal,1502,Castanhal,35797
04650,PA,IGARAPÉ-MIRI,1503309,150003,Abaetetuba,1501,Belém,64831
04677,PA,INHANGAPI,1503408,150004,Castanhal,1502,Castanhal,10325
04189,PA,IPIXUNA DO PARÁ,1503457,150007,Paragominas,1502,Castanhal,30329
04693,PA,IRITUIA,1503507,150004,Castanhal,1502,Castanhal,30955
04715,PA,ITAITUBA,1503606,150016,Itaituba,1505,Santarém,123314
04731,PA,ITUPIRANGA,1503705,150009,Marabá,1503,Marabá,49754
04200,PA,JACAREACANGA,1503754,150016,Itaituba,1505,Santarém,24042
04758,PA,JACUNDÁ,1503804,150009,Marabá,1503,Marabá,37707
04774,PA,JURUTI,1503903,150017,Oriximiná,1505,Santarém,50881
04790,PA,LIMOEIRO DO AJURU,1504000,150002,Cametá,1501,Belém,29569
04812,PA,MAGALHÃES BARATA,1504109,150004,Castanhal,1502,Castanhal,8115
04839,PA,MARABÁ,1504208,150009,Marabá,1503,Marabá,266533
04855,PA,MARACANÃ,1504307,150004,Castanhal,1502,Castanhal,25971
04871,PA,MARAPANIM,1504406,150004,Castanhal,1502,Castanhal,26573
04642,PA,MARITUBA,1504422,150001,Belém,1501,Belém,111785
05770,PA,MEDICILÂNDIA,1504455,150018,Altamira,1506,Altamira,27094
04898,PA,MELGAÇO,1504505,150020,Breves,1507,Breves,27881
04910,PA,MOCAJUBA,1504604,150002,Cametá,1501,Belém,27198
04936,PA,MOJU,1504703,150003,Abaetetuba,1501,Belém,84094
04863,PA,MOJUÍ DOS CAMPOS,1504752,150015,Santarém,1505,Santarém,23501
04952,PA,MONTE ALEGRE,1504802,150015,Santarém,1505,Santarém,60012
04979,PA,MUANÁ,1504901,150021,Soure-Salvaterra,1507,Breves,45368
04103,PA,MÃE DO RIO,1504059,150007,Paragominas,1502,Castanhal,34353
04480,PA,NOVA ESPERANÇA DO PIRIÁ,1504950,150008,Capitão Poço,1502,Castanhal,20478
04600,PA,NOVA IPIXUNA,1504976,150009,Marabá,1503,Marabá,13955
04995,PA,NOVA TIMBOTEUA,1505007,150006,Capanema,1502,Castanhal,12806
04383,PA,NOVO PROGRESSO,1505031,150016,Itaituba,1505,Santarém,33638
04421,PA,NOVO REPARTIMENTO,1505064,150011,Tucuruí,1503,Marabá,60732
05037,PA,OEIRAS DO PARÁ,1505205,150002,Cametá,1501,Belém,33844
05053,PA,ORIXIMINÁ,1505304,150017,Oriximiná,1505,Santarém,68294
05959,PA,OURILÂNDIA DO NORTE,1505437,150013,Tucumã - São Félix do Xingu,1504,Redenção,32467
05070,PA,OURÉM,1505403,150008,Capitão Poço,1502,Castanhal,17855
05916,PA,PACAJÁ,1505486,150011,Tucuruí,1503,Marabá,41097
04162,PA,PALESTINA DO PARÁ,1505494,150009,Marabá,1503,Marabá,6885
05096,PA,PARAGOMINAS,1505502,150007,Paragominas,1502,Castanhal,105550
05835,PA,PARAUAPEBAS,1505536,150010,Parauapebas,1503,Marabá,267836
04308,PA,PAU D'ARCO,1505551,150012,Redenção,1504,Redenção,6931
05118,PA,PEIXE-BOI,1505601,150006,Capanema,1502,Castanhal,8285
04782,PA,PIÇARRA,1505635,150009,Marabá,1503,Marabá,12832
04626,PA,PLACAS,1505650,150016,Itaituba,1505,Santarém,18668
05134,PA,PONTA DE PEDRAS,1505700,150021,Soure-Salvaterra,1507,Breves,24984
05150,PA,PORTEL,1505809,150020,Breves,1507,Breves,62503
05177,PA,PORTO DE MOZ,1505908,150019,Almeirim - Porto de Moz,1506,Altamira,40597
05193,PA,PRAINHA,1506005,150015,Santarém,1505,Santarém,35577
05215,PA,PRIMAVERA,1506104,150006,Capanema,1502,Castanhal,10851
04685,PA,QUATIPURU,1506112,150006,Capanema,1502,Castanhal,11524
05673,PA,REDENÇÃO,1506138,150012,Redenção,1504,Redenção,85597
05690,PA,RIO MARIA,1506161,150014,Xinguara,1504,Redenção,18384
05738,PA,RONDON DO PARÁ,1506187,150009,Marabá,1503,Marabá,53143
05894,PA,RURÓPOLIS,1506195,150016,Itaituba,1505,Santarém,35769
05231,PA,SALINÓPOLIS,1506203,150006,Capanema,1502,Castanhal,44772
05258,PA,SALVATERRA,1506302,150021,Soure-Salvaterra,1507,Breves,24129
04243,PA,SANTA BÁRBARA DO PARÁ,1506351,150001,Belém,1501,Belém,21087
05274,PA,SANTA CRUZ DO ARARI,1506401,150021,Soure-Salvaterra,1507,Breves,7445
05290,PA,SANTA ISABEL DO PARÁ,1506500,150001,Belém,1501,Belém,73019
04146,PA,SANTA LUZIA DO PARÁ,1506559,150005,Bragança,1502,Castanhal,20370
05991,PA,SANTA MARIA DAS BARREIRAS,1506583,150012,Redenção,1504,Redenção,16548
05312,PA,SANTA MARIA DO PARÁ,1506609,150004,Castanhal,1502,Castanhal,24624
05339,PA,SANTANA DO ARAGUAIA,1506708,150012,Redenção,1504,Redenção,32413
05355,PA,SANTARÉM,1506807,150015,Santarém,1505,Santarém,331942
05371,PA,SANTARÉM NOVO,1506906,150006,Capanema,1502,Castanhal,6116
05398,PA,SANTO ANTÔNIO DO TAUÁ,1507003,150001,Belém,1501,Belém,27461
04847,PA,SAPUCAIA,1507755,150014,Xinguara,1504,Redenção,5847
05550,PA,SENADOR JOSÉ PORFÍRIO,1507805,150018,Altamira,1506,Altamira,22576
05576,PA,SOURE,1507904,150021,Soure-Salvaterra,1507,Breves,24204
05410,PA,SÃO CAETANO DE ODIVELAS,1507102,150001,Belém,1501,Belém,16666
04464,PA,SÃO DOMINGOS DO ARAGUAIA,1507151,150009,Marabá,1503,Marabá,21092
05436,PA,SÃO DOMINGOS DO CAPIM,1507201,150004,Castanhal,1502,Castanhal,30599
05479,PA,SÃO FRANCISCO DO PARÁ,1507409,150004,Castanhal,1502,Castanhal,14894
05452,PA,SÃO FÉLIX DO XINGU,1507300,150013,Tucumã - São Félix do Xingu,1504,Redenção,65418
05797,PA,SÃO GERALDO DO ARAGUAIA,1507458,150009,Marabá,1503,Marabá,24255
04820,PA,SÃO JOÃO DA PONTA,1507466,150004,Castanhal,1502,Castanhal,4430
04065,PA,SÃO JOÃO DE PIRABAS,1507474,150006,Capanema,1502,Castanhal,20689
05495,PA,SÃO JOÃO DO ARAGUAIA,1507508,150009,Marabá,1503,Marabá,13664
05517,PA,SÃO MIGUEL DO GUAMÁ,1507607,150004,Castanhal,1502,Castanhal,52894
05533,PA,SÃO SEBASTIÃO DA BOA VISTA,1507706,150020,Breves,1507,Breves,25643
04022,PA,TAILÂNDIA,1507953,150003,Abaetetuba,1501,Belém,72493
04545,PA,TERRA ALTA,1507961,150004,Castanhal,1502,Castanhal,10400
04367,PA,TERRA SANTA,1507979,150017,Oriximiná,1505,Santarém,18782
05592,PA,TOMÉ-AÇU,1508001,150001,Belém,1501,Belém,67585
04669,PA,TRACUATEUA,1508035,150005,Bragança,1502,Castanhal,28595
04286,PA,TRAIRÃO,1508050,150016,Itaituba,1505,Santarém,15242
04081,PA,TUCUMÃ,1508084,150013,Tucumã - São Félix do Xingu,1504,Redenção,39550
05614,PA,TUCURUÍ,1508100,150011,Tucuruí,1503,Marabá,91306
04324,PA,ULIANÓPOLIS,1508126,150007,Paragominas,1502,Castanhal,37972
05754,PA,URUARÁ,1508159,150018,Altamira,1506,Altamira,43558
05630,PA,VIGIA,1508209,150001,Belém,1501,Belém,50832
05657,PA,VISEU,1508308,150005,Bragança,1502,Castanhal,58692
04405,PA,VITÓRIA DO XINGU,1508357,150018,Altamira,1506,Altamira,15607
05711,PA,XINGUARA,1508407,150014,Xinguara,1504,Redenção,52893
04260,PA,ÁGUA AZUL DO NORTE,1500347,150014,Xinguara,1504,Redenção,18080
05010,PA,ÓBIDOS,1505106,150017,Oriximiná,1505,Santarém,52229
19038,PB,AGUIAR,2500205,250010,Itaporanga,2503,Patos,5003
19054,PB,ALAGOA GRANDE,2500304,250005,Campina Grande,2502,Campina Grande,26062
19070,PB,ALAGOA NOVA,2500403,250005,Campina Grande,2502,Campina Grande,21013
19097,PB,ALAGOINHA,2500502,250002,Guarabira,2501,João Pessoa,13725
19763,PB,ALCANTIL,2500536,250005,Campina Grande,2502,Campina Grande,5578
19925,PB,ALGODÃO DE JANDAÍRA,2500577,250005,Campina Grande,2502,Campina Grande,2953
19119,PB,ALHANDRA,2500601,250001,João Pessoa,2501,João Pessoa,21730
19585,PB,AMPARO,2500734,250008,Sumé,2502,Campina Grande,2234
19844,PB,APARECIDA,2500775,250014,Sousa,2504,Sousa - Cajazeiras,7960
19178,PB,ARARA,2500908,250002,Guarabira,2501,João Pessoa,12212
19194,PB,ARARUNA,2501005,250002,Guarabira,2501,João Pessoa,17189
19151,PB,ARAÇAGI,2500809,250002,Guarabira,2501,João Pessoa,16646
19216,PB,AREIA,2501104,250005,Campina Grande,2502,Campina Grande,22633
19909,PB,AREIA DE BARAÚNAS,2501153,250009,Patos,2503,Patos,2005
19232,PB,AREIAL,2501203,250005,Campina Grande,2502,Campina Grande,7128
19259,PB,AROEIRAS,2501302,250005,Campina Grande,2502,Campina Grande,18705
19321,PB,ASSUNÇÃO,2501351,250005,Campina Grande,2502,Campina Grande,4152
19313,PB,BANANEIRAS,2501500,250002,Guarabira,2501,João Pessoa,23134
19305,PB,BARAÚNA,2501534,250006,Cuité - Nova Floresta,2502,Campina Grande,4762
19330,PB,BARRA DE SANTA ROSA,2501609,250006,Cuité - Nova Floresta,2502,Campina Grande,12904
19780,PB,BARRA DE SANTANA,2501575,250005,Campina Grande,2502,Campina Grande,8059
19356,PB,BARRA DE SÃO MIGUEL,2501708,250005,Campina Grande,2502,Campina Grande,5906
19372,PB,BAYEUX,2501807,250001,João Pessoa,2501,João Pessoa,82742
19291,PB,BAÍA DA TRAIÇÃO,2501401,250003,Mamanguape - Rio Tinto,2501,João Pessoa,9224
19399,PB,BELÉM,2501906,250002,Guarabira,2501,João Pessoa,16401
19410,PB,BELÉM DO BREJO DO CRUZ,2502003,250011,Catolé do Rocha - São Bento,2503,Patos,6268
19500,PB,BERNARDINO BATISTA,2502052,250014,Sousa,2504,Sousa - Cajazeiras,3504
19437,PB,BOA VENTURA,2502102,250010,Itaporanga,2503,Patos,5207
19941,PB,BOA VISTA,2502151,250005,Campina Grande,2502,Campina Grande,6377
19453,PB,BOM JESUS,2502201,250015,Cajazeiras,2504,Sousa - Cajazeiras,2286
19470,PB,BOM SUCESSO,2502300,250011,Catolé do Rocha - São Bento,2503,Patos,4661
19496,PB,BONITO DE SANTA FÉ,2502409,250015,Cajazeiras,2504,Sousa - Cajazeiras,10252
19518,PB,BOQUEIRÃO,2502508,250005,Campina Grande,2502,Campina Grande,17598
19550,PB,BORBOREMA,2502706,250002,Guarabira,2501,João Pessoa,4214
19577,PB,BREJO DO CRUZ,2502805,250011,Catolé do Rocha - São Bento,2503,Patos,13613
19593,PB,BREJO DOS SANTOS,2502904,250011,Catolé do Rocha - São Bento,2503,Patos,5742
19615,PB,CAAPORÃ,2503001,250001,João Pessoa,2501,João Pessoa,21193
19631,PB,CABACEIRAS,2503100,250005,Campina Grande,2502,Campina Grande,5335
19658,PB,CABEDELO,2503209,250001,João Pessoa,2501,João Pessoa,66519
19674,PB,CACHOEIRA DOS ÍNDIOS,2503308,250015,Cajazeiras,2504,Sousa - Cajazeiras,9151
19690,PB,CACIMBA DE AREIA,2503407,250009,Patos,2503,Patos,3291
19712,PB,CACIMBA DE DENTRO,2503506,250002,Guarabira,2501,João Pessoa,16064
19364,PB,CACIMBAS,2503555,250009,Patos,2503,Patos,7223
19739,PB,CAIÇARA,2503605,250002,Guarabira,2501,João Pessoa,6602
19755,PB,CAJAZEIRAS,2503704,250015,Cajazeiras,2504,Sousa - Cajazeiras,63239
19380,PB,CAJAZEIRINHAS,2503753,250012,Pombal,2503,Patos,2740
19771,PB,CALDAS BRANDÃO,2503803,250001,João Pessoa,2501,João Pessoa,5753
19798,PB,CAMALAÚ,2503902,250007,Monteiro,2502,Campina Grande,6085
19810,PB,CAMPINA GRANDE,2504009,250005,Campina Grande,2502,Campina Grande,419379
19062,PB,CAPIM,2504033,250003,Mamanguape - Rio Tinto,2501,João Pessoa,6970
19240,PB,CARAÚBAS,2504074,250005,Campina Grande,2502,Campina Grande,3944
19836,PB,CARRAPATEIRA,2504108,250015,Cajazeiras,2504,Sousa - Cajazeiras,2312
19607,PB,CASSERENGUE,2504157,250002,Guarabira,2501,João Pessoa,6889
19852,PB,CATINGUEIRA,2504207,250009,Patos,2503,Patos,4491
19879,PB,CATOLÉ DO ROCHA,2504306,250011,Catolé do Rocha - São Bento,2503,Patos,30661
19801,PB,CATURITÉ,2504355,250005,Campina Grande,2502,Campina Grande,5254
19895,PB,CONCEIÇÃO,2504405,250010,Itaporanga,2503,Patos,18260
19917,PB,CONDADO,2504504,250012,Pombal,2503,Patos,6451
19933,PB,CONDE,2504603,250001,João Pessoa,2501,João Pessoa,27605
19950,PB,CONGO,2504702,250008,Sumé,2502,Campina Grande,4933
19976,PB,COREMAS,2504801,250009,Patos,2503,Patos,14683
19704,PB,COXIXOLA,2504850,250008,Sumé,2502,Campina Grande,1824
19992,PB,CRUZ DO ESPÍRITO SANTO,2504900,250001,João Pessoa,2501,João Pessoa,17095
20010,PB,CUBATI,2505006,250005,Campina Grande,2502,Campina Grande,7580
20052,PB,CUITEGI,2505204,250002,Guarabira,2501,João Pessoa,6730
20036,PB,CUITÉ,2505105,250006,Cuité - Nova Floresta,2502,Campina Grande,19719
19089,PB,CUITÉ DE MAMANGUAPE,2505238,250001,João Pessoa,2501,João Pessoa,6251
19100,PB,CURRAL DE CIMA,2505279,250003,Mamanguape - Rio Tinto,2501,João Pessoa,5254
20079,PB,CURRAL VELHO,2505303,250010,Itaporanga,2503,Patos,2292
19275,PB,DAMIÃO,2505352,250006,Cuité - Nova Floresta,2502,Campina Grande,4982
20095,PB,DESTERRO,2505402,250009,Patos,2503,Patos,8067
20133,PB,DIAMANTE,2505600,250010,Itaporanga,2503,Patos,6299
20150,PB,DONA INÊS,2505709,250002,Guarabira,2501,João Pessoa,10380
20176,PB,DUAS ESTRADAS,2505808,250002,Guarabira,2501,João Pessoa,3327
20192,PB,EMAS,2505907,250009,Patos,2503,Patos,3011
20214,PB,ESPERANÇA,2506004,250005,Campina Grande,2502,Campina Grande,31231
20230,PB,FAGUNDES,2506103,250005,Campina Grande,2502,Campina Grande,11049
20257,PB,FREI MARTINHO,2506202,250006,Cuité - Nova Floresta,2502,Campina Grande,2846
19623,PB,GADO BRAVO,2506251,250005,Campina Grande,2502,Campina Grande,8179
20273,PB,GUARABIRA,2506301,250002,Guarabira,2501,João Pessoa,57484
20290,PB,GURINHÉM,2506400,250001,João Pessoa,2501,João Pessoa,13766
20311,PB,GURJÃO,2506509,250005,Campina Grande,2502,Campina Grande,3242
20338,PB,IBIARA,2506608,250010,Itaporanga,2503,Patos,5631
19534,PB,IGARACY,2502607,250010,Itaporanga,2503,Patos,5648
20354,PB,IMACULADA,2506707,250009,Patos,2503,Patos,10392
20370,PB,INGÁ,2506806,250005,Campina Grande,2502,Campina Grande,17692
20397,PB,ITABAIANA,2506905,250004,Itabaiana,2501,João Pessoa,23182
20419,PB,ITAPORANGA,2507002,250010,Itaporanga,2503,Patos,23940
20435,PB,ITAPOROROCA,2507101,250003,Mamanguape - Rio Tinto,2501,João Pessoa,18382
20451,PB,ITATUBA,2507200,250005,Campina Grande,2502,Campina Grande,10499
20478,PB,JACARAÚ,2507309,250003,Mamanguape - Rio Tinto,2501,João Pessoa,14477
20494,PB,JERICÓ,2507408,250011,Catolé do Rocha - São Bento,2503,Patos,7516
20516,PB,JOÃO PESSOA,2507507,250001,João Pessoa,2501,João Pessoa,833932
20532,PB,JUAREZ TÁVORA,2507606,250001,João Pessoa,2501,João Pessoa,7796
20559,PB,JUAZEIRINHO,2507705,250005,Campina Grande,2502,Campina Grande,17007
20575,PB,JUNCO DO SERIDÓ,2507804,250005,Campina Grande,2502,Campina Grande,6793
20591,PB,JURIPIRANGA,2507903,250001,João Pessoa,2501,João Pessoa,10012
20613,PB,JURU,2508000,250013,Princesa Isabel,2503,Patos,9234
20630,PB,LAGOA,2508109,250012,Pombal,2503,Patos,4415
20656,PB,LAGOA DE DENTRO,2508208,250002,Guarabira,2501,João Pessoa,7819
20672,PB,LAGOA SECA,2508307,250005,Campina Grande,2502,Campina Grande,27730
20699,PB,LASTRO,2508406,250014,Sousa,2504,Sousa - Cajazeiras,3162
20710,PB,LIVRAMENTO,2508505,250008,Sumé,2502,Campina Grande,6877
19160,PB,LOGRADOURO,2508554,250002,Guarabira,2501,João Pessoa,4797
20737,PB,LUCENA,2508604,250001,João Pessoa,2501,João Pessoa,12560
20770,PB,MALTA,2508802,250009,Patos,2503,Patos,6046
20796,PB,MAMANGUAPE,2508901,250003,Mamanguape - Rio Tinto,2501,João Pessoa,44599
20818,PB,MANAÍRA,2509008,250013,Princesa Isabel,2503,Patos,10434
19968,PB,MARCAÇÃO,2509057,250003,Mamanguape - Rio Tinto,2501,João Pessoa,8999
20834,PB,MARI,2509107,250001,João Pessoa,2501,João Pessoa,21512
19461,PB,MARIZÓPOLIS,2509156,250014,Sousa,2504,Sousa - Cajazeiras,6705
20850,PB,MASSARANDUBA,2509206,250005,Campina Grande,2502,Campina Grande,14139
20877,PB,MATARACA,2509305,250003,Mamanguape - Rio Tinto,2501,João Pessoa,8244
19143,PB,MATINHAS,2509339,250005,Campina Grande,2502,Campina Grande,4571
19488,PB,MATO GROSSO,2509370,250011,Catolé do Rocha - São Bento,2503,Patos,2543
19984,PB,MATURÉIA,2509396,250009,Patos,2503,Patos,6433
20893,PB,MOGEIRO,2509404,250004,Itabaiana,2501,João Pessoa,13899
20915,PB,MONTADAS,2509503,250005,Campina Grande,2502,Campina Grande,5812
20931,PB,MONTE HOREBE,2509602,250015,Cajazeiras,2504,Sousa - Cajazeiras,4338
20958,PB,MONTEIRO,2509701,250007,Monteiro,2502,Campina Grande,32277
20974,PB,MULUNGU,2509800,250002,Guarabira,2501,João Pessoa,8791
20753,PB,MÃE D'ÁGUA,2508703,250009,Patos,2503,Patos,3583
20990,PB,NATUBA,2509909,250004,Itabaiana,2501,João Pessoa,8945
21016,PB,NAZAREZINHO,2510006,250014,Sousa,2504,Sousa - Cajazeiras,7203
21032,PB,NOVA FLORESTA,2510105,250006,Cuité - Nova Floresta,2502,Campina Grande,9724
21059,PB,NOVA OLINDA,2510204,250010,Itaporanga,2503,Patos,5787
21075,PB,NOVA PALMEIRA,2510303,250006,Cuité - Nova Floresta,2502,Campina Grande,4259
21091,PB,OLHO D'ÁGUA,2510402,250009,Patos,2503,Patos,6060
21113,PB,OLIVEDOS,2510501,250005,Campina Grande,2502,Campina Grande,3580
21130,PB,OURO VELHO,2510600,250007,Monteiro,2502,Campina Grande,2918
19720,PB,PARARI,2510659,250008,Sumé,2502,Campina Grande,1720
21156,PB,PASSAGEM,2510709,250009,Patos,2503,Patos,2463
21172,PB,PATOS,2510808,250009,Patos,2503,Patos,103165
21199,PB,PAULISTA,2510907,250012,Pombal,2503,Patos,11834
21210,PB,PEDRA BRANCA,2511004,250010,Itaporanga,2503,Patos,3739
21237,PB,PEDRA LAVRADA,2511103,250006,Cuité - Nova Floresta,2502,Campina Grande,6859
21253,PB,PEDRAS DE FOGO,2511202,250001,João Pessoa,2501,João Pessoa,29662
19747,PB,PEDRO RÉGIS,2512721,250003,Mamanguape - Rio Tinto,2501,João Pessoa,5766
21270,PB,PIANCÓ,2511301,250010,Itaporanga,2503,Patos,16441
21296,PB,PICUÍ,2511400,250006,Cuité - Nova Floresta,2502,Campina Grande,18333
21318,PB,PILAR,2511509,250001,João Pessoa,2501,João Pessoa,12311
21334,PB,PILÕES,2511608,250002,Guarabira,2501,João Pessoa,6815
21350,PB,PILÕEZINHOS,2511707,250002,Guarabira,2501,João Pessoa,5329
21377,PB,PIRPIRITUBA,2511806,250002,Guarabira,2501,João Pessoa,9340
21393,PB,PITIMBU,2511905,250001,João Pessoa,2501,João Pessoa,16751
21415,PB,POCINHOS,2512002,250005,Campina Grande,2502,Campina Grande,17469
21431,PB,POMBAL,2512101,250012,Pombal,2503,Patos,32473
19640,PB,POÇO DANTAS,2512036,250014,Sousa,2504,Sousa - Cajazeiras,3830
19526,PB,POÇO DE JOSÉ DE MOURA,2512077,250015,Cajazeiras,2504,Sousa - Cajazeiras,4006
21458,PB,PRATA,2512200,250007,Monteiro,2502,Campina Grande,3915
21474,PB,PRINCESA ISABEL,2512309,250013,Princesa Isabel,2503,Patos,21114
21490,PB,PUXINANÃ,2512408,250005,Campina Grande,2502,Campina Grande,14277
21512,PB,QUEIMADAS,2512507,250005,Campina Grande,2502,Campina Grande,47658
21539,PB,QUIXABA,2512606,250009,Patos,2503,Patos,1743
21555,PB,REMÍGIO,2512705,250005,Campina Grande,2502,Campina Grande,17885
19828,PB,RIACHO DE SANTO ANTÔNIO,2512788,250005,Campina Grande,2502,Campina Grande,1955
21571,PB,RIACHO DOS CAVALOS,2512804,250011,Catolé do Rocha - São Bento,2503,Patos,8493
19208,PB,RIACHÃO,2512747,250002,Guarabira,2501,João Pessoa,2927
19127,PB,RIACHÃO DO BACAMARTE,2512754,250005,Campina Grande,2502,Campina Grande,4690
19003,PB,RIACHÃO DO POÇO,2512762,250001,João Pessoa,2501,João Pessoa,4738
21598,PB,RIO TINTO,2512903,250003,Mamanguape - Rio Tinto,2501,João Pessoa,24581
21610,PB,SALGADINHO,2513000,250009,Patos,2503,Patos,3355
21636,PB,SALGADO DE SÃO FÉLIX,2513109,250004,Itabaiana,2501,João Pessoa,11505
20001,PB,SANTA CECÍLIA,2513158,250005,Campina Grande,2502,Campina Grande,7670
21652,PB,SANTA CRUZ,2513208,250014,Sousa,2504,Sousa - Cajazeiras,5947
21679,PB,SANTA HELENA,2513307,250015,Cajazeiras,2504,Sousa - Cajazeiras,5865
19569,PB,SANTA INÊS,2513356,250010,Itaporanga,2503,Patos,3227
21695,PB,SANTA LUZIA,2513406,250009,Patos,2503,Patos,14959
21750,PB,SANTA RITA,2513703,250001,João Pessoa,2501,João Pessoa,149910
21776,PB,SANTA TERESINHA,2513802,250009,Patos,2503,Patos,4402
21717,PB,SANTANA DE MANGUEIRA,2513505,250010,Itaporanga,2503,Patos,5010
21733,PB,SANTANA DOS GARROTES,2513604,250010,Itaporanga,2503,Patos,6569
19666,PB,SANTARÉM,2513653,250014,Sousa,2504,Sousa - Cajazeiras,2539
19267,PB,SANTO ANDRÉ,2513851,250005,Campina Grande,2502,Campina Grande,2622
22071,PB,SAPÉ,2515302,250001,João Pessoa,2501,João Pessoa,51306
22110,PB,SERRA BRANCA,2515500,250008,Sumé,2502,Campina Grande,13614
22136,PB,SERRA DA RAIZ,2515609,250002,Guarabira,2501,João Pessoa,3094
22152,PB,SERRA GRANDE,2515708,250015,Cajazeiras,2504,Sousa - Cajazeiras,2942
22179,PB,SERRA REDONDA,2515807,250005,Campina Grande,2502,Campina Grande,6828
22195,PB,SERRARIA,2515906,250002,Guarabira,2501,João Pessoa,4885
19186,PB,SERTÃOZINHO,2515930,250002,Guarabira,2501,João Pessoa,5054
19020,PB,SOBRADO,2515971,250001,João Pessoa,2501,João Pessoa,8236
22233,PB,SOLEDADE,2516102,250005,Campina Grande,2502,Campina Grande,13968
22217,PB,SOLÂNEA,2516003,250002,Guarabira,2501,João Pessoa,26774
19283,PB,SOSSÊGO,2516151,250006,Cuité - Nova Floresta,2502,Campina Grande,3345
22250,PB,SOUSA,2516201,250014,Sousa,2504,Sousa - Cajazeiras,67259
22276,PB,SUMÉ,2516300,250008,Sumé,2502,Campina Grande,17166
19402,PB,SÃO BENTINHO,2513927,250012,Pombal,2503,Patos,4327
21792,PB,SÃO BENTO,2513901,250011,Catolé do Rocha - São Bento,2503,Patos,32235
19429,PB,SÃO DOMINGOS DE POMBAL,2513968,250012,Pombal,2503,Patos,2595
19224,PB,SÃO DOMINGOS DO CARIRI,2513943,250005,Campina Grande,2502,Campina Grande,2585
19860,PB,SÃO FRANCISCO,2513984,250014,Sousa,2504,Sousa - Cajazeiras,3137
21857,PB,SÃO JOSÉ DA LAGOA TAPADA,2514206,250014,Sousa,2504,Sousa - Cajazeiras,7126
21873,PB,SÃO JOSÉ DE CAIANA,2514305,250010,Itaporanga,2503,Patos,5034
21890,PB,SÃO JOSÉ DE ESPINHARAS,2514404,250009,Patos,2503,Patos,4083
21911,PB,SÃO JOSÉ DE PIRANHAS,2514503,250015,Cajazeiras,2504,Sousa - Cajazeiras,19067
19445,PB,SÃO JOSÉ DE PRINCESA,2514552,250013,Princesa Isabel,2503,Patos,3416
21938,PB,SÃO JOSÉ DO BONFIM,2514602,250009,Patos,2503,Patos,3242
19542,PB,SÃO JOSÉ DO BREJO DO CRUZ,2514651,250011,Catolé do Rocha - São Bento,2503,Patos,1699
21954,PB,SÃO JOSÉ DO SABUGI,2514701,250009,Patos,2503,Patos,4138
21970,PB,SÃO JOSÉ DOS CORDEIROS,2514800,250008,Sumé,2502,Campina Grande,3411
19046,PB,SÃO JOSÉ DOS RAMOS,2514453,250004,Itabaiana,2501,João Pessoa,5891
21814,PB,SÃO JOÃO DO CARIRI,2514008,250005,Campina Grande,2502,Campina Grande,4226
19135,PB,SÃO JOÃO DO RIO DO PEIXE,2500700,250015,Cajazeiras,2504,Sousa - Cajazeiras,17964
21830,PB,SÃO JOÃO DO TIGRE,2514107,250007,Monteiro,2502,Campina Grande,4263
21997,PB,SÃO MAMEDE,2514909,250009,Patos,2503,Patos,7470
22012,PB,SÃO MIGUEL DE TAIPU,2515005,250001,João Pessoa,2501,João Pessoa,7066
22039,PB,SÃO SEBASTIÃO DE LAGOA DE ROÇA,2515104,250005,Campina Grande,2502,Campina Grande,11040
22055,PB,SÃO SEBASTIÃO DO UMBUZEIRO,2515203,250007,Monteiro,2502,Campina Grande,3279
22098,PB,SÃO VICENTE DO SERIDÓ,2515401,250005,Campina Grande,2502,Campina Grande,10291
22292,PB,TACIMA,2516409,250002,Guarabira,2501,João Pessoa,8010
22314,PB,TAPEROÁ,2516508,250005,Campina Grande,2502,Campina Grande,14068
22330,PB,TAVARES,2516607,250013,Princesa Isabel,2503,Patos,14101
22357,PB,TEIXEIRA,2516706,250009,Patos,2503,Patos,14631
19682,PB,TENÓRIO,2516755,250005,Campina Grande,2502,Campina Grande,2966
22373,PB,TRIUNFO,2516805,250015,Cajazeiras,2504,Sousa - Cajazeiras,9892
22390,PB,UIRAÚNA,2516904,250014,Sousa,2504,Sousa - Cajazeiras,14930
22411,PB,UMBUZEIRO,2517001,250005,Campina Grande,2502,Campina Grande,9124
19887,PB,VIEIRÓPOLIS,2517209,250014,Sousa,2504,Sousa - Cajazeiras,4864
20117,PB,VISTA SERRANA,2505501,250009,Patos,2503,Patos,3641
22438,PB,VÁRZEA,2517100,250009,Patos,2503,Patos,2668
19348,PB,ZABELÊ,2517407,250007,Monteiro,2502,Campina Grande,2228
19011,PB,ÁGUA BRANCA,2500106,250009,Patos,2503,Patos,9335
26310,PE,ABREU E LIMA,2600054,260001,Recife,2601,Recife,98462
23019,PE,AFOGADOS DA INGAZEIRA,2600104,260014,Afogados da Ingazeira,2603,Serra Talhada,40241
23035,PE,AFRÂNIO,2600203,260015,Petrolina,2604,Petrolina,18674
23051,PE,AGRESTINA,2600302,260009,Caruaru,2602,Caruaru,23779
23116,PE,ALAGOINHA,2600609,260012,Belo Jardim ¿ Pesqueira,2602,Caruaru,13542
23132,PE,ALIANÇA,2600708,260002,Goiana ¿ Timbaúba,2601,Recife,35741
23159,PE,ALTINHO,2600807,260009,Caruaru,2602,Caruaru,20674
23175,PE,AMARAJI,2600906,260018,Escada - Ribeirão,2601,Recife,18205
23191,PE,ANGELIM,2601003,260010,Garanhuns,2602,Caruaru,10241
23213,PE,ARARIPINA,2601102,260016,Araripina,2604,Petrolina,85088
23205,PE,ARAÇOIABA,2601052,260001,Recife,2601,Recife,19243
23230,PE,ARCOVERDE,2601201,260011,Arcoverde,2602,Caruaru,77742
23256,PE,BARRA DE GUABIRABA,2601300,260009,Caruaru,2602,Caruaru,12263
23272,PE,BARREIROS,2601409,260007,Barreiros - Sirinhaém,2601,Recife,40121
23337,PE,BELO JARDIM,2601706,260012,Belo Jardim ¿ Pesqueira,2602,Caruaru,79507
23299,PE,BELÉM DE MARIA,2601508,260003,Palmares,2601,Recife,10378
23310,PE,BELÉM DE SÃO FRANCISCO,2601607,260017,Salgueiro,2604,Petrolina,18301
23353,PE,BETÂNIA,2601805,260013,Serra Talhada,2603,Serra Talhada,11232
23370,PE,BEZERROS,2601904,260009,Caruaru,2602,Caruaru,61694
23396,PE,BODOCÓ,2602001,260016,Araripina,2604,Petrolina,34478
23418,PE,BOM CONSELHO,2602100,260010,Garanhuns,2602,Caruaru,44294
23434,PE,BOM JARDIM,2602209,260004,Limoeiro,2601,Recife,37629
23450,PE,BONITO,2602308,260009,Caruaru,2602,Caruaru,37474
23493,PE,BREJINHO,2602506,260014,Afogados da Ingazeira,2603,Serra Talhada,7720
23515,PE,BREJO DA MADRE DE DEUS,2602605,260009,Caruaru,2602,Caruaru,48648
23477,PE,BREJÃO,2602407,260010,Garanhuns,2602,Caruaru,9079
23531,PE,BUENOS AIRES,2602704,260006,Carpina,2601,Recife,12808
23558,PE,BUÍQUE,2602803,260011,Arcoverde,2602,Caruaru,52097
23574,PE,CABO DE SANTO AGOSTINHO,2602902,260001,Recife,2601,Recife,203440
23590,PE,CABROBÓ,2603009,260017,Salgueiro,2604,Petrolina,30294
23612,PE,CACHOEIRINHA,2603108,260009,Caruaru,2602,Caruaru,19899
23639,PE,CAETÉS,2603207,260010,Garanhuns,2602,Caruaru,28827
23671,PE,CALUMBI,2603405,260013,Serra Talhada,2603,Serra Talhada,5228
23655,PE,CALÇADO,2603306,260010,Garanhuns,2602,Caruaru,11093
26298,PE,CAMARAGIBE,2603454,260001,Recife,2601,Recife,147771
23698,PE,CAMOCIM DE SÃO FÉLIX,2603504,260009,Caruaru,2602,Caruaru,17419
23710,PE,CAMUTANGA,2603603,260002,Goiana ¿ Timbaúba,2601,Recife,7750
23736,PE,CANHOTINHO,2603702,260010,Garanhuns,2602,Caruaru,24329
23752,PE,CAPOEIRAS,2603801,260010,Garanhuns,2602,Caruaru,18338
23167,PE,CARNAUBEIRA DA PENHA,2603926,260013,Serra Talhada,2603,Serra Talhada,12239
23779,PE,CARNAÍBA,2603900,260014,Afogados da Ingazeira,2603,Serra Talhada,18644
23795,PE,CARPINA,2604007,260006,Carpina,2601,Recife,79293
23817,PE,CARUARU,2604106,260009,Caruaru,2602,Caruaru,378048
23221,PE,CASINHAS,2604155,260008,Surubim,2601,Recife,12967
23833,PE,CATENDE,2604205,260003,Palmares,2601,Recife,32156
23850,PE,CEDRO,2604304,260017,Salgueiro,2604,Petrolina,10518
23876,PE,CHÃ DE ALEGRIA,2604403,260005,Vitória de Santo Antão,2601,Recife,12984
23892,PE,CHÃ GRANDE,2604502,260009,Caruaru,2602,Caruaru,20546
23914,PE,CONDADO,2604601,260002,Goiana ¿ Timbaúba,2601,Recife,24587
23930,PE,CORRENTES,2604700,260010,Garanhuns,2602,Caruaru,17131
23957,PE,CORTÊS,2604809,260018,Escada - Ribeirão,2601,Recife,10198
23973,PE,CUMARU,2604908,260009,Caruaru,2602,Caruaru,15920
23990,PE,CUPIRA,2605004,260009,Caruaru,2602,Caruaru,23518
24015,PE,CUSTÓDIA,2605103,260011,Arcoverde,2602,Caruaru,37699
23140,PE,DORMENTES,2605152,260015,Petrolina,2604,Petrolina,17188
24031,PE,ESCADA,2605202,260018,Escada - Ribeirão,2601,Recife,59891
24058,PE,EXU,2605301,260016,Araripina,2604,Petrolina,31843
24074,PE,FEIRA NOVA,2605400,260004,Limoeiro,2601,Recife,21427
30015,PE,FERNANDO DE NORONHA,2605459,260001,Recife,2601,Recife,3167
24090,PE,FERREIROS,2605509,260002,Goiana ¿ Timbaúba,2601,Recife,15026
24112,PE,FLORES,2605608,260013,Serra Talhada,2603,Serra Talhada,20347
24139,PE,FLORESTA,2605707,260013,Serra Talhada,2603,Serra Talhada,30137
24155,PE,FREI MIGUELINHO,2605806,260008,Surubim,2601,Recife,13636
24171,PE,GAMELEIRA,2605905,260003,Palmares,2601,Recife,18214
24198,PE,GARANHUNS,2606002,260010,Garanhuns,2602,Caruaru,142506
24210,PE,GLÓRIA DO GOITÁ,2606101,260005,Vitória de Santo Antão,2601,Recife,29347
24236,PE,GOIANA,2606200,260002,Goiana ¿ Timbaúba,2601,Recife,81055
24252,PE,GRANITO,2606309,260016,Araripina,2604,Petrolina,6967
24279,PE,GRAVATÁ,2606408,260009,Caruaru,2602,Caruaru,86516
24295,PE,IATI,2606507,260010,Garanhuns,2602,Caruaru,17165
24317,PE,IBIMIRIM,2606606,260011,Arcoverde,2602,Caruaru,26593
24333,PE,IBIRAJUBA,2606705,260009,Caruaru,2602,Caruaru,7140
24350,PE,IGARASSU,2606804,260001,Recife,2601,Recife,115196
24376,PE,IGUARACI,2606903,260014,Afogados da Ingazeira,2603,Serra Talhada,11081
24511,PE,ILHA DE ITAMARACÁ,2607604,260001,Recife,2601,Recife,24540
24392,PE,INAJÁ,2607000,260011,Arcoverde,2602,Caruaru,25603
24414,PE,INGAZEIRA,2607109,260014,Afogados da Ingazeira,2603,Serra Talhada,4765
24430,PE,IPOJUCA,2607208,260001,Recife,2601,Recife,98932
24457,PE,IPUBI,2607307,260016,Araripina,2604,Petrolina,29009
24473,PE,ITACURUBA,2607406,260017,Salgueiro,2604,Petrolina,4284
25976,PE,ITAMBÉ,2607653,260002,Goiana ¿ Timbaúba,2601,Recife,34935
24538,PE,ITAPETIM,2607703,260014,Afogados da Ingazeira,2603,Serra Talhada,13791
26336,PE,ITAPISSUMA,2607752,260001,Recife,2601,Recife,27749
24554,PE,ITAQUITINGA,2607802,260002,Goiana ¿ Timbaúba,2601,Recife,16554
24490,PE,ITAÍBA,2607505,260011,Arcoverde,2602,Caruaru,32650
24570,PE,JABOATÃO DOS GUARARAPES,2607901,260001,Recife,2601,Recife,644037
23302,PE,JAQUEIRA,2607950,260003,Palmares,2601,Recife,10247
24597,PE,JATAÚBA,2608008,260009,Caruaru,2602,Caruaru,15843
23264,PE,JATOBÁ,2608057,260013,Serra Talhada,2603,Serra Talhada,14020
24635,PE,JOAQUIM NABUCO,2608206,260003,Palmares,2601,Recife,13269
24619,PE,JOÃO ALFREDO,2608107,260004,Limoeiro,2601,Recife,27725
23124,PE,JUCATI,2608255,260010,Garanhuns,2602,Caruaru,11517
24651,PE,JUPI,2608305,260010,Garanhuns,2602,Caruaru,15329
24678,PE,JUREMA,2608404,260010,Garanhuns,2602,Caruaru,13648
24694,PE,LAGOA DE ITAENGA,2608503,260006,Carpina,2601,Recife,19003
23027,PE,LAGOA DO CARRO,2608453,260006,Carpina,2601,Recife,17981
24716,PE,LAGOA DO OURO,2608602,260010,Garanhuns,2602,Caruaru,11933
24732,PE,LAGOA DOS GATOS,2608701,260009,Caruaru,2602,Caruaru,14076
23183,PE,LAGOA GRANDE,2608750,260015,Petrolina,2604,Petrolina,24088
24759,PE,LAJEDO,2608800,260010,Garanhuns,2602,Caruaru,39582
24775,PE,LIMOEIRO,2608909,260004,Limoeiro,2601,Recife,56510
24791,PE,MACAPARANA,2609006,260002,Goiana ¿ Timbaúba,2601,Recife,23879
24813,PE,MACHADOS,2609105,260004,Limoeiro,2601,Recife,11333
23248,PE,MANARI,2609154,260011,Arcoverde,2602,Caruaru,23763
24830,PE,MARAIAL,2609204,260003,Palmares,2601,Recife,9359
24856,PE,MIRANDIBA,2609303,260013,Serra Talhada,2603,Serra Talhada,14166
25852,PE,MOREILÂNDIA,2614303,260016,Araripina,2604,Petrolina,10540
24872,PE,MORENO,2609402,260001,Recife,2601,Recife,55292
24899,PE,NAZARÉ DA MATA,2609501,260006,Carpina,2601,Recife,30648
24910,PE,OLINDA,2609600,260001,Recife,2601,Recife,349976
24937,PE,OROBÓ,2609709,260004,Limoeiro,2601,Recife,21808
24953,PE,OROCÓ,2609808,260015,Petrolina,2604,Petrolina,13613
24970,PE,OURICURI,2609907,260016,Araripina,2604,Petrolina,65245
24996,PE,PALMARES,2610004,260003,Palmares,2601,Recife,54584
25011,PE,PALMEIRINA,2610103,260010,Garanhuns,2602,Caruaru,7031
25038,PE,PANELAS,2610202,260009,Caruaru,2602,Caruaru,22991
25054,PE,PARANATAMA,2610301,260010,Garanhuns,2602,Caruaru,12199
25070,PE,PARNAMIRIM,2610400,260017,Salgueiro,2604,Petrolina,18612
25097,PE,PASSIRA,2610509,260004,Limoeiro,2601,Recife,28340
25119,PE,PAUDALHO,2610608,260001,Recife,2601,Recife,56665
25135,PE,PAULISTA,2610707,260001,Recife,2601,Recife,342167
25151,PE,PEDRA,2610806,260011,Arcoverde,2602,Caruaru,22795
25178,PE,PESQUEIRA,2610905,260012,Belo Jardim ¿ Pesqueira,2602,Caruaru,62722
25216,PE,PETROLINA,2611101,260015,Petrolina,2604,Petrolina,386791
25194,PE,PETROLÂNDIA,2611002,260013,Serra Talhada,2603,Serra Talhada,34161
25259,PE,POMBOS,2611309,260005,Vitória de Santo Antão,2601,Recife,27552
25232,PE,POÇÃO,2611200,260012,Belo Jardim ¿ Pesqueira,2602,Caruaru,10500
25275,PE,PRIMAVERA,2611408,260018,Escada - Ribeirão,2601,Recife,13838
25291,PE,QUIPAPÁ,2611507,260010,Garanhuns,2602,Caruaru,17928
23000,PE,QUIXABA,2611533,260014,Afogados da Ingazeira,2603,Serra Talhada,6554
25313,PE,RECIFE,2611606,260001,Recife,2601,Recife,1488920
25330,PE,RIACHO DAS ALMAS,2611705,260009,Caruaru,2602,Caruaru,20639
25356,PE,RIBEIRÃO,2611804,260018,Escada - Ribeirão,2601,Recife,33507
25372,PE,RIO FORMOSO,2611903,260007,Barreiros - Sirinhaém,2601,Recife,20009
25399,PE,SAIRÉ,2612000,260009,Caruaru,2602,Caruaru,10887
25410,PE,SALGADINHO,2612109,260004,Limoeiro,2601,Recife,5727
25437,PE,SALGUEIRO,2612208,260017,Salgueiro,2604,Petrolina,62372
25453,PE,SALOÁ,2612307,260010,Garanhuns,2602,Caruaru,13836
25470,PE,SANHARÓ,2612406,260012,Belo Jardim ¿ Pesqueira,2602,Caruaru,18624
23108,PE,SANTA CRUZ,2612455,260016,Araripina,2604,Petrolina,13841
23043,PE,SANTA CRUZ DA BAIXA VERDE,2612471,260013,Serra Talhada,2603,Serra Talhada,11567
25496,PE,SANTA CRUZ DO CAPIBARIBE,2612505,260009,Caruaru,2602,Caruaru,98254
23329,PE,SANTA FILOMENA,2612554,260016,Araripina,2604,Petrolina,12106
25518,PE,SANTA MARIA DA BOA VISTA,2612604,260015,Petrolina,2604,Petrolina,40578
25534,PE,SANTA MARIA DO CAMBUCÁ,2612703,260008,Surubim,2601,Recife,14013
25550,PE,SANTA TEREZINHA,2612802,260014,Afogados da Ingazeira,2603,Serra Talhada,10244
25771,PE,SERRA TALHADA,2613909,260013,Serra Talhada,2603,Serra Talhada,92228
25798,PE,SERRITA,2614006,260017,Salgueiro,2604,Petrolina,18207
25810,PE,SERTÂNIA,2614105,260011,Arcoverde,2602,Caruaru,32811
25836,PE,SIRINHAÉM,2614204,260007,Barreiros - Sirinhaém,2601,Recife,37596
25879,PE,SOLIDÃO,2614402,260014,Afogados da Ingazeira,2603,Serra Talhada,5210
25895,PE,SURUBIM,2614501,260008,Surubim,2601,Recife,64120
25577,PE,SÃO BENEDITO DO SUL,2612901,260003,Palmares,2601,Recife,13113
25593,PE,SÃO BENTO DO UNA,2613008,260012,Belo Jardim ¿ Pesqueira,2602,Caruaru,49449
25615,PE,SÃO CAITANO,2613107,260009,Caruaru,2602,Caruaru,37126
25658,PE,SÃO JOAQUIM DO MONTE,2613305,260009,Caruaru,2602,Caruaru,20037
25674,PE,SÃO JOSÉ DA COROA GRANDE,2613404,260007,Barreiros - Sirinhaém,2601,Recife,18825
25690,PE,SÃO JOSÉ DO BELMONTE,2613503,260013,Serra Talhada,2603,Serra Talhada,34843
25712,PE,SÃO JOSÉ DO EGITO,2613602,260014,Afogados da Ingazeira,2603,Serra Talhada,31004
25631,PE,SÃO JOÃO,2613206,260010,Garanhuns,2602,Caruaru,23837
25739,PE,SÃO LOURENÇO DA MATA,2613701,260001,Recife,2601,Recife,111249
25755,PE,SÃO VICENTE FERRÉR,2613800,260002,Goiana ¿ Timbaúba,2601,Recife,16677
25917,PE,TABIRA,2614600,260014,Afogados da Ingazeira,2603,Serra Talhada,27681
25933,PE,TACAIMBÓ,2614709,260012,Belo Jardim ¿ Pesqueira,2602,Caruaru,13738
25950,PE,TACARATU,2614808,260013,Serra Talhada,2603,Serra Talhada,23902
23280,PE,TAMANDARÉ,2614857,260007,Barreiros - Sirinhaém,2601,Recife,23561
25992,PE,TAQUARITINGA DO NORTE,2615003,260009,Caruaru,2602,Caruaru,24736
26018,PE,TEREZINHA,2615102,260010,Garanhuns,2602,Caruaru,6513
26034,PE,TERRA NOVA,2615201,260017,Salgueiro,2604,Petrolina,8920
26050,PE,TIMBAÚBA,2615300,260002,Goiana ¿ Timbaúba,2601,Recife,46147
26077,PE,TORITAMA,2615409,260009,Caruaru,2602,Caruaru,41137
26093,PE,TRACUNHAÉM,2615508,260006,Carpina,2601,Recife,13867
26115,PE,TRINDADE,2615607,260016,Araripina,2604,Petrolina,30321
26131,PE,TRIUNFO,2615706,260013,Serra Talhada,2603,Serra Talhada,14705
26158,PE,TUPANATINGA,2615805,260011,Arcoverde,2602,Caruaru,26937
26174,PE,TUPARETAMA,2615904,260014,Afogados da Ingazeira,2603,Serra Talhada,8005
26190,PE,VENTUROSA,2616001,260011,Arcoverde,2602,Caruaru,17251
26212,PE,VERDEJANTE,2616100,260017,Salgueiro,2604,Petrolina,9169
23086,PE,VERTENTE DO LÉRIO,2616183,260008,Surubim,2601,Recife,7558
26239,PE,VERTENTES,2616209,260008,Surubim,2601,Recife,21959
26255,PE,VICÊNCIA,2616308,260002,Goiana ¿ Timbaúba,2601,Recife,26359
26271,PE,VITÓRIA DE SANTO ANTÃO,2616407,260005,Vitória de Santo Antão,2601,Recife,134084
23060,PE,XEXÉU,2616506,260003,Palmares,2601,Recife,11611
23078,PE,ÁGUA PRETA,2600401,260003,Palmares,2601,Recife,26461
23094,PE,ÁGUAS BELAS,2600500,260010,Garanhuns,2602,Caruaru,41548
12327,PI,ACAUÃ,2200053,220010,Paulistana,2203,Picos,6420
10014,PI,AGRICOLÂNDIA,2200103,220002,Amarante - Água Branca - Regeneração,2201,Teresina,4940
12319,PI,ALAGOINHA DO PIAUÍ,2200251,220009,Picos,2203,Picos,6819
10022,PI,ALEGRETE DO PIAUÍ,2200277,220009,Picos,2203,Picos,4634
10057,PI,ALTO LONGÁ,2200301,220001,Teresina,2201,Teresina,13479
10073,PI,ALTOS,2200400,220001,Teresina,2201,Teresina,47453
12084,PI,ALVORADA DO GURGUÉIA,2200459,220016,Bom Jesus,2205,Corrente - Bom Jesus,5322
10090,PI,AMARANTE,2200509,220002,Amarante - Água Branca - Regeneração,2201,Teresina,17234
10111,PI,ANGICAL DO PIAUÍ,2200608,220002,Amarante - Água Branca - Regeneração,2201,Teresina,6827
10154,PI,ANTÔNIO ALMEIDA,2200806,220018,Uruçuí,2206,Floriano,3152
10138,PI,ANÍSIO DE ABREU,2200707,220013,São Raimundo Nonato,2204,São Raimundo Nonato,9407
10170,PI,AROAZES,2200905,220004,Valença do Piauí,2201,Teresina,5369
12734,PI,AROEIRAS DO ITAIM,2200954,220009,Picos,2203,Picos,2690
10197,PI,ARRAIAL,2201002,220017,Floriano,2206,Floriano,4520
12106,PI,ASSUNÇÃO DO PIAUÍ,2201051,220003,Campo Maior,2201,Teresina,7452
10219,PI,AVELINO LOPES,2201101,220015,Corrente,2205,Corrente - Bom Jesus,10866
10049,PI,BAIXA GRANDE DO RIBEIRO,2201150,220018,Uruçuí,2206,Floriano,13272
10600,PI,BARRA D'ALCÂNTARA,2201176,220004,Valença do Piauí,2201,Teresina,3995
10235,PI,BARRAS,2201200,220005,Barras,2201,Teresina,47938
10251,PI,BARREIRAS DO PIAUÍ,2201309,220015,Corrente,2205,Corrente - Bom Jesus,3264
10278,PI,BARRO DURO,2201408,220002,Amarante - Água Branca - Regeneração,2201,Teresina,6640
10294,PI,BATALHA,2201507,220008,Esperantina,2202,Parnaíba,26300
10626,PI,BELA VISTA DO PIAUÍ,2201556,220012,Simplício Mendes,2203,Picos,4091
12335,PI,BELÉM DO PIAUÍ,2201572,220009,Picos,2203,Picos,3423
10316,PI,BENEDITINOS,2201606,220001,Teresina,2201,Teresina,9929
10332,PI,BERTOLÍNIA,2201705,220018,Uruçuí,2206,Floriano,5562
12122,PI,BETÂNIA DO PIAUÍ,2201739,220010,Paulistana,2203,Picos,6220
10669,PI,BOA HORA,2201770,220005,Barras,2201,Teresina,6902
10359,PI,BOCAINA,2201804,220009,Picos,2203,Picos,4078
10375,PI,BOM JESUS,2201903,220016,Bom Jesus,2205,Corrente - Bom Jesus,28796
10065,PI,BOM PRINCÍPIO DO PIAUÍ,2201919,220006,Parnaíba,2202,Parnaíba,5636
10081,PI,BONFIM DO PIAUÍ,2201929,220013,São Raimundo Nonato,2204,São Raimundo Nonato,5913
12149,PI,BOQUEIRÃO DO PIAUÍ,2201945,220003,Campo Maior,2201,Teresina,6545
10006,PI,BRASILEIRA,2201960,220007,Piripiri,2202,Parnaíba,8436
10642,PI,BREJO DO PIAUÍ,2201988,220019,Canto do Buriti,2206,Floriano,3904
10391,PI,BURITI DOS LOPES,2202000,220006,Parnaíba,2202,Parnaíba,19654
10103,PI,BURITI DOS MONTES,2202026,220003,Campo Maior,2201,Teresina,7434
10120,PI,CABECEIRAS DO PIAUÍ,2202059,220005,Barras,2201,Teresina,10212
12343,PI,CAJAZEIRAS DO PIAUÍ,2202075,220011,Oeiras,2203,Picos,3108
12572,PI,CAJUEIRO DA PRAIA,2202083,220006,Parnaíba,2202,Parnaíba,7957
10146,PI,CALDEIRÃO GRANDE DO PIAUÍ,2202091,220009,Picos,2203,Picos,5503
10413,PI,CAMPINAS DO PIAUÍ,2202109,220012,Simplício Mendes,2203,Picos,4938
12351,PI,CAMPO ALEGRE DO FIDALGO,2202117,220014,São João do Piauí,2204,São Raimundo Nonato,4616
10723,PI,CAMPO GRANDE DO PIAUÍ,2202133,220009,Picos,2203,Picos,6020
10740,PI,CAMPO LARGO DO PIAUÍ,2202174,220005,Barras,2201,Teresina,7419
10430,PI,CAMPO MAIOR,2202208,220003,Campo Maior,2201,Teresina,45793
10162,PI,CANAVIEIRA,2202251,220017,Floriano,2206,Floriano,3414
10456,PI,CANTO DO BURITI,2202307,220019,Canto do Buriti,2206,Floriano,19365
10472,PI,CAPITÃO DE CAMPOS,2202406,220007,Piripiri,2202,Parnaíba,11100
10707,PI,CAPITÃO GERVÁSIO OLIVEIRA,2202455,220014,São João do Piauí,2204,São Raimundo Nonato,3974
10499,PI,CARACOL,2202505,220013,São Raimundo Nonato,2204,São Raimundo Nonato,10318
12670,PI,CARAÚBAS DO PIAUÍ,2202539,220006,Parnaíba,2202,Parnaíba,5630
12165,PI,CARIDADE DO PIAUÍ,2202554,220010,Paulistana,2203,Picos,5033
10510,PI,CASTELO DO PIAUÍ,2202604,220003,Campo Maior,2201,Teresina,19288
12688,PI,CAXINGÓ,2202653,220006,Parnaíba,2202,Parnaíba,5496
10537,PI,COCAL,2202703,220006,Parnaíba,2202,Parnaíba,28212
12360,PI,COCAL DE TELHA,2202711,220003,Campo Maior,2201,Teresina,4911
12696,PI,COCAL DOS ALVES,2202729,220006,Parnaíba,2202,Parnaíba,6386
10189,PI,COIVARAS,2202737,220001,Teresina,2201,Teresina,4117
10200,PI,COLÔNIA DO GURGUÉIA,2202752,220016,Bom Jesus,2205,Corrente - Bom Jesus,6150
10227,PI,COLÔNIA DO PIAUÍ,2202778,220011,Oeiras,2203,Picos,6994
10553,PI,CONCEIÇÃO DO CANINDÉ,2202802,220012,Simplício Mendes,2203,Picos,4932
10243,PI,CORONEL JOSÉ DIAS,2202851,220013,São Raimundo Nonato,2204,São Raimundo Nonato,4250
10570,PI,CORRENTE,2202901,220015,Corrente,2205,Corrente - Bom Jesus,27278
10596,PI,CRISTALÂNDIA DO PIAUÍ,2203008,220015,Corrente,2205,Corrente - Bom Jesus,7356
10618,PI,CRISTINO CASTRO,2203107,220016,Bom Jesus,2205,Corrente - Bom Jesus,10503
10634,PI,CURIMATÁ,2203206,220015,Corrente,2205,Corrente - Bom Jesus,11270
10766,PI,CURRAIS,2203230,220016,Bom Jesus,2205,Corrente - Bom Jesus,4854
12181,PI,CURRAL NOVO DO PIAUÍ,2203271,220010,Paulistana,2203,Picos,5073
12580,PI,CURRALINHOS,2203255,220001,Teresina,2201,Teresina,4413
10650,PI,DEMERVAL LOBÃO,2203305,220001,Teresina,2201,Teresina,16352
12297,PI,DIRCEU ARCOVERDE,2203354,220013,São Raimundo Nonato,2204,São Raimundo Nonato,7054
10677,PI,DOM EXPEDITO LOPES,2203404,220009,Picos,2203,Picos,6320
10685,PI,DOM INOCÊNCIO,2203453,220013,São Raimundo Nonato,2204,São Raimundo Nonato,9159
11410,PI,DOMINGOS MOURÃO,2203420,220007,Piripiri,2202,Parnaíba,4075
10693,PI,ELESBÃO VELOSO,2203503,220002,Amarante - Água Branca - Regeneração,2201,Teresina,13607
10715,PI,ELISEU MARTINS,2203602,220019,Canto do Buriti,2206,Floriano,4377
10731,PI,ESPERANTINA,2203701,220008,Esperantina,2202,Parnaíba,40970
10260,PI,FARTURA DO PIAUÍ,2203750,220013,São Raimundo Nonato,2204,São Raimundo Nonato,5284
10758,PI,FLORES DO PIAUÍ,2203800,220019,Canto do Buriti,2206,Floriano,4414
12637,PI,FLORESTA DO PIAUÍ,2203859,220011,Oeiras,2203,Picos,2333
10774,PI,FLORIANO,2203909,220017,Floriano,2206,Floriano,62036
10790,PI,FRANCINÓPOLIS,2204006,220002,Amarante - Água Branca - Regeneração,2201,Teresina,4505
10812,PI,FRANCISCO AYRES,2204105,220017,Floriano,2206,Floriano,4412
12378,PI,FRANCISCO MACEDO,2204154,220009,Picos,2203,Picos,2929
10839,PI,FRANCISCO SANTOS,2204204,220009,Picos,2203,Picos,8237
10855,PI,FRONTEIRAS,2204303,220009,Picos,2203,Picos,10259
10782,PI,GEMINIANO,2204352,220009,Picos,2203,Picos,5445
10871,PI,GILBUÉS,2204402,220015,Corrente,2205,Corrente - Bom Jesus,10892
10898,PI,GUADALUPE,2204501,220017,Floriano,2206,Floriano,10270
10804,PI,GUARIBAS,2204550,220013,São Raimundo Nonato,2204,São Raimundo Nonato,4276
10910,PI,HUGO NAPOLEÃO,2204600,220002,Amarante - Água Branca - Regeneração,2201,Teresina,3518
10820,PI,ILHA GRANDE,2204659,220006,Parnaíba,2202,Parnaíba,9274
10936,PI,INHUMA,2204709,220004,Valença do Piauí,2201,Teresina,14958
10952,PI,IPIRANGA DO PIAUÍ,2204808,220004,Valença do Piauí,2201,Teresina,9420
10979,PI,ISAÍAS COELHO,2204907,220009,Picos,2203,Picos,7774
10995,PI,ITAINÓPOLIS,2205003,220009,Picos,2203,Picos,10790
11010,PI,ITAUEIRA,2205102,220017,Floriano,2206,Floriano,10323
10286,PI,JACOBINA DO PIAUÍ,2205151,220010,Paulistana,2203,Picos,5613
11037,PI,JAICÓS,2205201,220009,Picos,2203,Picos,17527
10308,PI,JARDIM DO MULATO,2205250,220002,Amarante - Água Branca - Regeneração,2201,Teresina,4180
12394,PI,JATOBÁ DO PIAUÍ,2205276,220003,Campo Maior,2201,Teresina,4494
11053,PI,JERUMENHA,2205300,220017,Floriano,2206,Floriano,4497
11070,PI,JOAQUIM PIRES,2205409,220008,Esperantina,2202,Parnaíba,13886
12408,PI,JOCA MARQUES,2205458,220008,Esperantina,2202,Parnaíba,5394
11096,PI,JOSÉ DE FREITAS,2205508,220001,Teresina,2201,Teresina,42559
12386,PI,JOÃO COSTA,2205359,220014,São João do Piauí,2204,São Raimundo Nonato,2970
12416,PI,JUAZEIRO DO PIAUÍ,2205516,220003,Campo Maior,2201,Teresina,5214
10847,PI,JUREMA,2205532,220013,São Raimundo Nonato,2204,São Raimundo Nonato,4425
12203,PI,JÚLIO BORGES,2205524,220015,Corrente,2205,Corrente - Bom Jesus,5388
10324,PI,LAGOA ALEGRE,2205557,220001,Teresina,2201,Teresina,8256
10863,PI,LAGOA DE SÃO FRANCISCO,2205573,220007,Piripiri,2202,Parnaíba,6331
10340,PI,LAGOA DO BARRO DO PIAUÍ,2205565,220014,São João do Piauí,2204,São Raimundo Nonato,4995
12424,PI,LAGOA DO PIAUÍ,2205581,220001,Teresina,2201,Teresina,4810
12220,PI,LAGOA DO SÍTIO,2205599,220004,Valença do Piauí,2201,Teresina,4520
12432,PI,LAGOINHA DO PIAUÍ,2205540,220002,Amarante - Água Branca - Regeneração,2201,Teresina,2939
11118,PI,LANDRI SALES,2205607,220017,Floriano,2206,Floriano,5213
11134,PI,LUIS CORREIA,2205706,220006,Parnaíba,2202,Parnaíba,30641
11150,PI,LUZILÂNDIA,2205805,220008,Esperantina,2202,Parnaíba,25375
12440,PI,MADEIRO,2205854,220008,Esperantina,2202,Parnaíba,8032
11177,PI,MANOEL EMÍDIO,2205904,220018,Uruçuí,2206,Floriano,5209
10367,PI,MARCOLÂNDIA,2205953,220009,Picos,2203,Picos,8533
11193,PI,MARCOS PARENTE,2206001,220017,Floriano,2206,Floriano,4724
12467,PI,MASSAPÊ DO PIAUÍ,2206050,220009,Picos,2203,Picos,5218
11215,PI,MATIAS OLÍMPIO,2206100,220008,Esperantina,2202,Parnaíba,10641
11231,PI,MIGUEL ALVES,2206209,220001,Teresina,2201,Teresina,32150
11258,PI,MIGUEL LEÃO,2206308,220002,Amarante - Água Branca - Regeneração,2201,Teresina,1318
12246,PI,MILTON BRANDÃO,2206357,220007,Piripiri,2202,Parnaíba,6542
11274,PI,MONSENHOR GIL,2206407,220001,Teresina,2201,Teresina,10255
11290,PI,MONSENHOR HIPÓLITO,2206506,220009,Picos,2203,Picos,7577
11312,PI,MONTE ALEGRE DO PIAUÍ,2206605,220015,Corrente,2205,Corrente - Bom Jesus,10660
10880,PI,MORRO CABEÇA NO TEMPO,2206654,220015,Corrente,2205,Corrente - Bom Jesus,4377
12459,PI,MORRO DO CHAPÉU DO PIAUÍ,2206670,220008,Esperantina,2202,Parnaíba,6425
12475,PI,MURICI DOS PORTELAS,2206696,220006,Parnaíba,2202,Parnaíba,9797
11339,PI,NAZARÉ DO PIAUÍ,2206704,220017,Floriano,2206,Floriano,6665
12726,PI,NAZÁRIA,2206720,220001,Teresina,2201,Teresina,10262
10928,PI,NOSSA SENHORA DE NAZARÉ,2206753,220003,Campo Maior,2201,Teresina,5228
11355,PI,NOSSA SENHORA DOS REMÉDIOS,2206803,220005,Barras,2201,Teresina,8525
10960,PI,NOVA SANTA RITA,2207959,220014,São João do Piauí,2204,São Raimundo Nonato,4076
11371,PI,NOVO ORIENTE DO PIAUÍ,2206902,220004,Valença do Piauí,2201,Teresina,6097
10901,PI,NOVO SANTO ANTÔNIO,2206951,220001,Teresina,2201,Teresina,2827
11398,PI,OEIRAS,2207009,220011,Oeiras,2203,Picos,38161
12483,PI,OLHO D'ÁGUA DO PIAUÍ,2207108,220002,Amarante - Água Branca - Regeneração,2201,Teresina,2637
11436,PI,PADRE MARCOS,2207207,220009,Picos,2203,Picos,6382
11452,PI,PAES LANDIM,2207306,220012,Simplício Mendes,2203,Picos,4088
12262,PI,PAJEÚ DO PIAUÍ,2207355,220019,Canto do Buriti,2206,Floriano,3000
11479,PI,PALMEIRA DO PIAUÍ,2207405,220016,Bom Jesus,2205,Corrente - Bom Jesus,4952
11495,PI,PALMEIRAIS,2207504,220002,Amarante - Água Branca - Regeneração,2201,Teresina,13264
10944,PI,PAQUETÁ,2207553,220009,Picos,2203,Picos,3813
11517,PI,PARNAGUÁ,2207603,220015,Corrente,2205,Corrente - Bom Jesus,10103
11533,PI,PARNAÍBA,2207702,220006,Parnaíba,2202,Parnaíba,162159
10405,PI,PASSAGEM FRANCA DO PIAUÍ,2207751,220002,Amarante - Água Branca - Regeneração,2201,Teresina,4135
10383,PI,PATOS DO PIAUÍ,2207777,220010,Paulistana,2203,Picos,5425
12718,PI,PAU D'ARCO DO PIAUÍ,2207793,220001,Teresina,2201,Teresina,3880
11550,PI,PAULISTANA,2207801,220010,Paulistana,2203,Picos,21055
12289,PI,PAVUSSU,2207850,220019,Canto do Buriti,2206,Floriano,3628
11576,PI,PEDRO II,2207900,220007,Piripiri,2202,Parnaíba,37894
12491,PI,PEDRO LAURENTINO,2207934,220014,São João do Piauí,2204,São Raimundo Nonato,2458
11592,PI,PICOS,2208007,220009,Picos,2203,Picos,83090
11614,PI,PIMENTEIRAS,2208106,220004,Valença do Piauí,2201,Teresina,11341
11630,PI,PIO IX,2208205,220009,Picos,2203,Picos,17613
11657,PI,PIRACURUCA,2208304,220007,Piripiri,2202,Parnaíba,28846
11673,PI,PIRIPIRI,2208403,220007,Piripiri,2202,Parnaíba,65538
11690,PI,PORTO,2208502,220005,Barras,2201,Teresina,12052
12599,PI,PORTO ALEGRE DO PIAUÍ,2208551,220017,Floriano,2206,Floriano,2364
11711,PI,PRATA DO PIAUÍ,2208601,220002,Amarante - Água Branca - Regeneração,2201,Teresina,3042
10421,PI,QUEIMADA NOVA,2208650,220010,Paulistana,2203,Picos,8738
11738,PI,REDENÇÃO DO GURGUÉIA,2208700,220016,Bom Jesus,2205,Corrente - Bom Jesus,8394
11754,PI,REGENERAÇÃO,2208809,220002,Amarante - Água Branca - Regeneração,2201,Teresina,17133
12300,PI,RIACHO FRIO,2208858,220015,Corrente,2205,Corrente - Bom Jesus,4165
12602,PI,RIBEIRA DO PIAUÍ,2208874,220014,São João do Piauí,2204,São Raimundo Nonato,4055
11770,PI,RIBEIRO GONÇALVES,2208908,220018,Uruçuí,2206,Floriano,6164
11797,PI,RIO GRANDE DO PIAUÍ,2209005,220019,Canto do Buriti,2206,Floriano,5801
11819,PI,SANTA CRUZ DO PIAUÍ,2209104,220009,Picos,2203,Picos,5831
10448,PI,SANTA CRUZ DOS MILAGRES,2209153,220004,Valença do Piauí,2201,Teresina,3435
11835,PI,SANTA FILOMENA,2209203,220015,Corrente,2205,Corrente - Bom Jesus,6087
11851,PI,SANTA LUZ,2209302,220016,Bom Jesus,2205,Corrente - Bom Jesus,5336
10464,PI,SANTA ROSA DO PIAUÍ,2209377,220011,Oeiras,2203,Picos,4650
10480,PI,SANTANA DO PIAUÍ,2209351,220009,Picos,2203,Picos,4125
11878,PI,SANTO ANTÔNIO DE LISBOA,2209401,220009,Picos,2203,Picos,5839
12653,PI,SANTO ANTÔNIO DOS MILAGRES,2209450,220002,Amarante - Água Branca - Regeneração,2201,Teresina,2138
11894,PI,SANTO INÁCIO DO PIAUÍ,2209500,220011,Oeiras,2203,Picos,3646
12041,PI,SEBASTIÃO BARROS,2210623,220015,Corrente,2205,Corrente - Bom Jesus,3202
12068,PI,SEBASTIÃO LEAL,2210631,220018,Uruçuí,2206,Floriano,4446
10545,PI,SIGEFREDO PACHECO,2210656,220003,Campo Maior,2201,Teresina,9460
12157,PI,SIMPLÍCIO MENDES,2210805,220012,Simplício Mendes,2203,Picos,13870
12130,PI,SIMÕES,2210706,220010,Paulistana,2203,Picos,14350
12173,PI,SOCORRO DO PIAUÍ,2210904,220012,Simplício Mendes,2203,Picos,4141
12513,PI,SUSSUAPARA,2210938,220009,Picos,2203,Picos,6220
10502,PI,SÃO BRAZ DO PIAUÍ,2209559,220013,São Raimundo Nonato,2204,São Raimundo Nonato,4358
12505,PI,SÃO FRANCISCO DE ASSIS DO PIAUÍ,2209658,220012,Simplício Mendes,2203,Picos,5572
11932,PI,SÃO FRANCISCO DO PIAUÍ,2209708,220017,Floriano,2206,Floriano,5392
11916,PI,SÃO FÉLIX DO PIAUÍ,2209609,220002,Amarante - Água Branca - Regeneração,2201,Teresina,2842
12610,PI,SÃO GONÇALO DO GURGUÉIA,2209757,220015,Corrente,2205,Corrente - Bom Jesus,2947
11959,PI,SÃO GONÇALO DO PIAUÍ,2209807,220002,Amarante - Água Branca - Regeneração,2201,Teresina,4837
10529,PI,SÃO JOSÉ DO DIVINO,2210052,220007,Piripiri,2202,Parnaíba,4841
12017,PI,SÃO JOSÉ DO PEIXE,2210102,220017,Floriano,2206,Floriano,3297
12033,PI,SÃO JOSÉ DO PIAUÍ,2210201,220009,Picos,2203,Picos,6597
11088,PI,SÃO JOÃO DA CANABRAVA,2209856,220009,Picos,2203,Picos,4242
12009,PI,SÃO JOÃO DA FRONTEIRA,2209872,220007,Piripiri,2202,Parnaíba,5522
11975,PI,SÃO JOÃO DA SERRA,2209906,220003,Campo Maior,2201,Teresina,6114
12025,PI,SÃO JOÃO DA VARJOTA,2209955,220011,Oeiras,2203,Picos,4383
10987,PI,SÃO JOÃO DO ARRAIAL,2209971,220008,Esperantina,2202,Parnaíba,8186
11991,PI,SÃO JOÃO DO PIAUÍ,2210003,220014,São João do Piauí,2204,São Raimundo Nonato,21421
12050,PI,SÃO JULIÃO,2210300,220009,Picos,2203,Picos,6025
10561,PI,SÃO LOURENÇO DO PIAUÍ,2210359,220013,São Raimundo Nonato,2204,São Raimundo Nonato,4410
12629,PI,SÃO LUIS DO PIAUÍ,2210375,220009,Picos,2203,Picos,2309
12661,PI,SÃO MIGUEL DA BAIXA GRANDE,2210383,220002,Amarante - Água Branca - Regeneração,2201,Teresina,2269
12700,PI,SÃO MIGUEL DO FIDALGO,2210391,220011,Oeiras,2203,Picos,2829
12076,PI,SÃO MIGUEL DO TAPUIO,2210409,220003,Campo Maior,2201,Teresina,17554
12092,PI,SÃO PEDRO DO PIAUÍ,2210508,220002,Amarante - Água Branca - Regeneração,2201,Teresina,13755
12114,PI,SÃO RAIMUNDO NONATO,2210607,220013,São Raimundo Nonato,2204,São Raimundo Nonato,38934
12530,PI,TAMBORIL DO PIAUÍ,2210953,220019,Canto do Buriti,2206,Floriano,2949
12521,PI,TANQUE DO PIAUÍ,2210979,220011,Oeiras,2203,Picos,2316
12190,PI,TERESINA,2211001,220001,Teresina,2201,Teresina,866300
12211,PI,UNIÃO,2211100,220001,Teresina,2201,Teresina,46119
12238,PI,URUÇUÍ,2211209,220018,Uruçuí,2206,Floriano,25203
12254,PI,VALENÇA DO PIAUÍ,2211308,220004,Valença do Piauí,2201,Teresina,22279
12556,PI,VERA MENDES,2211506,220009,Picos,2203,Picos,3185
12548,PI,VILA NOVA DO PIAUÍ,2211605,220009,Picos,2203,Picos,2935
10588,PI,VÁRZEA BRANCA,2211357,220013,São Raimundo Nonato,2204,São Raimundo Nonato,5055
12270,PI,VÁRZEA GRANDE,2211407,220002,Amarante - Água Branca - Regeneração,2201,Teresina,4417
12564,PI,WALL FERRAZ,2211704,220009,Picos,2203,Picos,4059
10030,PI,ÁGUA BRANCA,2200202,220002,Amarante - Água Branca - Regeneração,2201,Teresina,17573
74012,PR,ABATIÁ,4100103,410022,Santo Antônio da Platina,4105,Londrina,7241
74039,PR,ADRIANÓPOLIS,4100202,410001,Curitiba,4101,Curitiba,6256
74055,PR,AGUDOS DO SUL,4100301,410001,Curitiba,4101,Curitiba,10233
74071,PR,ALMIRANTE TAMANDARÉ,4100400,410001,Curitiba,4101,Curitiba,119825
84557,PR,ALTAMIRA DO PARANÁ,4100459,410015,Campo Mourão,4104,Maringá,3590
74098,PR,ALTO PARANÁ,4100608,410017,Paranavaí,4104,Maringá,13909
74926,PR,ALTO PARAÍSO,4128625,410016,Umuarama,4104,Maringá,3055
74110,PR,ALTO PIQUIRI,4100707,410016,Umuarama,4104,Maringá,9727
79510,PR,ALTÔNIA,4100509,410016,Umuarama,4104,Maringá,18742
74136,PR,ALVORADA DO SUL,4100806,410021,Londrina,4105,Londrina,10326
74152,PR,AMAPORÃ,4100905,410017,Paranavaí,4104,Maringá,4762
74179,PR,AMPÉRE,4101002,410009,Francisco Beltrão,4103,Cascavel,19620
74101,PR,ANAHY,4101051,410006,Cascavel,4103,Cascavel,2918
74195,PR,ANDIRÁ,4101101,410022,Santo Antônio da Platina,4105,Londrina,19878
74217,PR,ANTONINA,4101200,410002,Paranaguá,4101,Curitiba,18091
74233,PR,ANTONIO OLINTO,4101309,410003,União da Vitória,4101,Curitiba,7018
74250,PR,APUCARANA,4101408,410023,Apucarana,4105,Londrina,130134
74276,PR,ARAPONGAS,4101507,410021,Londrina,4105,Londrina,119138
74292,PR,ARAPOTI,4101606,410027,Ponta Grossa,4106,Ponta Grossa,25777
75108,PR,ARAPUÃ,4101655,410025,Ivaiporã,4105,Londrina,3527
74314,PR,ARARUNA,4101705,410015,Campo Mourão,4104,Maringá,14485
74357,PR,ARAUCÁRIA,4101804,410001,Curitiba,4101,Curitiba,151666
75086,PR,ARIRANHA DO IVAÍ,4101853,410025,Ivaiporã,4105,Londrina,2329
74373,PR,ASSAÍ,4101903,410021,Londrina,4105,Londrina,13797
79537,PR,ASSIS CHATEAUBRIAND,4102000,410008,Toledo,4103,Cascavel,36808
74390,PR,ASTORGA,4102109,410014,Maringá,4104,Maringá,25475
74411,PR,ATALAIA,4102208,410014,Maringá,4104,Maringá,3980
74438,PR,BALSA NOVA,4102307,410001,Curitiba,4101,Curitiba,13395
74454,PR,BANDEIRANTES,4102406,410024,Cornélio Procópio ¿ Bandeirantes,4105,Londrina,31273
74470,PR,BARBOSA FERRAZ,4102505,410015,Campo Mourão,4104,Maringá,10795
74519,PR,BARRA DO JACARÉ,4102703,410022,Santo Antônio da Platina,4105,Londrina,2814
74497,PR,BARRACÃO,4102604,410009,Francisco Beltrão,4103,Cascavel,9759
75124,PR,BELA VISTA DA CAROBA,4102752,410009,Francisco Beltrão,4103,Cascavel,4031
74535,PR,BELA VISTA DO PARAÍSO,4102802,410021,Londrina,4105,Londrina,14833
74551,PR,BITURUNA,4102901,410003,União da Vitória,4101,Curitiba,15533
74578,PR,BOA ESPERANÇA,4103008,410015,Campo Mourão,4104,Maringá,4558
74144,PR,BOA ESPERANÇA DO IGUAÇU,4103024,410012,Dois Vizinhos,4103,Cascavel,2455
75140,PR,BOA VENTURA DE SÃO ROQUE,4103040,410005,Pitanga,4102,Guarapuava,6378
79812,PR,BOA VISTA DA APARECIDA,4103057,410006,Cascavel,4103,Cascavel,7924
74594,PR,BOCAIÚVA DO SUL,4103107,410001,Curitiba,4101,Curitiba,13299
75167,PR,BOM JESUS DO SUL,4103156,410009,Francisco Beltrão,4103,Cascavel,3980
74616,PR,BOM SUCESSO,4103206,410023,Apucarana,4105,Londrina,6581
74160,PR,BOM SUCESSO DO SUL,4103222,410010,Pato Branco,4103,Cascavel,3202
74632,PR,BORRAZÓPOLIS,4103305,410023,Apucarana,4105,Londrina,7735
79839,PR,BRAGANEY,4103354,410006,Cascavel,4103,Cascavel,4854
74187,PR,BRASILÂNDIA DO SUL,4103370,410016,Umuarama,4104,Maringá,3708
74659,PR,CAFEARA,4103404,410021,Londrina,4105,Londrina,2627
79855,PR,CAFELÂNDIA,4103453,410006,Cascavel,4103,Cascavel,18997
74209,PR,CAFEZAL DO SUL,4103479,410016,Umuarama,4104,Maringá,4473
74675,PR,CALIFÓRNIA,4103503,410023,Apucarana,4105,Londrina,8710
74691,PR,CAMBARÁ,4103602,410022,Santo Antônio da Platina,4105,Londrina,23212
74730,PR,CAMBIRA,4103800,410023,Apucarana,4105,Londrina,9460
74713,PR,CAMBÉ,4103701,410021,Londrina,4105,Londrina,107208
74756,PR,CAMPINA DA LAGOA,4103909,410015,Campo Mourão,4104,Maringá,15723
75183,PR,CAMPINA DO SIMÃO,4103958,410004,Guarapuava,4102,Guarapuava,3936
74772,PR,CAMPINA GRANDE DO SUL,4104006,410001,Curitiba,4101,Curitiba,47825
74780,PR,CAMPO BONITO,4104055,410006,Cascavel,4103,Cascavel,4027
74799,PR,CAMPO DO TENENTE,4104105,410001,Curitiba,4101,Curitiba,7508
74810,PR,CAMPO LARGO,4104204,410001,Curitiba,4101,Curitiba,136327
75205,PR,CAMPO MAGRO,4104253,410001,Curitiba,4101,Curitiba,30160
74837,PR,CAMPO MOURÃO,4104303,410015,Campo Mourão,4104,Maringá,99432
74225,PR,CANDÓI,4104428,410004,Guarapuava,4102,Guarapuava,14973
84514,PR,CANTAGALO,4104451,410004,Guarapuava,4102,Guarapuava,10933
74870,PR,CAPANEMA,4104501,410009,Francisco Beltrão,4103,Cascavel,20481
74896,PR,CAPITÃO LEÔNIDAS MARQUES,4104600,410006,Cascavel,4103,Cascavel,14648
75221,PR,CARAMBEÍ,4104659,410027,Ponta Grossa,4106,Ponta Grossa,23283
74918,PR,CARLÓPOLIS,4104709,410022,Santo Antônio da Platina,4105,Londrina,16905
74934,PR,CASCAVEL,4104808,410006,Cascavel,4103,Cascavel,348051
74950,PR,CASTRO,4104907,410027,Ponta Grossa,4106,Ponta Grossa,73075
74977,PR,CATANDUVAS,4105003,410006,Cascavel,4103,Cascavel,10446
74993,PR,CENTENÁRIO DO SUL,4105102,410021,Londrina,4105,Londrina,10832
75019,PR,CERRO AZUL,4105201,410001,Curitiba,4101,Curitiba,16134
75035,PR,CHOPINZINHO,4105409,410010,Pato Branco,4103,Cascavel,21085
75051,PR,CIANORTE,4105508,410018,Cianorte,4104,Maringá,79527
75078,PR,CIDADE GAÚCHA,4105607,410016,Umuarama,4104,Maringá,11467
75094,PR,CLEVELÂNDIA,4105706,410010,Pato Branco,4103,Cascavel,15070
75132,PR,COLOMBO,4105805,410001,Curitiba,4101,Curitiba,232212
75159,PR,COLORADO,4105904,410019,Paranacity - Colorado,4104,Maringá,22896
75175,PR,CONGONHINHAS,4106001,410024,Cornélio Procópio ¿ Bandeirantes,4105,Londrina,8320
75191,PR,CONSELHEIRO MAIRINCK,4106100,410026,Ibaiti,4105,Londrina,3461
75213,PR,CONTENDA,4106209,410001,Curitiba,4101,Curitiba,19128
75230,PR,CORBÉLIA,4106308,410006,Cascavel,4103,Cascavel,17470
75256,PR,CORNÉLIO PROCÓPIO,4106407,410024,Cornélio Procópio ¿ Bandeirantes,4105,Londrina,45206
75248,PR,CORONEL DOMINGOS SOARES,4106456,410010,Pato Branco,4103,Cascavel,5649
75272,PR,CORONEL VIVIDA,4106506,410010,Pato Branco,4103,Cascavel,23331
75280,PR,CORUMBATAÍ DO SUL,4106555,410015,Campo Mourão,4104,Maringá,3760
75337,PR,CRUZ MACHADO,4106803,410003,União da Vitória,4101,Curitiba,15978
74241,PR,CRUZEIRO DO IGUAÇU,4106571,410012,Dois Vizinhos,4103,Cascavel,4133
75299,PR,CRUZEIRO DO OESTE,4106605,410016,Umuarama,4104,Maringá,23831
75310,PR,CRUZEIRO DO SUL,4106704,410019,Paranacity - Colorado,4104,Maringá,4494
75264,PR,CRUZMALTINA,4106852,410025,Ivaiporã,4105,Londrina,2892
75353,PR,CURITIBA,4106902,410001,Curitiba,4101,Curitiba,1773718
75370,PR,CURIÚVA,4107009,410028,Telêmaco Borba,4106,Ponta Grossa,13647
74853,PR,CÂNDIDO DE ABREU,4104402,410025,Ivaiporã,4105,Londrina,15244
79570,PR,CÉU AZUL,4105300,410006,Cascavel,4103,Cascavel,11087
75400,PR,DIAMANTE D'OESTE,4107157,410006,Cascavel,4103,Cascavel,4557
75396,PR,DIAMANTE DO NORTE,4107108,410017,Paranavaí,4104,Maringá,5142
74268,PR,DIAMANTE DO SUL,4107124,410006,Cascavel,4103,Cascavel,3171
75418,PR,DOIS VIZINHOS,4107207,410012,Dois Vizinhos,4103,Cascavel,44869
84654,PR,DOURADINA,4107256,410016,Umuarama,4104,Maringá,9161
75434,PR,DOUTOR CAMARGO,4107306,410014,Maringá,4104,Maringá,6327
74942,PR,DOUTOR ULYSSES,4128633,410001,Curitiba,4101,Curitiba,5697
75477,PR,ENGENHEIRO BELTRÃO,4107504,410015,Campo Mourão,4104,Maringá,12454
74284,PR,ENTRE RIOS DO OESTE,4107538,410013,Marechal Cândido Rondon,4103,Cascavel,4575
75450,PR,ENÉAS MARQUES,4107405,410009,Francisco Beltrão,4103,Cascavel,5999
75302,PR,ESPERANÇA NOVA,4107520,410016,Umuarama,4104,Maringá,1849
75329,PR,ESPIGÃO ALTO DO IGUAÇU,4107546,410011,Laranjeiras do Sul - Quedas do Iguaçu,4103,Cascavel,4797
74306,PR,FAROL,4107553,410015,Campo Mourão,4104,Maringá,3039
75493,PR,FAXINAL,4107603,410025,Ivaiporã,4105,Londrina,16389
74322,PR,FAZENDA RIO GRANDE,4107652,410001,Curitiba,4101,Curitiba,148873
75345,PR,FERNANDES PINHEIRO,4107736,410029,Irati,4106,Ponta Grossa,6255
84573,PR,FIGUEIRA,4107751,410026,Ibaiti,4105,Londrina,8062
74349,PR,FLOR DA SERRA DO SUL,4107850,410009,Francisco Beltrão,4103,Cascavel,4364
75531,PR,FLORAÍ,4107801,410014,Maringá,4104,Maringá,4792
75558,PR,FLORESTA,4107900,410014,Maringá,4104,Maringá,10458
75574,PR,FLORESTÓPOLIS,4108007,410021,Londrina,4105,Londrina,11446
75590,PR,FLÓRIDA,4108106,410014,Maringá,4104,Maringá,2652
75612,PR,FORMOSA DO OESTE,4108205,410008,Toledo,4103,Cascavel,7635
75639,PR,FOZ DO IGUAÇU,4108304,410007,Foz do Iguaçu,4103,Cascavel,285415
75361,PR,FOZ DO JORDÃO,4108452,410004,Guarapuava,4102,Guarapuava,4926
79774,PR,FRANCISCO ALVES,4108320,410016,Umuarama,4104,Maringá,8116
75655,PR,FRANCISCO BELTRÃO,4108403,410009,Francisco Beltrão,4103,Cascavel,96666
75515,PR,FÊNIX,4107702,410015,Campo Mourão,4104,Maringá,4492
75671,PR,GENERAL CARNEIRO,4108502,410003,União da Vitória,4101,Curitiba,11062
74004,PR,GODOY MOREIRA,4108551,410025,Ivaiporã,4105,Londrina,2977
75698,PR,GOIOERÊ,4108601,410015,Campo Mourão,4104,Maringá,28437
75388,PR,GOIOXIM,4108650,410004,Guarapuava,4102,Guarapuava,6566
79596,PR,GRANDES RIOS,4108700,410025,Ivaiporã,4105,Londrina,5641
75736,PR,GUAIRAÇÁ,4108908,410017,Paranavaí,4104,Maringá,6587
75426,PR,GUAMIRANGA,4108957,410004,Guarapuava,4102,Guarapuava,7856
75752,PR,GUAPIRAMA,4109005,410022,Santo Antônio da Platina,4105,Londrina,4626
75779,PR,GUAPOREMA,4109104,410018,Cianorte,4104,Maringá,2191
75795,PR,GUARACI,4109203,410021,Londrina,4105,Londrina,4748
75817,PR,GUARANIAÇU,4109302,410006,Cascavel,4103,Cascavel,13735
75833,PR,GUARAPUAVA,4109401,410004,Guarapuava,4102,Guarapuava,182093
75850,PR,GUARAQUEÇABA,4109500,410002,Paranaguá,4101,Curitiba,7430
75876,PR,GUARATUBA,4109609,410002,Paranaguá,4101,Curitiba,42062
75710,PR,GUAÍRA,4108809,410008,Toledo,4103,Cascavel,32097
74365,PR,HONÓRIO SERPA,4109658,410010,Pato Branco,4103,Cascavel,4941
75892,PR,IBAITI,4109708,410026,Ibaiti,4105,Londrina,28830
74020,PR,IBEMA,4109757,410006,Cascavel,4103,Cascavel,6218
75914,PR,IBIPORÃ,4109807,410021,Londrina,4105,Londrina,51603
75930,PR,ICARAÍMA,4109906,410016,Umuarama,4104,Maringá,8991
75957,PR,IGUARAÇU,4110003,410014,Maringá,4104,Maringá,5338
74381,PR,IGUATU,4110052,410006,Cascavel,4103,Cascavel,2144
75442,PR,IMBAÚ,4110078,410028,Telêmaco Borba,4106,Ponta Grossa,14249
75973,PR,IMBITUVA,4110102,410029,Irati,4106,Ponta Grossa,29924
76015,PR,INAJÁ,4110300,410019,Paranacity - Colorado,4104,Maringá,2536
79618,PR,INDIANÓPOLIS,4110409,410018,Cianorte,4104,Maringá,4448
75990,PR,INÁCIO MARTINS,4110201,410004,Guarapuava,4102,Guarapuava,9670
76031,PR,IPIRANGA,4110508,410027,Ponta Grossa,4106,Ponta Grossa,14142
76058,PR,IPORÃ,4110607,410016,Umuarama,4104,Maringá,15746
74403,PR,IRACEMA DO OESTE,4110656,410008,Toledo,4103,Cascavel,2343
76074,PR,IRATI,4110706,410029,Irati,4106,Ponta Grossa,59250
76090,PR,IRETAMA,4110805,410015,Campo Mourão,4104,Maringá,10684
76112,PR,ITAGUAJÉ,4110904,410019,Paranacity - Colorado,4104,Maringá,4481
75000,PR,ITAIPULÂNDIA,4110953,410007,Foz do Iguaçu,4103,Cascavel,11485
76139,PR,ITAMBARACÁ,4111001,410024,Cornélio Procópio ¿ Bandeirantes,4105,Londrina,5908
76155,PR,ITAMBÉ,4111100,410014,Maringá,4104,Maringá,6111
76171,PR,ITAPEJARA D'OESTE,4111209,410010,Pato Branco,4103,Cascavel,12344
74446,PR,ITAPERUÇU,4111258,410001,Curitiba,4101,Curitiba,31217
76198,PR,ITAÚNA DO SUL,4111308,410017,Paranavaí,4104,Maringá,3572
76236,PR,IVAIPORÃ,4111506,410025,Ivaiporã,4105,Londrina,32720
76252,PR,IVATUBA,4111605,410014,Maringá,4104,Maringá,2708
74462,PR,IVATÉ,4111555,410016,Umuarama,4104,Maringá,6831
76210,PR,IVAÍ,4111407,410027,Ponta Grossa,4106,Ponta Grossa,13229
76279,PR,JABOTI,4111704,410026,Ibaiti,4105,Londrina,5427
76295,PR,JACAREZINHO,4111803,410022,Santo Antônio da Platina,4105,Londrina,40375
76317,PR,JAGUAPITÃ,4111902,410021,Londrina,4105,Londrina,15122
76333,PR,JAGUARIAÍVA,4112009,410027,Ponta Grossa,4106,Ponta Grossa,35141
76350,PR,JANDAIA DO SUL,4112108,410023,Apucarana,4105,Londrina,21408
76376,PR,JANIÓPOLIS,4112207,410015,Campo Mourão,4104,Maringá,5870
76392,PR,JAPIRA,4112306,410026,Ibaiti,4105,Londrina,4972
76414,PR,JAPURÁ,4112405,410018,Cianorte,4104,Maringá,9144
76430,PR,JARDIM ALEGRE,4112504,410025,Ivaiporã,4105,Londrina,12004
76457,PR,JARDIM OLINDA,4112603,410019,Paranacity - Colorado,4104,Maringá,1343
76473,PR,JATAIZINHO,4112702,410021,Londrina,4105,Londrina,11813
79979,PR,JESUÍTAS,4112751,410008,Toledo,4103,Cascavel,10506
76490,PR,JOAQUIM TÁVORA,4112801,410022,Santo Antônio da Platina,4105,Londrina,11945
76511,PR,JUNDIAÍ DO SUL,4112900,410022,Santo Antônio da Platina,4105,Londrina,3333
84638,PR,JURANDA,4112959,410015,Campo Mourão,4104,Maringá,7771
76538,PR,JUSSARA,4113007,410018,Cianorte,4104,Maringá,6690
76554,PR,KALORÉ,4113106,410023,Apucarana,4105,Londrina,4582
76570,PR,LAPA,4113205,410001,Curitiba,4101,Curitiba,45003
74985,PR,LARANJAL,4113254,410005,Pitanga,4102,Guarapuava,5600
76597,PR,LARANJEIRAS DO SUL,4113304,410011,Laranjeiras do Sul - Quedas do Iguaçu,4103,Cascavel,32227
76619,PR,LEÓPOLIS,4113403,410024,Cornélio Procópio ¿ Bandeirantes,4105,Londrina,3752
74489,PR,LIDIANÓPOLIS,4113429,410025,Ivaiporã,4105,Londrina,3938
74047,PR,LINDOESTE,4113452,410006,Cascavel,4103,Cascavel,5175
76635,PR,LOANDA,4113502,410020,Loanda,4104,Maringá,23225
76651,PR,LOBATO,4113601,410019,Paranacity - Colorado,4104,Maringá,4601
76678,PR,LONDRINA,4113700,410021,Londrina,4105,Londrina,555965
75809,PR,LUIZIANA,4113734,410015,Campo Mourão,4104,Maringá,6690
84590,PR,LUNARDELLI,4113759,410025,Ivaiporã,4105,Londrina,4872
76694,PR,LUPIONÓPOLIS,4113809,410021,Londrina,4105,Londrina,4813
76716,PR,MALLET,4113908,410029,Irati,4106,Ponta Grossa,13428
76732,PR,MAMBORÊ,4114005,410015,Campo Mourão,4104,Maringá,13452
76775,PR,MANDAGUARI,4114203,410014,Maringá,4104,Maringá,36716
76759,PR,MANDAGUAÇU,4114104,410014,Maringá,4104,Maringá,31457
76791,PR,MANDIRITUBA,4114302,410001,Curitiba,4101,Curitiba,27439
75469,PR,MANFRINÓPOLIS,4114351,410009,Francisco Beltrão,4103,Cascavel,2770
75116,PR,MANGUEIRINHA,4114401,410010,Pato Branco,4103,Cascavel,16603
76813,PR,MANOEL RIBAS,4114500,410025,Ivaiporã,4105,Londrina,14240
76830,PR,MARECHAL CÂNDIDO RONDON,4114609,410013,Marechal Cândido Rondon,4103,Cascavel,55836
76856,PR,MARIA HELENA,4114708,410016,Umuarama,4104,Maringá,5865
76872,PR,MARIALVA,4114807,410014,Maringá,4104,Maringá,41851
79758,PR,MARILENA,4115002,410017,Paranavaí,4104,Maringá,7253
76899,PR,MARILUZ,4115101,410016,Umuarama,4104,Maringá,9847
74330,PR,MARILÂNDIA DO SUL,4114906,410023,Apucarana,4105,Londrina,8677
76910,PR,MARINGÁ,4115200,410014,Maringá,4104,Maringá,409657
74500,PR,MARIPÁ,4115358,410008,Toledo,4103,Cascavel,6555
76937,PR,MARIÓPOLIS,4115309,410010,Pato Branco,4103,Cascavel,6371
76953,PR,MARMELEIRO,4115408,410009,Francisco Beltrão,4103,Cascavel,15901
75485,PR,MARQUINHO,4115457,410011,Laranjeiras do Sul - Quedas do Iguaçu,4103,Cascavel,4504
76970,PR,MARUMBI,4115507,410023,Apucarana,4105,Londrina,4699
76996,PR,MATELÂNDIA,4115606,410006,Cascavel,4103,Cascavel,18450
79634,PR,MATINHOS,4115705,410002,Paranaguá,4101,Curitiba,39259
74527,PR,MATO RICO,4115739,410005,Pitanga,4102,Guarapuava,3267
74543,PR,MAUÁ DA SERRA,4115754,410023,Apucarana,4105,Londrina,9383
77011,PR,MEDIANEIRA,4115804,410007,Foz do Iguaçu,4103,Cascavel,54369
74560,PR,MERCEDES,4115853,410013,Marechal Cândido Rondon,4103,Cascavel,5931
77038,PR,MIRADOR,4115903,410017,Paranavaí,4104,Maringá,2238
77054,PR,MIRASELVA,4116000,410021,Londrina,4105,Londrina,1966
84697,PR,MISSAL,4116059,410007,Foz do Iguaçu,4103,Cascavel,11064
77070,PR,MOREIRA SALES,4116109,410015,Campo Mourão,4104,Maringá,11175
77097,PR,MORRETES,4116208,410002,Paranaguá,4101,Curitiba,18309
77119,PR,MUNHOZ DE MELO,4116307,410014,Maringá,4104,Maringá,3951
77135,PR,NOSSA SENHORA DAS GRAÇAS,4116406,410019,Paranacity - Colorado,4104,Maringá,3669
77151,PR,NOVA ALIANÇA DO IVAÍ,4116505,410017,Paranavaí,4104,Maringá,1323
77178,PR,NOVA AMÉRICA DA COLINA,4116604,410024,Cornélio Procópio ¿ Bandeirantes,4105,Londrina,3280
79650,PR,NOVA AURORA,4116703,410006,Cascavel,4103,Cascavel,13765
77194,PR,NOVA CANTU,4116802,410015,Campo Mourão,4104,Maringá,6790
77216,PR,NOVA ESPERANÇA,4116901,410014,Maringá,4104,Maringá,26585
75027,PR,NOVA ESPERANÇA DO SUDOESTE,4116950,410009,Francisco Beltrão,4103,Cascavel,5597
77232,PR,NOVA FÁTIMA,4117008,410024,Cornélio Procópio ¿ Bandeirantes,4105,Londrina,7225
74586,PR,NOVA LARANJEIRAS,4117057,410011,Laranjeiras do Sul - Quedas do Iguaçu,4103,Cascavel,12074
77259,PR,NOVA LONDRINA,4117107,410017,Paranavaí,4104,Maringá,12923
79677,PR,NOVA OLÍMPIA,4117206,410016,Umuarama,4104,Maringá,5833
79952,PR,NOVA PRATA DO IGUAÇU,4117255,410012,Dois Vizinhos,4103,Cascavel,12699
74608,PR,NOVA SANTA BÁRBARA,4117214,410024,Cornélio Procópio ¿ Bandeirantes,4105,Londrina,4184
79790,PR,NOVA SANTA ROSA,4117222,410013,Marechal Cândido Rondon,4103,Cascavel,8322
75760,PR,NOVA TEBAS,4117271,410005,Pitanga,4102,Guarapuava,6848
74420,PR,NOVO ITACOLOMI,4117297,410023,Apucarana,4105,Londrina,3125
77275,PR,ORTIGUEIRA,4117305,410028,Telêmaco Borba,4106,Ponta Grossa,24192
77291,PR,OURIZONA,4117404,410014,Maringá,4104,Maringá,3187
74063,PR,OURO VERDE DO OESTE,4117453,410008,Toledo,4103,Cascavel,6785
77313,PR,PAIÇANDU,4117503,410014,Maringá,4104,Maringá,45962
77330,PR,PALMAS,4117602,410010,Pato Branco,4103,Cascavel,48247
77356,PR,PALMEIRA,4117701,410027,Ponta Grossa,4106,Ponta Grossa,33855
77372,PR,PALMITAL,4117800,410005,Pitanga,4102,Guarapuava,13033
77399,PR,PALOTINA,4117909,410008,Toledo,4103,Cascavel,35011
77437,PR,PARANACITY,4118105,410019,Paranacity - Colorado,4104,Maringá,9557
77453,PR,PARANAGUÁ,4118204,410002,Paranaguá,4101,Curitiba,145829
77470,PR,PARANAPOEMA,4118303,410019,Paranacity - Colorado,4104,Maringá,2398
77496,PR,PARANAVAÍ,4118402,410017,Paranavaí,4104,Maringá,92001
77410,PR,PARAÍSO DO NORTE,4118006,410017,Paranavaí,4104,Maringá,13245
74624,PR,PATO BRAGADO,4118451,410013,Marechal Cândido Rondon,4103,Cascavel,5733
77518,PR,PATO BRANCO,4118501,410010,Pato Branco,4103,Cascavel,91836
77534,PR,PAULA FREITAS,4118600,410003,União da Vitória,4101,Curitiba,5666
77550,PR,PAULO FRONTIN,4118709,410003,União da Vitória,4101,Curitiba,6343
77577,PR,PEABIRU,4118808,410015,Campo Mourão,4104,Maringá,13346
75507,PR,PEROBAL,4118857,410016,Umuarama,4104,Maringá,7189
75043,PR,PINHAIS,4119152,410001,Curitiba,4101,Curitiba,127019
74640,PR,PINHAL DE SÃO BENTO,4119251,410009,Francisco Beltrão,4103,Cascavel,2761
77631,PR,PINHALÃO,4119202,410026,Ibaiti,4105,Londrina,6566
77658,PR,PINHÃO,4119301,410004,Guarapuava,4102,Guarapuava,29886
77690,PR,PIRAQUARA,4119509,410001,Curitiba,4101,Curitiba,118730
77674,PR,PIRAÍ DO SUL,4119400,410027,Ponta Grossa,4106,Ponta Grossa,23651
77712,PR,PITANGA,4119608,410005,Pitanga,4102,Guarapuava,33567
74667,PR,PITANGUEIRAS,4119657,410021,Londrina,4105,Londrina,3046
77615,PR,PIÊN,4119103,410001,Curitiba,4101,Curitiba,13655
77739,PR,PLANALTINA DO PARANÁ,4119707,410017,Paranavaí,4104,Maringá,4070
77755,PR,PLANALTO,4119806,410009,Francisco Beltrão,4103,Cascavel,14374
77771,PR,PONTA GROSSA,4119905,410027,Ponta Grossa,4106,Ponta Grossa,358371
75523,PR,PONTAL DO PARANÁ,4119954,410002,Paranaguá,4101,Curitiba,30425
77798,PR,PORECATU,4120002,410021,Londrina,4105,Londrina,11624
77810,PR,PORTO AMAZONAS,4120101,410027,Ponta Grossa,4106,Ponta Grossa,4098
75540,PR,PORTO BARREIRO,4120150,410011,Laranjeiras do Sul - Quedas do Iguaçu,4103,Cascavel,3110
77836,PR,PORTO RICO,4120200,410020,Loanda,4104,Maringá,3182
77852,PR,PORTO VITÓRIA,4120309,410003,União da Vitória,4101,Curitiba,3562
75566,PR,PRADO FERREIRA,4120333,410021,Londrina,4105,Londrina,3709
79910,PR,PRANCHITA,4120358,410009,Francisco Beltrão,4103,Cascavel,5737
77879,PR,PRESIDENTE CASTELO BRANCO,4120408,410014,Maringá,4104,Maringá,4336
77895,PR,PRIMEIRO DE MAIO,4120507,410021,Londrina,4105,Londrina,10082
77917,PR,PRUDENTÓPOLIS,4120606,410004,Guarapuava,4102,Guarapuava,49393
79693,PR,PÉROLA,4118907,410016,Umuarama,4104,Maringá,11878
77593,PR,PÉROLA D'OESTE,4119004,410009,Francisco Beltrão,4103,Cascavel,6221
75582,PR,QUARTO CENTENÁRIO,4120655,410015,Campo Mourão,4104,Maringá,4201
77933,PR,QUATIGUÁ,4120705,410022,Santo Antônio da Platina,4105,Londrina,8099
77950,PR,QUATRO BARRAS,4120804,410001,Curitiba,4101,Curitiba,24191
74683,PR,QUATRO PONTES,4120853,410013,Marechal Cândido Rondon,4103,Cascavel,4480
79553,PR,QUEDAS DO IGUAÇU,4120903,410011,Laranjeiras do Sul - Quedas do Iguaçu,4103,Cascavel,30738
77976,PR,QUERÊNCIA DO NORTE,4121000,410020,Loanda,4104,Maringá,10685
77992,PR,QUINTA DO SOL,4121109,410015,Campo Mourão,4104,Maringá,5001
78018,PR,QUITANDINHA,4121208,410001,Curitiba,4101,Curitiba,18398
74705,PR,RAMILÂNDIA,4121257,410006,Cascavel,4103,Cascavel,4221
78034,PR,RANCHO ALEGRE,4121307,410024,Cornélio Procópio ¿ Bandeirantes,4105,Londrina,3512
74721,PR,RANCHO ALEGRE D'OESTE,4121356,410015,Campo Mourão,4104,Maringá,2618
78050,PR,REALEZA,4121406,410009,Francisco Beltrão,4103,Cascavel,19247
78077,PR,REBOUÇAS,4121505,410029,Irati,4106,Ponta Grossa,14514
78093,PR,RENASCENÇA,4121604,410009,Francisco Beltrão,4103,Cascavel,6845
78115,PR,RESERVA,4121703,410028,Telêmaco Borba,4106,Ponta Grossa,24573
75604,PR,RESERVA DO IGUAÇU,4121752,410004,Guarapuava,4102,Guarapuava,6553
78131,PR,RIBEIRÃO CLARO,4121802,410022,Santo Antônio da Platina,4105,Londrina,12364
78158,PR,RIBEIRÃO DO PINHAL,4121901,410022,Santo Antônio da Platina,4105,Londrina,13060
78174,PR,RIO AZUL,4122008,410029,Irati,4106,Ponta Grossa,14025
78190,PR,RIO BOM,4122107,410023,Apucarana,4105,Londrina,3197
74748,PR,RIO BONITO DO IGUAÇU,4122156,410011,Laranjeiras do Sul - Quedas do Iguaçu,4103,Cascavel,13929
75620,PR,RIO BRANCO DO IVAÍ,4122172,410025,Ivaiporã,4105,Londrina,3808
78212,PR,RIO BRANCO DO SUL,4122206,410001,Curitiba,4101,Curitiba,37558
78239,PR,RIO NEGRO,4122305,410001,Curitiba,4101,Curitiba,31324
78255,PR,ROLÂNDIA,4122404,410021,Londrina,4105,Londrina,71670
78271,PR,RONCADOR,4122503,410015,Campo Mourão,4104,Maringá,11251
78298,PR,RONDON,4122602,410018,Cianorte,4104,Maringá,9097
75744,PR,ROSÁRIO DO IVAÍ,4122651,410025,Ivaiporã,4105,Londrina,5435
78310,PR,SABÁUDIA,4122701,410021,Londrina,4105,Londrina,8822
78336,PR,SALGADO FILHO,4122800,410009,Francisco Beltrão,4103,Cascavel,4075
78352,PR,SALTO DO ITARARÉ,4122909,410022,Santo Antônio da Platina,4105,Londrina,5192
78379,PR,SALTO DO LONTRA,4123006,410012,Dois Vizinhos,4103,Cascavel,15223
78395,PR,SANTA AMÉLIA,4123105,410024,Cornélio Procópio ¿ Bandeirantes,4105,Londrina,3394
78417,PR,SANTA CECÍLIA DO PAVÃO,4123204,410024,Cornélio Procópio ¿ Bandeirantes,4105,Londrina,3365
78433,PR,SANTA CRUZ DE MONTE CASTELO,4123303,410020,Loanda,4104,Maringá,8613
78450,PR,SANTA FÉ,4123402,410014,Maringá,4104,Maringá,11378
79715,PR,SANTA HELENA,4123501,410008,Toledo,4103,Cascavel,25492
78476,PR,SANTA INÊS,4123600,410019,Paranacity - Colorado,4104,Maringá,1748
78492,PR,SANTA ISABEL DO IVAÍ,4123709,410020,Loanda,4104,Maringá,8912
78514,PR,SANTA IZABEL DO OESTE,4123808,410009,Francisco Beltrão,4103,Cascavel,14070
74764,PR,SANTA LÚCIA,4123824,410006,Cascavel,4103,Cascavel,3644
74802,PR,SANTA MARIA DO OESTE,4123857,410005,Pitanga,4102,Guarapuava,9934
78530,PR,SANTA MARIANA,4123907,410024,Cornélio Procópio ¿ Bandeirantes,4105,Londrina,11066
74829,PR,SANTA MÔNICA,4123956,410020,Loanda,4104,Maringá,3356
74080,PR,SANTA TEREZA DO OESTE,4124020,410006,Cascavel,4103,Cascavel,13174
84670,PR,SANTA TEREZINHA DE ITAIPU,4124053,410007,Foz do Iguaçu,4103,Cascavel,24262
78557,PR,SANTANA DO ITARARÉ,4124004,410022,Santo Antônio da Platina,4105,Londrina,5514
78611,PR,SANTO ANTONIO DO CAIUÁ,4124202,410017,Paranavaí,4104,Maringá,2493
78590,PR,SANTO ANTÔNIO DA PLATINA,4124103,410022,Santo Antônio da Platina,4105,Londrina,44369
78638,PR,SANTO ANTÔNIO DO PARAÍSO,4124301,410024,Cornélio Procópio ¿ Bandeirantes,4105,Londrina,2125
78573,PR,SANTO ANTÔNIO DO SUDOESTE,4124400,410009,Francisco Beltrão,4103,Cascavel,23673
78654,PR,SANTO INÁCIO,4124509,410019,Paranacity - Colorado,4104,Maringá,6181
78999,PR,SAPOPEMA,4126207,410024,Cornélio Procópio ¿ Bandeirantes,4105,Londrina,6695
84611,PR,SARANDI,4126256,410014,Maringá,4104,Maringá,118455
75060,PR,SAUDADE DO IGUAÇU,4126272,410010,Pato Branco,4103,Cascavel,6108
79014,PR,SENGÉS,4126306,410027,Ponta Grossa,4106,Ponta Grossa,17270
75647,PR,SERRANÓPOLIS DO IGUAÇU,4126355,410007,Foz do Iguaçu,4103,Cascavel,5007
79030,PR,SERTANEJA,4126405,410024,Cornélio Procópio ¿ Bandeirantes,4105,Londrina,5616
79057,PR,SERTANÓPOLIS,4126504,410021,Londrina,4105,Londrina,15930
79073,PR,SIQUEIRA CAMPOS,4126603,410022,Santo Antônio da Platina,4105,Londrina,22811
75787,PR,SULINA,4126652,410010,Pato Branco,4103,Cascavel,3440
78670,PR,SÃO CARLOS DO IVAÍ,4124608,410017,Paranavaí,4104,Maringá,6587
78697,PR,SÃO JERÔNIMO DA SERRA,4124707,410024,Cornélio Procópio ¿ Bandeirantes,4105,Londrina,10830
78816,PR,SÃO JORGE D'OESTE,4125209,410012,Dois Vizinhos,4103,Cascavel,9378
78794,PR,SÃO JORGE DO IVAÍ,4125308,410014,Maringá,4104,Maringá,5168
79995,PR,SÃO JORGE DO PATROCÍNIO,4125357,410016,Umuarama,4104,Maringá,6504
78832,PR,SÃO JOSÉ DA BOA VISTA,4125407,410022,Santo Antônio da Platina,4105,Londrina,6040
84719,PR,SÃO JOSÉ DAS PALMEIRAS,4125456,410008,Toledo,4103,Cascavel,3957
78859,PR,SÃO JOSÉ DOS PINHAIS,4125506,410001,Curitiba,4101,Curitiba,329628
78719,PR,SÃO JOÃO,4124806,410010,Pato Branco,4103,Cascavel,11886
78735,PR,SÃO JOÃO DO CAIUÁ,4124905,410017,Paranavaí,4104,Maringá,5586
78751,PR,SÃO JOÃO DO IVAÍ,4125001,410025,Ivaiporã,4105,Londrina,10667
78778,PR,SÃO JOÃO DO TRIUNFO,4125100,410027,Ponta Grossa,4106,Ponta Grossa,13726
74845,PR,SÃO MANOEL DO PARANÁ,4125555,410018,Cianorte,4104,Maringá,2138
78875,PR,SÃO MATEUS DO SUL,4125605,410003,União da Vitória,4101,Curitiba,42366
78891,PR,SÃO MIGUEL DO IGUAÇU,4125704,410007,Foz do Iguaçu,4103,Cascavel,29122
74861,PR,SÃO PEDRO DO IGUAÇU,4125753,410008,Toledo,4103,Cascavel,5784
78913,PR,SÃO PEDRO DO IVAÍ,4125803,410023,Apucarana,4105,Londrina,8690
78930,PR,SÃO PEDRO DO PARANÁ,4125902,410020,Loanda,4104,Maringá,2661
78956,PR,SÃO SEBASTIÃO DA AMOREIRA,4126009,410024,Cornélio Procópio ¿ Bandeirantes,4105,Londrina,8063
78972,PR,SÃO TOMÉ,4126108,410018,Cianorte,4104,Maringá,5232
75663,PR,TAMARANA,4126678,410021,Londrina,4105,Londrina,10707
79090,PR,TAMBOARA,4126702,410017,Paranavaí,4104,Maringá,4880
79111,PR,TAPEJARA,4126801,410018,Cianorte,4104,Maringá,15869
79731,PR,TAPIRA,4126900,410016,Umuarama,4104,Maringá,5745
79138,PR,TEIXEIRA SOARES,4127007,410029,Irati,4106,Ponta Grossa,9547
79154,PR,TELÊMACO BORBA,4127106,410028,Telêmaco Borba,4106,Ponta Grossa,75042
79170,PR,TERRA BOA,4127205,410018,Cianorte,4104,Maringá,17568
79197,PR,TERRA RICA,4127304,410017,Paranavaí,4104,Maringá,14842
79219,PR,TERRA ROXA,4127403,410008,Toledo,4103,Cascavel,18119
79235,PR,TIBAGI,4127502,410028,Telêmaco Borba,4106,Ponta Grossa,19961
79251,PR,TIJUCAS DO SUL,4127601,410001,Curitiba,4101,Curitiba,17621
79278,PR,TOLEDO,4127700,410008,Toledo,4103,Cascavel,150470
79294,PR,TOMAZINA,4127809,410022,Santo Antônio da Platina,4105,Londrina,8426
79871,PR,TRÊS BARRAS DO PARANÁ,4127858,410006,Cascavel,4103,Cascavel,11135
74888,PR,TUNAS DO PARANÁ,4127882,410001,Curitiba,4101,Curitiba,6219
79316,PR,TUNEIRAS DO OESTE,4127908,410018,Cianorte,4104,Maringá,8067
79936,PR,TUPÃSSI,4127957,410008,Toledo,4103,Cascavel,8077
84530,PR,TURVO,4127965,410004,Guarapuava,4102,Guarapuava,14231
79332,PR,UBIRATÃ,4128005,410015,Campo Mourão,4104,Maringá,24749
79359,PR,UMUARAMA,4128104,410016,Umuarama,4104,Maringá,117095
79391,PR,UNIFLOR,4128302,410014,Maringá,4104,Maringá,2136
79375,PR,UNIÃO DA VITÓRIA,4128203,410003,União da Vitória,4101,Curitiba,55033
79413,PR,URAÍ,4128401,410024,Cornélio Procópio ¿ Bandeirantes,4105,Londrina,10406
74900,PR,VENTANIA,4128534,410028,Telêmaco Borba,4106,Ponta Grossa,9681
79898,PR,VERA CRUZ DO OESTE,4128559,410006,Cascavel,4103,Cascavel,8215
79456,PR,VERÊ,4128609,410009,Francisco Beltrão,4103,Cascavel,7932
74969,PR,VIRMOND,4128658,410011,Laranjeiras do Sul - Quedas do Iguaçu,4103,Cascavel,3811
79472,PR,VITORINO,4128708,410010,Pato Branco,4103,Cascavel,9706
79430,PR,WENCESLAU BRAZ,4128500,410022,Santo Antônio da Platina,4105,Londrina,19188
79499,PR,XAMBRÊ,4128807,410016,Umuarama,4104,Maringá,5798
74128,PR,ÂNGULO,4101150,410014,Maringá,4104,Maringá,3235
58017,RJ,ANGRA DOS REIS,3300100,330002,Angra dos Reis,3301,Rio de Janeiro,167434
58181,RJ,APERIBÉ,3300159,330012,Santo Antônio de Pádua,3304,Campos dos Goytacazes,11034
58033,RJ,ARARUAMA,3300209,330013,Cabo Frio,3305,Macaé - Rio das Ostras - Cabo Frio,129671
58220,RJ,AREAL,3300225,330007,Petrópolis,3303,Petrópolis,11828
58408,RJ,ARMAÇÃO DOS BÚZIOS,3300233,330013,Cabo Frio,3305,Macaé - Rio das Ostras - Cabo Frio,40006
59277,RJ,ARRAIAL DO CABO,3300258,330013,Cabo Frio,3305,Macaé - Rio das Ostras - Cabo Frio,30986
58050,RJ,BARRA DO PIRAÍ,3300308,330004,Volta Redonda - Barra Mansa,3302,Volta Redonda - Barra Mansa,92883
58076,RJ,BARRA MANSA,3300407,330004,Volta Redonda - Barra Mansa,3302,Volta Redonda - Barra Mansa,169894
58041,RJ,BELFORD ROXO,3300456,330001,Rio de Janeiro,3301,Rio de Janeiro,483087
58092,RJ,BOM JARDIM,3300506,330008,Nova Friburgo,3303,Petrópolis,28102
58114,RJ,BOM JESUS DO ITABAPOANA,3300605,330011,Itaperuna,3304,Campos dos Goytacazes,35173
58130,RJ,CABO FRIO,3300704,330013,Cabo Frio,3305,Macaé - Rio das Ostras - Cabo Frio,222161
58157,RJ,CACHOEIRAS DE MACACU,3300803,330003,Rio Bonito,3301,Rio de Janeiro,56943
58173,RJ,CAMBUCI,3300902,330012,Santo Antônio de Pádua,3304,Campos dos Goytacazes,14616
58190,RJ,CAMPOS DOS GOYTACAZES,3301009,330010,Campos dos Goytacazes,3304,Campos dos Goytacazes,483540
58211,RJ,CANTAGALO,3301108,330008,Nova Friburgo,3303,Petrópolis,19390
58300,RJ,CARAPEBUS,3300936,330014,Macaé - Rio das Ostras,3305,Macaé - Rio das Ostras - Cabo Frio,13847
58068,RJ,CARDOSO MOREIRA,3301157,330010,Campos dos Goytacazes,3304,Campos dos Goytacazes,12958
58238,RJ,CARMO,3301207,330008,Nova Friburgo,3303,Petrópolis,17198
58254,RJ,CASIMIRO DE ABREU,3301306,330014,Macaé - Rio das Ostras,3305,Macaé - Rio das Ostras - Cabo Frio,46110
58165,RJ,COMENDADOR LEVY GASPARIAN,3300951,330009,Três Rios - Paraíba do Sul,3303,Petrópolis,8741
58270,RJ,CONCEIÇÃO DE MACABU,3301405,330014,Macaé - Rio das Ostras,3305,Macaé - Rio das Ostras - Cabo Frio,21104
58297,RJ,CORDEIRO,3301504,330008,Nova Friburgo,3303,Petrópolis,20783
58319,RJ,DUAS BARRAS,3301603,330008,Nova Friburgo,3303,Petrópolis,10980
58335,RJ,DUQUE DE CAXIAS,3301702,330001,Rio de Janeiro,3301,Rio de Janeiro,808161
58351,RJ,ENGENHEIRO PAULO DE FRONTIN,3301801,330004,Volta Redonda - Barra Mansa,3302,Volta Redonda - Barra Mansa,12242
58106,RJ,GUAPIMIRIM,3301850,330001,Rio de Janeiro,3301,Rio de Janeiro,51696
58262,RJ,IGUABA GRANDE,3301876,330013,Cabo Frio,3305,Macaé - Rio das Ostras - Cabo Frio,27920
58378,RJ,ITABORAÍ,3301900,330001,Rio de Janeiro,3301,Rio de Janeiro,224267
58394,RJ,ITAGUAÍ,3302007,330001,Rio de Janeiro,3301,Rio de Janeiro,116841
59293,RJ,ITALVA,3302056,330010,Campos dos Goytacazes,3304,Campos dos Goytacazes,14073
58416,RJ,ITAOCARA,3302106,330012,Santo Antônio de Pádua,3304,Campos dos Goytacazes,22919
58432,RJ,ITAPERUNA,3302205,330011,Itaperuna,3304,Campos dos Goytacazes,101041
58440,RJ,ITATIAIA,3302254,330005,Resende,3302,Volta Redonda - Barra Mansa,30908
58149,RJ,JAPERI,3302270,330001,Rio de Janeiro,3301,Rio de Janeiro,96289
58459,RJ,LAJE DO MURIAÉ,3302304,330011,Itaperuna,3304,Campos dos Goytacazes,7336
58475,RJ,MACAÉ,3302403,330014,Macaé - Rio das Ostras,3305,Macaé - Rio das Ostras - Cabo Frio,246391
58386,RJ,MACUCO,3302452,330008,Nova Friburgo,3303,Petrópolis,5415
58491,RJ,MAGÉ,3302502,330001,Rio de Janeiro,3301,Rio de Janeiro,228127
58513,RJ,MANGARATIBA,3302601,330001,Rio de Janeiro,3301,Rio de Janeiro,41220
58530,RJ,MARICÁ,3302700,330001,Rio de Janeiro,3301,Rio de Janeiro,197277
58556,RJ,MENDES,3302809,330004,Volta Redonda - Barra Mansa,3302,Volta Redonda - Barra Mansa,17502
58467,RJ,MESQUITA,3302858,330001,Rio de Janeiro,3301,Rio de Janeiro,167127
58572,RJ,MIGUEL PEREIRA,3302908,330006,Valença,3302,Volta Redonda - Barra Mansa,26582
58599,RJ,MIRACEMA,3303005,330012,Santo Antônio de Pádua,3304,Campos dos Goytacazes,26881
58610,RJ,NATIVIDADE,3303104,330011,Itaperuna,3304,Campos dos Goytacazes,15074
58637,RJ,NILÓPOLIS,3303203,330001,Rio de Janeiro,3301,Rio de Janeiro,146774
58653,RJ,NITERÓI,3303302,330001,Rio de Janeiro,3301,Rio de Janeiro,481749
58670,RJ,NOVA FRIBURGO,3303401,330008,Nova Friburgo,3303,Petrópolis,189939
58696,RJ,NOVA IGUAÇU,3303500,330001,Rio de Janeiro,3301,Rio de Janeiro,785867
58718,RJ,PARACAMBI,3303609,330001,Rio de Janeiro,3301,Rio de Janeiro,41375
58750,RJ,PARATY,3303807,330002,Angra dos Reis,3301,Rio de Janeiro,45243
58734,RJ,PARAÍBA DO SUL,3303708,330009,Três Rios - Paraíba do Sul,3303,Petrópolis,42063
59315,RJ,PATY DO ALFERES,3303856,330006,Valença,3302,Volta Redonda - Barra Mansa,29619
58777,RJ,PETRÓPOLIS,3303906,330007,Petrópolis,3303,Petrópolis,278881
58246,RJ,PINHEIRAL,3303955,330004,Volta Redonda - Barra Mansa,3302,Volta Redonda - Barra Mansa,24298
58793,RJ,PIRAÍ,3304003,330004,Volta Redonda - Barra Mansa,3302,Volta Redonda - Barra Mansa,27474
58815,RJ,PORCIÚNCULA,3304102,330011,Itaperuna,3304,Campos dos Goytacazes,17288
58327,RJ,PORTO REAL,3304110,330005,Resende,3302,Volta Redonda - Barra Mansa,20373
58025,RJ,QUATIS,3304128,330005,Resende,3302,Volta Redonda - Barra Mansa,13682
58122,RJ,QUEIMADOS,3304144,330001,Rio de Janeiro,3301,Rio de Janeiro,140523
58009,RJ,QUISSAMÃ,3304151,330014,Macaé - Rio das Ostras,3305,Macaé - Rio das Ostras - Cabo Frio,22393
58831,RJ,RESENDE,3304201,330005,Resende,3302,Volta Redonda - Barra Mansa,129612
58858,RJ,RIO BONITO,3304300,330003,Rio Bonito,3301,Rio de Janeiro,56276
58874,RJ,RIO CLARO,3304409,330004,Volta Redonda - Barra Mansa,3302,Volta Redonda - Barra Mansa,17401
58890,RJ,RIO DAS FLORES,3304508,330006,Valença,3302,Volta Redonda - Barra Mansa,8954
58203,RJ,RIO DAS OSTRAS,3304524,330014,Macaé - Rio das Ostras,3305,Macaé - Rio das Ostras - Cabo Frio,156491
60011,RJ,RIO DE JANEIRO,3304557,330001,Rio de Janeiro,3301,Rio de Janeiro,6211223
58912,RJ,SANTA MARIA MADALENA,3304607,330008,Nova Friburgo,3303,Petrópolis,10232
58939,RJ,SANTO ANTÔNIO DE PÁDUA,3304706,330012,Santo Antônio de Pádua,3304,Campos dos Goytacazes,41325
59072,RJ,SAPUCAIA,3305406,330009,Três Rios - Paraíba do Sul,3303,Petrópolis,17729
59099,RJ,SAQUAREMA,3305505,330001,Rio de Janeiro,3301,Rio de Janeiro,89559
58424,RJ,SEROPÉDICA,3305554,330001,Rio de Janeiro,3301,Rio de Janeiro,80596
59110,RJ,SILVA JARDIM,3305604,330003,Rio Bonito,3301,Rio de Janeiro,21352
59137,RJ,SUMIDOURO,3305703,330008,Nova Friburgo,3303,Petrópolis,15206
58955,RJ,SÃO FIDÉLIS,3304805,330010,Campos dos Goytacazes,3304,Campos dos Goytacazes,38961
58289,RJ,SÃO FRANCISCO DE ITABAPOANA,3304755,330010,Campos dos Goytacazes,3304,Campos dos Goytacazes,45059
58971,RJ,SÃO GONÇALO,3304904,330001,Rio de Janeiro,3301,Rio de Janeiro,896744
58343,RJ,SÃO JOSÉ DE UBÁ,3305133,330011,Itaperuna,3304,Campos dos Goytacazes,7070
59331,RJ,SÃO JOSÉ DO VALE DO RIO PRETO,3305158,330007,Petrópolis,3303,Petrópolis,22080
58998,RJ,SÃO JOÃO DA BARRA,3305000,330010,Campos dos Goytacazes,3304,Campos dos Goytacazes,36573
59013,RJ,SÃO JOÃO DE MERITI,3305109,330001,Rio de Janeiro,3301,Rio de Janeiro,440962
59030,RJ,SÃO PEDRO DA ALDEIA,3305208,330013,Cabo Frio,3305,Macaé - Rio das Ostras - Cabo Frio,104029
59056,RJ,SÃO SEBASTIÃO DO ALTO,3305307,330008,Nova Friburgo,3303,Petrópolis,7750
58360,RJ,TANGUÁ,3305752,330001,Rio de Janeiro,3301,Rio de Janeiro,31086
59153,RJ,TERESÓPOLIS,3305802,330007,Petrópolis,3303,Petrópolis,165123
59170,RJ,TRAJANO DE MORAIS,3305901,330008,Nova Friburgo,3303,Petrópolis,10302
59196,RJ,TRÊS RIOS,3306008,330009,Três Rios - Paraíba do Sul,3303,Petrópolis,78346
59218,RJ,VALENÇA,3306107,330006,Valença,3302,Volta Redonda - Barra Mansa,68088
58084,RJ,VARRE-SAI,3306156,330011,Itaperuna,3304,Campos dos Goytacazes,10207
59234,RJ,VASSOURAS,3306206,330006,Valença,3302,Volta Redonda - Barra Mansa,33976
59250,RJ,VOLTA REDONDA,3306305,330004,Volta Redonda - Barra Mansa,3302,Volta Redonda - Barra Mansa,261563
16012,RN,ACARI,2400109,240008,Currais Novos,2402,Caicó,10597
16055,RN,AFONSO BEZERRA,2400307,240011,Açu,2403,Mossoró,10839
16098,RN,ALEXANDRIA,2400505,240010,Pau dos Ferros,2403,Mossoró,13640
16110,RN,ALMINO AFONSO,2400604,240010,Pau dos Ferros,2403,Mossoró,4687
16136,RN,ALTO DO RODRIGUES,2400703,240011,Açu,2403,Mossoró,12484
16152,RN,ANGICOS,2400802,240011,Açu,2403,Mossoró,11632
16179,RN,ANTÔNIO MARTINS,2400901,240010,Pau dos Ferros,2403,Mossoró,6577
16195,RN,APODI,2401008,240009,Mossoró,2403,Mossoró,36093
16217,RN,AREIA BRANCA,2401107,240009,Mossoró,2403,Mossoró,24093
16233,RN,ARÊS,2401206,240003,Canguaretama,2401,Natal,13251
16039,RN,ASSÚ,2400208,240011,Açu,2403,Mossoró,56496
30031,RN,BARAÚNA,2401453,240009,Mossoró,2403,Mossoró,26913
16292,RN,BARCELONA,2401503,240006,São Paulo do Potengi,2401,Natal,3986
16276,RN,BAÍA FORMOSA,2401404,240003,Canguaretama,2401,Natal,8825
16314,RN,BENTO FERNANDES,2401602,240001,Natal,2401,Natal,4807
17035,RN,BOA SAÚDE,2405306,240002,Santo Antônio - Passa e Fica - Nova Cruz,2401,Natal,9051
16101,RN,BODÓ,2401651,240008,Currais Novos,2402,Caicó,2306
16330,RN,BOM JESUS,2401701,240001,Natal,2401,Natal,9952
16357,RN,BREJINHO,2401800,240001,Natal,2401,Natal,12202
16390,RN,CAICÓ,2402006,240007,Caicó,2402,Caicó,61146
16047,RN,CAIÇARA DO NORTE,2401859,240005,João Câmara,2401,Natal,6293
16373,RN,CAIÇARA DO RIO DO VENTO,2401909,240006,São Paulo do Potengi,2401,Natal,3268
16250,RN,CAMPO GRANDE,2401305,240009,Mossoró,2403,Mossoró,9730
16411,RN,CAMPO REDONDO,2402105,240004,Santa Cruz,2401,Natal,10215
16438,RN,CANGUARETAMA,2402204,240003,Canguaretama,2401,Natal,29668
16454,RN,CARAÚBAS,2402303,240009,Mossoró,2403,Mossoró,19727
16497,RN,CARNAUBAIS,2402501,240011,Açu,2403,Mossoró,9714
16470,RN,CARNAÚBA DOS DANTAS,2402402,240008,Currais Novos,2402,Caicó,7992
16519,RN,CEARÁ-MIRIM,2402600,240001,Natal,2401,Natal,79115
16535,RN,CERRO CORÁ,2402709,240008,Currais Novos,2402,Caicó,11000
16551,RN,CORONEL EZEQUIEL,2402808,240004,Santa Cruz,2401,Natal,5117
16578,RN,CORONEL JOÃO PESSOA,2402907,240010,Pau dos Ferros,2403,Mossoró,4237
16594,RN,CRUZETA,2403004,240007,Caicó,2402,Caicó,8005
16616,RN,CURRAIS NOVOS,2403103,240008,Currais Novos,2402,Caicó,41313
16632,RN,DOUTOR SEVERIANO,2403202,240010,Pau dos Ferros,2403,Mossoró,7044
16659,RN,ENCANTO,2403301,240010,Pau dos Ferros,2403,Mossoró,6016
16675,RN,EQUADOR,2403400,240007,Caicó,2402,Caicó,5360
16691,RN,ESPÍRITO SANTO,2403509,240003,Canguaretama,2401,Natal,10620
16713,RN,EXTREMOZ,2403608,240001,Natal,2401,Natal,61635
16730,RN,FELIPE GUERRA,2403707,240009,Mossoró,2403,Mossoró,5944
16144,RN,FERNANDO PEDROZA,2403756,240011,Açu,2403,Mossoró,2938
16756,RN,FLORÂNIA,2403806,240008,Currais Novos,2402,Caicó,10196
16772,RN,FRANCISCO DANTAS,2403905,240010,Pau dos Ferros,2403,Mossoró,2700
17515,RN,FRUTUOSO GOMES,2404002,240010,Pau dos Ferros,2403,Mossoró,4122
16799,RN,GALINHOS,2404101,240005,João Câmara,2401,Natal,2104
16810,RN,GOIANINHA,2404200,240003,Canguaretama,2401,Natal,26741
16837,RN,GOVERNADOR DIX-SEPT ROSADO,2404309,240009,Mossoró,2403,Mossoró,11938
16853,RN,GROSSOS,2404408,240009,Mossoró,2403,Mossoró,9924
16870,RN,GUAMARÉ,2404507,240011,Açu,2403,Mossoró,15295
16896,RN,IELMO MARINHO,2404606,240001,Natal,2401,Natal,11615
16918,RN,IPANGUAÇU,2404705,240011,Açu,2403,Mossoró,14131
16934,RN,IPUEIRA,2404804,240007,Caicó,2402,Caicó,2035
16080,RN,ITAJÁ,2404853,240011,Açu,2403,Mossoró,7292
16950,RN,ITAÚ,2404903,240009,Mossoró,2403,Mossoró,5320
16993,RN,JANDAÍRA,2405108,240005,João Câmara,2401,Natal,6562
17019,RN,JANDUÍS,2405207,240009,Mossoró,2403,Mossoró,4746
17051,RN,JAPI,2405405,240004,Santa Cruz,2401,Natal,5117
17078,RN,JARDIM DE ANGICOS,2405504,240005,João Câmara,2401,Natal,2437
17094,RN,JARDIM DE PIRANHAS,2405603,240007,Caicó,2402,Caicó,13977
17116,RN,JARDIM DO SERIDÓ,2405702,240007,Caicó,2402,Caicó,11655
16977,RN,JAÇANÃ,2405009,240004,Santa Cruz,2401,Natal,7834
17175,RN,JOSÉ DA PENHA,2406007,240010,Pau dos Ferros,2403,Mossoró,5803
17132,RN,JOÃO CÂMARA,2405801,240005,João Câmara,2401,Natal,33290
17159,RN,JOÃO DIAS,2405900,240010,Pau dos Ferros,2403,Mossoró,2076
17191,RN,JUCURUTU,2406106,240007,Caicó,2402,Caicó,17793
16306,RN,JUNDIÁ,2406155,240001,Natal,2401,Natal,3739
17230,RN,LAGOA D'ANTA,2406205,240002,Santo Antônio - Passa e Fica - Nova Cruz,2401,Natal,6654
17256,RN,LAGOA DE PEDRAS,2406304,240002,Santo Antônio - Passa e Fica - Nova Cruz,2401,Natal,7338
17272,RN,LAGOA DE VELHOS,2406403,240006,São Paulo do Potengi,2401,Natal,2567
17299,RN,LAGOA NOVA,2406502,240008,Currais Novos,2402,Caicó,15573
17310,RN,LAGOA SALGADA,2406601,240001,Natal,2401,Natal,8319
17337,RN,LAJES,2406700,240011,Açu,2403,Mossoró,9866
17353,RN,LAJES PINTADAS,2406809,240004,Santa Cruz,2401,Natal,4787
17370,RN,LUCRÉCIA,2406908,240010,Pau dos Ferros,2403,Mossoró,3490
17396,RN,LUÍS GOMES,2407005,240010,Pau dos Ferros,2403,Mossoró,9070
17434,RN,MACAU,2407203,240011,Açu,2403,Mossoró,27369
17418,RN,MACAÍBA,2407104,240001,Natal,2401,Natal,82249
16160,RN,MAJOR SALES,2407252,240010,Pau dos Ferros,2403,Mossoró,3924
17450,RN,MARCELINO VIEIRA,2407302,240010,Pau dos Ferros,2403,Mossoró,7896
17477,RN,MARTINS,2407401,240010,Pau dos Ferros,2403,Mossoró,8179
17493,RN,MAXARANGUAPE,2407500,240001,Natal,2401,Natal,10255
17213,RN,MESSIAS TARGINO,2407609,240009,Mossoró,2403,Mossoró,4274
17531,RN,MONTANHAS,2407708,240003,Canguaretama,2401,Natal,11444
17558,RN,MONTE ALEGRE,2407807,240001,Natal,2401,Natal,23031
17574,RN,MONTE DAS GAMELEIRAS,2407906,240002,Santo Antônio - Passa e Fica - Nova Cruz,2401,Natal,2276
17590,RN,MOSSORÓ,2408003,240009,Mossoró,2403,Mossoró,264577
17612,RN,NATAL,2408102,240001,Natal,2401,Natal,751300
17655,RN,NOVA CRUZ,2408300,240002,Santo Antônio - Passa e Fica - Nova Cruz,2401,Natal,34269
17639,RN,NÍSIA FLORESTA,2408201,240001,Natal,2401,Natal,31942
17671,RN,OLHO D'ÁGUA DO BORGES,2408409,240010,Pau dos Ferros,2403,Mossoró,3905
17698,RN,OURO BRANCO,2408508,240007,Caicó,2402,Caicó,4913
17710,RN,PARANÁ,2408607,240010,Pau dos Ferros,2403,Mossoró,3934
17752,RN,PARAZINHO,2408805,240005,João Câmara,2401,Natal,4801
17736,RN,PARAÚ,2408706,240011,Açu,2403,Mossoró,3579
17779,RN,PARELHAS,2408904,240007,Caicó,2402,Caicó,21499
17795,RN,PARNAMIRIM,2403251,240001,Natal,2401,Natal,252716
17817,RN,PASSA E FICA,2409100,240002,Santo Antônio - Passa e Fica - Nova Cruz,2401,Natal,10896
17833,RN,PASSAGEM,2409209,240002,Santo Antônio - Passa e Fica - Nova Cruz,2401,Natal,3115
17850,RN,PATU,2409308,240010,Pau dos Ferros,2403,Mossoró,11007
17876,RN,PAU DOS FERROS,2409407,240010,Pau dos Ferros,2403,Mossoró,30479
17892,RN,PEDRA GRANDE,2409506,240005,João Câmara,2401,Natal,3618
17914,RN,PEDRA PRETA,2409605,240005,João Câmara,2401,Natal,2441
17930,RN,PEDRO AVELINO,2409704,240005,João Câmara,2401,Natal,6242
17957,RN,PEDRO VELHO,2409803,240003,Canguaretama,2401,Natal,13824
17973,RN,PENDÊNCIAS,2409902,240011,Açu,2403,Mossoró,12278
17990,RN,PILÕES,2410009,240010,Pau dos Ferros,2403,Mossoró,2965
18031,RN,PORTALEGRE,2410207,240010,Pau dos Ferros,2403,Mossoró,7601
16284,RN,PORTO DO MANGUE,2410256,240011,Açu,2403,Mossoró,5228
18015,RN,POÇO BRANCO,2410108,240001,Natal,2401,Natal,12390
18074,RN,PUREZA,2410405,240001,Natal,2401,Natal,9362
18090,RN,RAFAEL FERNANDES,2410504,240010,Pau dos Ferros,2403,Mossoró,5432
18937,RN,RAFAEL GODEIRO,2410603,240010,Pau dos Ferros,2403,Mossoró,2934
18112,RN,RIACHO DA CRUZ,2410702,240010,Pau dos Ferros,2403,Mossoró,2701
18139,RN,RIACHO DE SANTANA,2410801,240010,Pau dos Ferros,2403,Mossoró,4127
18155,RN,RIACHUELO,2410900,240006,São Paulo do Potengi,2401,Natal,7389
16268,RN,RIO DO FOGO,2408953,240001,Natal,2401,Natal,10351
18171,RN,RODOLFO FERNANDES,2411007,240009,Mossoró,2403,Mossoró,4242
18198,RN,RUY BARBOSA,2411106,240006,São Paulo do Potengi,2401,Natal,3206
18236,RN,SANTA CRUZ,2411205,240004,Santa Cruz,2401,Natal,37313
16241,RN,SANTA MARIA,2409332,240006,São Paulo do Potengi,2401,Natal,4847
18279,RN,SANTANA DO MATOS,2411403,240011,Açu,2403,Mossoró,12456
18252,RN,SANTANA DO SERIDÓ,2411429,240007,Caicó,2402,Caicó,2696
18295,RN,SANTO ANTÔNIO,2411502,240002,Santo Antônio - Passa e Fica - Nova Cruz,2401,Natal,22177
18597,RN,SENADOR ELÓI DE SOUZA,2413102,240006,São Paulo do Potengi,2401,Natal,5965
18619,RN,SENADOR GEORGINO AVELINO,2413201,240001,Natal,2401,Natal,4065
18058,RN,SERRA CAIADA,2410306,240002,Santo Antônio - Passa e Fica - Nova Cruz,2401,Natal,10125
18635,RN,SERRA DE SÃO BENTO,2413300,240002,Santo Antônio - Passa e Fica - Nova Cruz,2401,Natal,5703
16020,RN,SERRA DO MEL,2413359,240009,Mossoró,2403,Mossoró,13091
18651,RN,SERRA NEGRA DO NORTE,2413409,240007,Caicó,2402,Caicó,7597
18678,RN,SERRINHA,2413508,240002,Santo Antônio - Passa e Fica - Nova Cruz,2401,Natal,6436
16209,RN,SERRINHA DOS PINTOS,2413557,240010,Pau dos Ferros,2403,Mossoró,4659
18694,RN,SEVERIANO MELO,2413607,240009,Mossoró,2403,Mossoró,5487
18317,RN,SÃO BENTO DO NORTE,2411601,240005,João Câmara,2401,Natal,3304
18333,RN,SÃO BENTO DO TRAIRÍ,2411700,240004,Santa Cruz,2401,Natal,3792
18350,RN,SÃO FERNANDO,2411809,240007,Caicó,2402,Caicó,3492
18210,RN,SÃO FRANCISCO DO OESTE,2411908,240010,Pau dos Ferros,2403,Mossoró,4161
18376,RN,SÃO GONÇALO DO AMARANTE,2412005,240001,Natal,2401,Natal,115838
18414,RN,SÃO JOSÉ DE MIPIBU,2412203,240001,Natal,2401,Natal,47286
18430,RN,SÃO JOSÉ DO CAMPESTRE,2412302,240002,Santo Antônio - Passa e Fica - Nova Cruz,2401,Natal,11121
18457,RN,SÃO JOSÉ DO SERIDÓ,2412401,240007,Caicó,2402,Caicó,4558
18392,RN,SÃO JOÃO DO SABUGI,2412104,240007,Caicó,2402,Caicó,5956
18473,RN,SÃO MIGUEL,2412500,240010,Pau dos Ferros,2403,Mossoró,23537
16063,RN,SÃO MIGUEL DO GOSTOSO,2412559,240001,Natal,2401,Natal,10221
18490,RN,SÃO PAULO DO POTENGI,2412609,240006,São Paulo do Potengi,2401,Natal,16786
18511,RN,SÃO PEDRO,2412708,240006,São Paulo do Potengi,2401,Natal,5776
18538,RN,SÃO RAFAEL,2412807,240011,Açu,2403,Mossoró,7711
18554,RN,SÃO TOMÉ,2412906,240006,São Paulo do Potengi,2401,Natal,9972
18570,RN,SÃO VICENTE,2413003,240008,Currais Novos,2402,Caicó,6310
18716,RN,SÍTIO NOVO,2413706,240004,Santa Cruz,2401,Natal,4654
18732,RN,TABOLEIRO GRANDE,2413805,240010,Pau dos Ferros,2403,Mossoró,2338
18759,RN,TAIPU,2413904,240001,Natal,2401,Natal,11422
18775,RN,TANGARÁ,2414001,240004,Santa Cruz,2401,Natal,13281
18791,RN,TENENTE ANANIAS,2414100,240010,Pau dos Ferros,2403,Mossoró,10262
16004,RN,TENENTE LAURENTINO CRUZ,2414159,240008,Currais Novos,2402,Caicó,5891
16225,RN,TIBAU,2411056,240009,Mossoró,2403,Mossoró,5382
18813,RN,TIBAU DO SUL,2414209,240003,Canguaretama,2401,Natal,16929
18830,RN,TIMBAÚBA DOS BATISTAS,2414308,240007,Caicó,2402,Caicó,2348
18856,RN,TOUROS,2414407,240001,Natal,2401,Natal,33035
16128,RN,TRIUNFO POTIGUAR,2414456,240011,Açu,2403,Mossoró,3376
18872,RN,UMARIZAL,2414506,240010,Pau dos Ferros,2403,Mossoró,10078
18899,RN,UPANEMA,2414605,240009,Mossoró,2403,Mossoró,13577
16187,RN,VENHA-VER,2414753,240010,Pau dos Ferros,2403,Mossoró,3014
18953,RN,VERA CRUZ,2414803,240001,Natal,2401,Natal,10735
18996,RN,VILA FLOR,2415008,240003,Canguaretama,2401,Natal,3174
18970,RN,VIÇOSA,2414902,240010,Pau dos Ferros,2403,Mossoró,1822
18910,RN,VÁRZEA,2414704,240002,Santo Antônio - Passa e Fica - Nova Cruz,2401,Natal,5233
16071,RN,ÁGUA NOVA,2400406,240010,Pau dos Ferros,2403,Mossoró,2946
00310,RO,ALTA FLORESTA DO OESTE,1100015,110005,Cacoal,1102,Ji-Paraná,21494
00736,RO,ALTO ALEGRE DOS PARECIS,1100379,110005,Cacoal,1102,Ji-Paraná,11479
00639,RO,ALTO PARAÍSO,1100403,110002,Ariquemes,1101,Porto Velho,16320
00337,RO,ALVORADA DO OESTE,1100346,110004,Ji-Paraná,1102,Ji-Paraná,13117
00078,RO,ARIQUEMES,1100023,110002,Ariquemes,1101,Porto Velho,96833
00779,RO,BURITIS,1100452,110002,Ariquemes,1101,Porto Velho,27992
00450,RO,CABIXI,1100031,110006,Vilhena,1102,Ji-Paraná,5351
00620,RO,CACAULÂNDIA,1100601,110002,Ariquemes,1101,Porto Velho,4150
00094,RO,CACOAL,1100049,110005,Cacoal,1102,Ji-Paraná,86887
00671,RO,CAMPO NOVO DE RONDÔNIA,1100700,110002,Ariquemes,1101,Porto Velho,8844
00477,RO,CANDEIAS DO JAMARI,1100809,110001,Porto Velho,1101,Porto Velho,22310
00531,RO,CASTANHEIRAS,1100908,110005,Cacoal,1102,Ji-Paraná,3233
00272,RO,CEREJEIRAS,1100056,110006,Vilhena,1102,Ji-Paraná,15890
00809,RO,CHUPINGUAIA,1100924,110006,Vilhena,1102,Ji-Paraná,9324
00230,RO,COLORADO DO OESTE,1100064,110006,Vilhena,1102,Ji-Paraná,15663
00655,RO,CORUMBIARA,1100072,110006,Vilhena,1102,Ji-Paraná,7519
00213,RO,COSTA MARQUES,1100080,110004,Ji-Paraná,1102,Ji-Paraná,12627
00680,RO,CUJUBIM,1100940,110002,Ariquemes,1101,Porto Velho,14863
00256,RO,ESPIGÃO DO OESTE,1100098,110005,Cacoal,1102,Ji-Paraná,29414
00612,RO,GOVERNADOR JORGE TEIXEIRA,1101005,110003,Jaru,1101,Porto Velho,8001
00019,RO,GUAJARÁ-MIRIM,1100106,110001,Porto Velho,1101,Porto Velho,39387
00493,RO,ITAPUÃ DO OESTE,1101104,110001,Porto Velho,1101,Porto Velho,8548
00159,RO,JARU,1100114,110003,Jaru,1101,Porto Velho,50591
00051,RO,JI-PARANÁ,1100122,110004,Ji-Paraná,1102,Ji-Paraná,124333
00396,RO,MACHADINHO DO OESTE,1100130,110003,Jaru,1101,Porto Velho,30707
00604,RO,MINISTRO ANDREAZZA,1101203,110005,Cacoal,1102,Ji-Paraná,6466
00574,RO,MIRANTE DA SERRA,1101302,110004,Ji-Paraná,1102,Ji-Paraná,9235
00663,RO,MONTE NEGRO,1101401,110002,Ariquemes,1101,Porto Velho,11548
00370,RO,NOVA BRASILÂNDIA DO OESTE,1100148,110005,Cacoal,1102,Ji-Paraná,15679
00434,RO,NOVA MAMORÉ,1100338,110001,Porto Velho,1101,Porto Velho,25444
00744,RO,NOVA UNIÃO,1101435,110004,Ji-Paraná,1102,Ji-Paraná,6200
00515,RO,NOVO HORIZONTE DO OESTE,1100502,110005,Cacoal,1102,Ji-Paraná,7667
00175,RO,OURO PRETO DO OESTE,1100155,110004,Ji-Paraná,1102,Ji-Paraná,35044
00701,RO,PARECIS,1101450,110005,Cacoal,1102,Ji-Paraná,4125
00116,RO,PIMENTA BUENO,1100189,110005,Cacoal,1102,Ji-Paraná,35079
00787,RO,PIMENTEIRAS DO OESTE,1101468,110006,Vilhena,1102,Ji-Paraná,2156
00035,RO,PORTO VELHO,1100205,110001,Porto Velho,1101,Porto Velho,460434
00191,RO,PRESIDENTE MÉDICI,1100254,110004,Ji-Paraná,1102,Ji-Paraná,19327
00728,RO,PRIMAVERA DE RONDÔNIA,1101476,110005,Cacoal,1102,Ji-Paraná,3076
00647,RO,RIO CRESPO,1100262,110002,Ariquemes,1101,Porto Velho,3471
00299,RO,ROLIM DE MOURA,1100288,110005,Cacoal,1102,Ji-Paraná,56406
00353,RO,SANTA LUZIA DO OESTE,1100296,110005,Cacoal,1102,Ji-Paraná,7419
00582,RO,SERINGUEIRAS,1101500,110004,Ji-Paraná,1102,Ji-Paraná,11171
00710,RO,SÃO FELIPE DO OESTE,1101484,110005,Cacoal,1102,Ji-Paraná,5258
00795,RO,SÃO FRANCISCO DO GUAPORÉ,1101492,110004,Ji-Paraná,1102,Ji-Paraná,16286
00418,RO,SÃO MIGUEL DO GUAPORÉ,1100320,110004,Ji-Paraná,1102,Ji-Paraná,21635
00752,RO,TEIXEIRÓPOLIS,1101559,110004,Ji-Paraná,1102,Ji-Paraná,4256
00590,RO,THEOBROMA,1101609,110003,Jaru,1101,Porto Velho,8113
00566,RO,URUPÁ,1101708,110004,Ji-Paraná,1102,Ji-Paraná,10725
00698,RO,VALE DO ANARI,1101757,110003,Jaru,1101,Porto Velho,7788
00558,RO,VALE DO PARAÍSO,1101807,110004,Ji-Paraná,1102,Ji-Paraná,6479
00132,RO,VILHENA,1100304,110006,Vilhena,1102,Ji-Paraná,95832
03050,RR,ALTO ALEGRE,1400050,140001,Boa Vista,1401,Boa Vista,21096
03042,RR,AMAJARI,1400027,140002,Pacaraima,1401,Boa Vista,13927
03018,RR,BOA VISTA,1400100,140001,Boa Vista,1401,Boa Vista,413486
03077,RR,BONFIM,1400159,140001,Boa Vista,1401,Boa Vista,13923
03069,RR,CANTÁ,1400175,140001,Boa Vista,1401,Boa Vista,18682
03034,RR,CARACARAÍ,1400209,140004,Caracaraí,1402,Rorainópolis - Caracaraí,20957
03000,RR,CAROEBE,1400233,140003,Rorainópolis,1402,Rorainópolis - Caracaraí,10656
03026,RR,IRACEMA,1400282,140004,Caracaraí,1402,Rorainópolis - Caracaraí,10023
03093,RR,MUCAJAÍ,1400308,140001,Boa Vista,1401,Boa Vista,18095
03115,RR,NORMANDIA,1400407,140002,Pacaraima,1401,Boa Vista,13986
03123,RR,PACARAIMA,1400456,140002,Pacaraima,1401,Boa Vista,19305
03085,RR,RORAINÓPOLIS,1400472,140003,Rorainópolis,1402,Rorainópolis - Caracaraí,32647
03131,RR,SÃO JOÃO DA BALIZA,1400506,140003,Rorainópolis,1402,Rorainópolis - Caracaraí,8858
03158,RR,SÃO LUIZ,1400605,140003,Rorainópolis,1402,Rorainópolis - Caracaraí,7315
03107,RR,UIRAMUTÃ,1400704,140002,Pacaraima,1401,Boa Vista,13751
88986,RS,ACEGUÁ,4300034,430010,Bagé,4302,Pelotas,4170
85014,RS,AGUDO,4300109,430011,Santa Maria,4303,Santa Maria,16041
85030,RS,AJURICABA,4300208,430018,Ijuí,4305,Ijuí,6720
85057,RS,ALECRIM,4300307,430019,Santa Rosa,4305,Ijuí,6123
85073,RS,ALEGRETE,4300406,430015,Uruguaiana,4304,Uruguaiana,72409
85545,RS,ALEGRIA,4300455,430023,Três de Maio,4305,Ijuí,3651
89001,RS,ALMIRANTE TAMANDARÉ DO SUL,4300471,430028,Carazinho,4306,Passo Fundo,1969
85090,RS,ALPESTRE,4300505,430035,Nonoai,4306,Passo Fundo,7117
84808,RS,ALTO ALEGRE,4300554,430025,Passo Fundo,4306,Passo Fundo,1800
86282,RS,ALTO FELIZ,4300570,430036,Caxias do Sul,4307,Caxias do Sul,3072
85111,RS,ALVORADA,4300604,430001,Porto Alegre,4301,Porto Alegre,187315
86045,RS,AMARAL FERRADOR,4300638,430005,Camaquã,4301,Porto Alegre,5310
86304,RS,AMETISTA DO SUL,4300646,430029,Frederico Westphalen,4306,Passo Fundo,7650
86100,RS,ANDRÉ DA ROCHA,4300661,430038,Nova Prata - Guaporé,4307,Caxias do Sul,1135
85138,RS,ANTA GORDA,4300703,430043,Encantado,4308,Santa Cruz do Sul - Lajeado,5957
85154,RS,ANTÔNIO PRADO,4300802,430036,Caxias do Sul,4307,Caxias do Sul,13045
86320,RS,ARAMBARÉ,4300851,430005,Camaquã,4301,Porto Alegre,4112
88862,RS,ARARICÁ,4300877,430002,Novo Hamburgo - São Leopoldo,4301,Porto Alegre,8525
85170,RS,ARATIBA,4300901,430026,Erechim,4306,Passo Fundo,6483
85197,RS,ARROIO DO MEIO,4301008,430041,Lajeado,4308,Santa Cruz do Sul - Lajeado,21958
89028,RS,ARROIO DO PADRE,4301073,430009,Pelotas,4302,Pelotas,2599
85308,RS,ARROIO DO SAL,4301057,430008,Torres,4301,Porto Alegre,11057
85235,RS,ARROIO DO TIGRE,4301206,430042,Sobradinho,4308,Santa Cruz do Sul - Lajeado,12058
85219,RS,ARROIO DOS RATOS,4301107,430001,Porto Alegre,4301,Porto Alegre,14601
85251,RS,ARROIO GRANDE,4301305,430009,Pelotas,4302,Pelotas,17558
85278,RS,ARVOREZINHA,4301404,430031,Soledade,4306,Passo Fundo,10322
85294,RS,AUGUSTO PESTANA,4301503,430018,Ijuí,4305,Ijuí,7149
85316,RS,BAGÉ,4301602,430010,Bagé,4302,Pelotas,117938
88927,RS,BALNEÁRIO PINHAL,4301636,430003,Tramandaí - Osório,4301,Porto Alegre,14955
86363,RS,BARRA DO GUARITA,4301859,430021,Três Passos,4305,Ijuí,3161
88625,RS,BARRA DO QUARAÍ,4301875,430015,Uruguaiana,4304,Uruguaiana,4241
85375,RS,BARRA DO RIBEIRO,4301909,430001,Porto Alegre,4301,Porto Alegre,12225
86380,RS,BARRA DO RIO AZUL,4301925,430026,Erechim,4306,Passo Fundo,1696
86401,RS,BARRA FUNDA,4301958,430028,Carazinho,4306,Passo Fundo,2498
85359,RS,BARRACÃO,4301800,430033,Lagoa Vermelha,4306,Passo Fundo,4831
85391,RS,BARROS CASSAL,4302006,430031,Soledade,4306,Passo Fundo,9296
86223,RS,BARÃO,4301651,430037,Bento Gonçalves,4307,Caxias do Sul,6461
85332,RS,BARÃO DE COTEGIPE,4301701,430026,Erechim,4306,Passo Fundo,7144
86347,RS,BARÃO DO TRIUNFO,4301750,430001,Porto Alegre,4301,Porto Alegre,5889
88420,RS,BENJAMIN CONSTANT DO SUL,4302055,430026,Erechim,4306,Passo Fundo,2082
85413,RS,BENTO GONÇALVES,4302105,430037,Bento Gonçalves,4307,Caxias do Sul,123151
86428,RS,BOA VISTA DAS MISSÕES,4302154,430029,Frederico Westphalen,4306,Passo Fundo,1933
85430,RS,BOA VISTA DO BURICÁ,4302204,430023,Três de Maio,4305,Ijuí,6966
89044,RS,BOA VISTA DO CADEADO,4302220,430027,Cruz Alta,4306,Passo Fundo,2229
89060,RS,BOA VISTA DO INCRA,4302238,430027,Cruz Alta,4306,Passo Fundo,2271
88161,RS,BOA VISTA DO SUL,4302253,430037,Bento Gonçalves,4307,Caxias do Sul,2779
85456,RS,BOM JESUS,4302303,430039,Vacaria,4307,Caxias do Sul,11202
98230,RS,BOM PRINCÍPIO,4302352,430002,Novo Hamburgo - São Leopoldo,4301,Porto Alegre,13142
86444,RS,BOM PROGRESSO,4302378,430021,Três Passos,4305,Ijuí,2096
85472,RS,BOM RETIRO DO SUL,4302402,430041,Lajeado,4308,Santa Cruz do Sul - Lajeado,12294
84921,RS,BOQUEIRÃO DO LEÃO,4302451,430041,Lajeado,4308,Santa Cruz do Sul - Lajeado,6247
85499,RS,BOSSOROCA,4302501,430022,São Luiz Gonzaga,4305,Ijuí,5890
89087,RS,BOZANO,4302584,430018,Ijuí,4305,Ijuí,2151
85510,RS,BRAGA,4302600,430021,Três Passos,4305,Ijuí,3268
85065,RS,BROCHIER,4302659,430007,Montenegro,4301,Porto Alegre,4966
85537,RS,BUTIÁ,4302709,430006,Charqueadas - Triunfo - São Jerônimo,4301,Porto Alegre,19084
85570,RS,CACEQUI,4302907,430011,Santa Maria,4303,Santa Maria,11157
85596,RS,CACHOEIRA DO SUL,4303004,430013,Cachoeira do Sul,4303,Santa Maria,80070
85618,RS,CACHOEIRINHA,4303103,430001,Porto Alegre,4301,Porto Alegre,136258
85634,RS,CACIQUE DOBLE,4303202,430033,Lagoa Vermelha,4306,Passo Fundo,4603
85650,RS,CAIBATÉ,4303301,430022,São Luiz Gonzaga,4305,Ijuí,4704
85677,RS,CAIÇARA,4303400,430029,Frederico Westphalen,4306,Passo Fundo,4836
85693,RS,CAMAQUÃ,4303509,430005,Camaquã,4301,Porto Alegre,62200
85960,RS,CAMARGO,4303558,430030,Marau,4306,Passo Fundo,2981
85715,RS,CAMBARÁ DO SUL,4303608,430036,Caxias do Sul,4307,Caxias do Sul,6361
86460,RS,CAMPESTRE DA SERRA,4303673,430036,Caxias do Sul,4307,Caxias do Sul,3242
85731,RS,CAMPINA DAS MISSÕES,4303707,430019,Santa Rosa,4305,Ijuí,5882
85758,RS,CAMPINAS DO SUL,4303806,430026,Erechim,4306,Passo Fundo,5284
85774,RS,CAMPO BOM,4303905,430002,Novo Hamburgo - São Leopoldo,4301,Porto Alegre,62886
85790,RS,CAMPO NOVO,4304002,430021,Três Passos,4305,Ijuí,4975
85200,RS,CAMPOS BORGES,4304101,430025,Passo Fundo,4306,Passo Fundo,3613
85812,RS,CANDELÁRIA,4304200,430040,Santa Cruz do Sul,4308,Santa Cruz do Sul - Lajeado,28906
86487,RS,CANDIOTA,4304358,430010,Bagé,4302,Pelotas,10710
85855,RS,CANELA,4304408,430036,Caxias do Sul,4307,Caxias do Sul,48946
85871,RS,CANGUÇU,4304507,430009,Pelotas,4302,Pelotas,49680
85898,RS,CANOAS,4304606,430001,Porto Alegre,4301,Porto Alegre,347657
89109,RS,CANUDOS DO VALE,4304614,430041,Lajeado,4308,Santa Cruz do Sul - Lajeado,1656
84891,RS,CAPELA DE SANTANA,4304689,430002,Novo Hamburgo - São Leopoldo,4301,Porto Alegre,11159
86509,RS,CAPITÃO,4304697,430041,Lajeado,4308,Santa Cruz do Sul - Lajeado,2921
88200,RS,CAPIVARI DO SUL,4304671,430001,Porto Alegre,4301,Porto Alegre,3991
89125,RS,CAPÃO BONITO DO SUL,4304622,430033,Lagoa Vermelha,4306,Passo Fundo,1733
89150,RS,CAPÃO DA CANOA,4304630,430003,Tramandaí - Osório,4301,Porto Alegre,63594
89141,RS,CAPÃO DO CIPÓ,4304655,430014,Santiago,4303,Santa Maria,3119
89737,RS,CAPÃO DO LEÃO,4304663,430009,Pelotas,4302,Pelotas,26487
85910,RS,CARAZINHO,4304705,430028,Carazinho,4306,Passo Fundo,61804
88340,RS,CARAÁ,4304713,430001,Porto Alegre,4301,Porto Alegre,7394
85936,RS,CARLOS BARBOSA,4304804,430037,Bento Gonçalves,4307,Caxias do Sul,30420
86525,RS,CARLOS GOMES,4304853,430026,Erechim,4306,Passo Fundo,1368
85952,RS,CASCA,4304903,430030,Marau,4306,Passo Fundo,9465
85880,RS,CASEIROS,4304952,430033,Lagoa Vermelha,4306,Passo Fundo,3000
85979,RS,CATUÍPE,4305009,430018,Ijuí,4305,Ijuí,8674
85995,RS,CAXIAS DO SUL,4305108,430036,Caxias do Sul,4307,Caxias do Sul,463501
85553,RS,CAÇAPAVA DO SUL,4302808,430012,São Gabriel - Caçapava do Sul,4303,Santa Maria,32515
86541,RS,CENTENÁRIO,4305116,430026,Erechim,4306,Passo Fundo,2721
88641,RS,CERRITO,4305124,430009,Pelotas,4302,Pelotas,5808
86088,RS,CERRO BRANCO,4305132,430013,Cachoeira do Sul,4303,Santa Maria,3802
85227,RS,CERRO GRANDE,4305157,430034,Palmeira das Missões,4306,Passo Fundo,2379
85944,RS,CERRO GRANDE DO SUL,4305173,430005,Camaquã,4301,Porto Alegre,9178
86010,RS,CERRO LARGO,4305207,430024,Cerro Largo,4305,Ijuí,13705
86037,RS,CHAPADA,4305306,430028,Carazinho,4306,Passo Fundo,9540
86932,RS,CHARQUEADAS,4305355,430006,Charqueadas - Triunfo - São Jerônimo,4301,Porto Alegre,35012
86568,RS,CHARRUA,4305371,430032,Tapejara - Sananduva,4306,Passo Fundo,2768
86053,RS,CHIAPETTA,4305405,430018,Ijuí,4305,Ijuí,3913
88269,RS,CHUVISCA,4305447,430005,Camaquã,4301,Porto Alegre,4597
88846,RS,CHUÍ,4305439,430009,Pelotas,4302,Pelotas,6262
85804,RS,CIDREIRA,4305454,430003,Tramandaí - Osório,4301,Porto Alegre,17071
86070,RS,CIRÍACO,4305504,430030,Marau,4306,Passo Fundo,4149
86584,RS,COLINAS,4305587,430041,Lajeado,4308,Santa Cruz do Sul - Lajeado,2423
86096,RS,COLORADO,4305603,430028,Carazinho,4306,Passo Fundo,3258
86118,RS,CONDOR,4305702,430018,Ijuí,4305,Ijuí,6406
86134,RS,CONSTANTINA,4305801,430028,Carazinho,4306,Passo Fundo,10385
89168,RS,COQUEIRO BAIXO,4305835,430041,Lajeado,4308,Santa Cruz do Sul - Lajeado,1290
86606,RS,COQUEIROS DO SUL,4305850,430028,Carazinho,4306,Passo Fundo,2211
86622,RS,CORONEL BARROS,4305871,430018,Ijuí,4305,Ijuí,2822
86150,RS,CORONEL BICACO,4305900,430018,Ijuí,4305,Ijuí,6144
89184,RS,CORONEL PILAR,4305934,430037,Bento Gonçalves,4307,Caxias do Sul,1607
89770,RS,COTIPORÃ,4305959,430037,Bento Gonçalves,4307,Caxias do Sul,3846
86649,RS,COXILHA,4305975,430025,Passo Fundo,4306,Passo Fundo,2667
86177,RS,CRISSIUMAL,4306007,430021,Três Passos,4305,Ijuí,12886
85464,RS,CRISTAL,4306056,430005,Camaquã,4301,Porto Alegre,7299
88528,RS,CRISTAL DO SUL,4306072,430029,Frederico Westphalen,4306,Passo Fundo,2692
86193,RS,CRUZ ALTA,4306106,430027,Cruz Alta,4306,Passo Fundo,58913
89206,RS,CRUZALTENSE,4306130,430026,Erechim,4306,Passo Fundo,1635
86215,RS,CRUZEIRO DO SUL,4306205,430041,Lajeado,4308,Santa Cruz do Sul - Lajeado,11600
85839,RS,CÂNDIDO GODÓI,4304309,430019,Santa Rosa,4305,Ijuí,6294
86231,RS,DAVID CANABARRO,4306304,430030,Marau,4306,Passo Fundo,4321
86665,RS,DERRUBADAS,4306320,430021,Três Passos,4305,Ijuí,2751
85049,RS,DEZESSEIS DE NOVEMBRO,4306353,430022,São Luiz Gonzaga,4305,Ijuí,2507
88188,RS,DILERMANDO DE AGUIAR,4306379,430011,Santa Maria,4303,Santa Maria,2806
86258,RS,DOIS IRMÃOS,4306403,430002,Novo Hamburgo - São Leopoldo,4301,Porto Alegre,30709
86681,RS,DOIS IRMÃOS DAS MISSÕES,4306429,430034,Palmeira das Missões,4306,Passo Fundo,2090
84824,RS,DOIS LAJEADOS,4306452,430038,Nova Prata - Guaporé,4307,Caxias do Sul,3097
86274,RS,DOM FELICIANO,4306502,430005,Camaquã,4301,Porto Alegre,13051
86290,RS,DOM PEDRITO,4306601,430010,Bagé,4302,Pelotas,36981
88463,RS,DOM PEDRO DE ALCÂNTARA,4306551,430008,Torres,4301,Porto Alegre,2562
86312,RS,DONA FRANCISCA,4306700,430011,Santa Maria,4303,Santa Maria,3079
84883,RS,DOUTOR MAURÍCIO CARDOSO,4306734,430023,Três de Maio,4305,Ijuí,4470
88307,RS,DOUTOR RICARDO,4306759,430043,Encantado,4308,Santa Cruz do Sul - Lajeado,1888
86240,RS,ELDORADO DO SUL,4306767,430001,Porto Alegre,4301,Porto Alegre,39559
86339,RS,ENCANTADO,4306809,430043,Encantado,4308,Santa Cruz do Sul - Lajeado,22962
86355,RS,ENCRUZILHADA DO SUL,4306908,430040,Santa Cruz do Sul,4308,Santa Cruz do Sul - Lajeado,23819
86703,RS,ENGENHO VELHO,4306924,430028,Carazinho,4306,Passo Fundo,1296
85928,RS,ENTRE RIOS DO SUL,4306957,430026,Erechim,4306,Passo Fundo,2685
85103,RS,ENTRE-IJUÍS,4306932,430020,Santo Ângelo,4305,Ijuí,9158
85081,RS,EREBANGO,4306973,430026,Erechim,4306,Passo Fundo,3054
86371,RS,ERECHIM,4307005,430026,Erechim,4306,Passo Fundo,105705
85022,RS,ERNESTINA,4307054,430025,Passo Fundo,4306,Passo Fundo,3034
86410,RS,ERVAL GRANDE,4307203,430026,Erechim,4306,Passo Fundo,4930
86436,RS,ERVAL SECO,4307302,430029,Frederico Westphalen,4306,Passo Fundo,6787
86452,RS,ESMERALDA,4307401,430039,Vacaria,4307,Caxias do Sul,3195
88285,RS,ESPERANÇA DO SUL,4307450,430021,Três Passos,4305,Ijuí,3226
86479,RS,ESPUMOSO,4307500,430025,Passo Fundo,4306,Passo Fundo,15173
85286,RS,ESTAÇÃO,4307559,430026,Erechim,4306,Passo Fundo,5582
86517,RS,ESTEIO,4307708,430001,Porto Alegre,4301,Porto Alegre,76137
86533,RS,ESTRELA,4307807,430041,Lajeado,4308,Santa Cruz do Sul - Lajeado,32183
88404,RS,ESTRELA VELHA,4307815,430042,Sobradinho,4308,Santa Cruz do Sul - Lajeado,3070
86495,RS,ESTÂNCIA VELHA,4307609,430002,Novo Hamburgo - São Leopoldo,4301,Porto Alegre,47924
85448,RS,EUGÊNIO DE CASTRO,4307831,430020,Santo Ângelo,4305,Ijuí,2633
84930,RS,FAGUNDES VARELA,4307864,430037,Bento Gonçalves,4307,Caxias do Sul,2566
86550,RS,FARROUPILHA,4307906,430036,Caxias do Sul,4307,Caxias do Sul,70286
86576,RS,FAXINAL DO SOTURNO,4308003,430011,Santa Maria,4303,Santa Maria,6702
86029,RS,FAXINALZINHO,4308052,430026,Erechim,4306,Passo Fundo,2520
88366,RS,FAZENDA VILANOVA,4308078,430041,Lajeado,4308,Santa Cruz do Sul - Lajeado,4291
86592,RS,FELIZ,4308102,430036,Caxias do Sul,4307,Caxias do Sul,13764
86614,RS,FLORES DA CUNHA,4308201,430036,Caxias do Sul,4307,Caxias do Sul,30892
88242,RS,FLORIANO PEIXOTO,4308250,430026,Erechim,4306,Passo Fundo,1668
86630,RS,FONTOURA XAVIER,4308300,430031,Soledade,4306,Passo Fundo,9550
86657,RS,FORMIGUEIRO,4308409,430011,Santa Maria,4303,Santa Maria,6413
89222,RS,FORQUETINHA,4308433,430041,Lajeado,4308,Santa Cruz do Sul - Lajeado,2393
98272,RS,FORTALEZA DOS VALOS,4308458,430027,Cruz Alta,4306,Passo Fundo,4477
86673,RS,FREDERICO WESTPHALEN,4308508,430029,Frederico Westphalen,4306,Passo Fundo,32627
86690,RS,GARIBALDI,4308607,430037,Bento Gonçalves,4307,Caxias do Sul,34335
86720,RS,GARRUCHOS,4308656,430022,São Luiz Gonzaga,4305,Ijuí,2688
86711,RS,GAURAMA,4308706,430026,Erechim,4306,Passo Fundo,5665
86738,RS,GENERAL CÂMARA,4308805,430006,Charqueadas - Triunfo - São Jerônimo,4301,Porto Alegre,7612
86746,RS,GENTIL,4308854,430030,Marau,4306,Passo Fundo,1744
86770,RS,GETÚLIO VARGAS,4308904,430026,Erechim,4306,Passo Fundo,16602
86797,RS,GIRUÁ,4309001,430020,Santo Ângelo,4305,Ijuí,16013
85502,RS,GLORINHA,4309050,430001,Porto Alegre,4301,Porto Alegre,7658
86819,RS,GRAMADO,4309100,430036,Caxias do Sul,4307,Caxias do Sul,40134
86762,RS,GRAMADO DOS LOUREIROS,4309126,430035,Nonoai,4306,Passo Fundo,2014
86789,RS,GRAMADO XAVIER,4309159,430040,Santa Cruz do Sul,4308,Santa Cruz do Sul - Lajeado,3304
86835,RS,GRAVATAÍ,4309209,430001,Porto Alegre,4301,Porto Alegre,265074
84867,RS,GUABIJU,4309258,430038,Nova Prata - Guaporé,4307,Caxias do Sul,1417
86878,RS,GUAPORÉ,4309407,430038,Nova Prata - Guaporé,4307,Caxias do Sul,25268
86894,RS,GUARANI DAS MISSÕES,4309506,430020,Santo Ângelo,4305,Ijuí,7415
86851,RS,GUAÍBA,4309308,430001,Porto Alegre,4301,Porto Alegre,92924
85189,RS,HARMONIA,4309555,430002,Novo Hamburgo - São Leopoldo,4301,Porto Alegre,5378
86398,RS,HERVAL,4307104,430009,Pelotas,4302,Pelotas,6191
88323,RS,HERVEIRAS,4309571,430040,Santa Cruz do Sul,4308,Santa Cruz do Sul - Lajeado,2565
86916,RS,HORIZONTINA,4309605,430023,Três de Maio,4305,Ijuí,18851
86800,RS,HULHA NEGRA,4309654,430010,Bagé,4302,Pelotas,5976
86959,RS,HUMAITÁ,4309704,430021,Três Passos,4305,Ijuí,4681
84972,RS,IBARAMA,4309753,430042,Sobradinho,4308,Santa Cruz do Sul - Lajeado,3732
86975,RS,IBIAÇÁ,4309803,430032,Tapejara - Sananduva,4306,Passo Fundo,4527
86991,RS,IBIRAIARAS,4309902,430033,Lagoa Vermelha,4306,Passo Fundo,6776
84964,RS,IBIRAPUITÃ,4309951,430031,Soledade,4306,Passo Fundo,3723
87017,RS,IBIRUBÁ,4310009,430027,Cruz Alta,4306,Passo Fundo,21583
87033,RS,IGREJINHA,4310108,430004,Taquara - Parobé - Igrejinha,4301,Porto Alegre,32808
87050,RS,IJUÍ,4310207,430018,Ijuí,4305,Ijuí,84780
87076,RS,ILÓPOLIS,4310306,430043,Encantado,4308,Santa Cruz do Sul - Lajeado,4157
85685,RS,IMBÉ,4310330,430003,Tramandaí - Osório,4301,Porto Alegre,26824
85782,RS,IMIGRANTE,4310363,430041,Lajeado,4308,Santa Cruz do Sul - Lajeado,3080
87092,RS,INDEPENDÊNCIA,4310405,430023,Três de Maio,4305,Ijuí,6427
86827,RS,INHACORÁ,4310413,430018,Ijuí,4305,Ijuí,2014
85243,RS,IPIRANGA DO SUL,4310462,430026,Erechim,4306,Passo Fundo,1720
84999,RS,IPÊ,4310439,430036,Caxias do Sul,4307,Caxias do Sul,5399
87114,RS,IRAÍ,4310504,430029,Frederico Westphalen,4306,Passo Fundo,7482
88382,RS,ITAARA,4310538,430011,Santa Maria,4303,Santa Maria,5572
85901,RS,ITACURUBI,4310553,430014,Santiago,4303,Santa Maria,2995
86843,RS,ITAPUCA,4310579,430031,Soledade,4306,Passo Fundo,1937
87130,RS,ITAQUI,4310603,430017,São Borja,4304,Uruguaiana,35768
89249,RS,ITATI,4310652,430003,Tramandaí - Osório,4301,Porto Alegre,2638
87157,RS,ITATIBA DO SUL,4310702,430026,Erechim,4306,Passo Fundo,3208
85626,RS,IVORÁ,4310751,430011,Santa Maria,4303,Santa Maria,1929
87173,RS,IVOTI,4310801,430002,Novo Hamburgo - São Leopoldo,4301,Porto Alegre,22983
84786,RS,JABOTICABA,4310850,430029,Frederico Westphalen,4306,Passo Fundo,3779
89265,RS,JACUIZINHO,4310876,430027,Cruz Alta,4306,Passo Fundo,2040
87190,RS,JACUTINGA,4310900,430026,Erechim,4306,Passo Fundo,3338
87238,RS,JAGUARI,4311106,430011,Santa Maria,4303,Santa Maria,10579
87211,RS,JAGUARÃO,4311007,430009,Pelotas,4302,Pelotas,26603
84905,RS,JAQUIRANA,4311122,430039,Vacaria,4307,Caxias do Sul,3690
88587,RS,JARI,4311130,430011,Santa Maria,4303,Santa Maria,3349
98299,RS,JÓIA,4311155,430018,Ijuí,4305,Ijuí,7184
87254,RS,JÚLIO DE CASTILHOS,4311205,430011,Santa Maria,4303,Santa Maria,18226
89281,RS,LAGOA BONITA DO SUL,4311239,430042,Sobradinho,4308,Santa Cruz do Sul - Lajeado,2251
86886,RS,LAGOA DOS TRÊS CANTOS,4311270,430025,Passo Fundo,4306,Passo Fundo,1738
87270,RS,LAGOA VERMELHA,4311304,430033,Lagoa Vermelha,4306,Passo Fundo,27659
85260,RS,LAGOÃO,4311254,430042,Sobradinho,4308,Santa Cruz do Sul - Lajeado,5341
87297,RS,LAJEADO,4311403,430041,Lajeado,4308,Santa Cruz do Sul - Lajeado,93646
86860,RS,LAJEADO DO BUGRE,4311429,430034,Palmeira das Missões,4306,Passo Fundo,2601
87319,RS,LAVRAS DO SUL,4311502,430012,São Gabriel - Caçapava do Sul,4303,Santa Maria,7157
87335,RS,LIBERATO SALZANO,4311601,430029,Frederico Westphalen,4306,Passo Fundo,4781
86908,RS,LINDOLFO COLLOR,4311627,430002,Novo Hamburgo - São Leopoldo,4301,Porto Alegre,6248
86924,RS,LINHA NOVA,4311643,430002,Novo Hamburgo - São Leopoldo,4301,Porto Alegre,1683
87351,RS,MACHADINHO,4311700,430033,Lagoa Vermelha,4306,Passo Fundo,5735
88943,RS,MAMPITUBA,4311734,430008,Torres,4301,Porto Alegre,3131
86940,RS,MANOEL VIANA,4311759,430015,Uruguaiana,4304,Uruguaiana,6801
86967,RS,MAQUINÉ,4311775,430003,Tramandaí - Osório,4301,Porto Alegre,7418
86983,RS,MARATÁ,4311791,430007,Montenegro,4301,Porto Alegre,2470
87378,RS,MARAU,4311809,430030,Marau,4306,Passo Fundo,45124
87394,RS,MARCELINO RAMOS,4311908,430026,Erechim,4306,Passo Fundo,4320
87009,RS,MARIANA PIMENTEL,4311981,430001,Porto Alegre,4301,Porto Alegre,3916
87416,RS,MARIANO MORO,4312005,430026,Erechim,4306,Passo Fundo,1858
88820,RS,MARQUES DE SOUZA,4312054,430041,Lajeado,4308,Santa Cruz do Sul - Lajeado,3969
87432,RS,MATA,4312104,430011,Santa Maria,4303,Santa Maria,4698
87025,RS,MATO CASTELHANO,4312138,430025,Passo Fundo,4306,Passo Fundo,2553
87041,RS,MATO LEITÃO,4312153,430040,Santa Cruz do Sul,4308,Santa Cruz do Sul - Lajeado,4859
89303,RS,MATO QUEIMADO,4312179,430024,Cerro Largo,4305,Ijuí,1795
87459,RS,MAXIMILIANO DE ALMEIDA,4312203,430032,Tapejara - Sananduva,4306,Passo Fundo,4191
88447,RS,MAÇAMBARÁ,4311718,430017,São Borja,4304,Uruguaiana,4425
87068,RS,MINAS DO LEÃO,4312252,430006,Charqueadas - Triunfo - São Jerônimo,4301,Porto Alegre,7505
87475,RS,MIRAGUAÍ,4312302,430021,Três Passos,4305,Ijuí,4427
85820,RS,MONTAURI,4312351,430038,Nova Prata - Guaporé,4307,Caxias do Sul,1499
88803,RS,MONTE ALEGRE DOS CAMPOS,4312377,430039,Vacaria,4307,Caxias do Sul,3180
87084,RS,MONTE BELO DO SUL,4312385,430037,Bento Gonçalves,4307,Caxias do Sul,2557
87491,RS,MONTENEGRO,4312401,430007,Montenegro,4301,Porto Alegre,64322
87106,RS,MORMAÇO,4312427,430031,Soledade,4306,Passo Fundo,2756
87122,RS,MORRINHOS DO SUL,4312443,430008,Torres,4301,Porto Alegre,3071
86185,RS,MORRO REDONDO,4312450,430009,Pelotas,4302,Pelotas,6046
87149,RS,MORRO REUTER,4312476,430002,Novo Hamburgo - São Leopoldo,4301,Porto Alegre,6029
87513,RS,MOSTARDAS,4312500,430001,Porto Alegre,4301,Porto Alegre,12090
88544,RS,MUITOS CAPÕES,4312617,430039,Vacaria,4307,Caxias do Sul,2879
87165,RS,MULITERNO,4312625,430030,Marau,4306,Passo Fundo,1721
87530,RS,MUÇUM,4312609,430043,Encantado,4308,Santa Cruz do Sul - Lajeado,4601
87181,RS,NICOLAU VERGUEIRO,4312674,430025,Passo Fundo,4306,Passo Fundo,1932
87572,RS,NONOAI,4312708,430035,Nonoai,4306,Passo Fundo,13719
86169,RS,NOVA ALVORADA,4312757,430030,Marau,4306,Passo Fundo,3163
87599,RS,NOVA ARAÇÁ,4312807,430038,Nova Prata - Guaporé,4307,Caxias do Sul,4954
87610,RS,NOVA BASSANO,4312906,430038,Nova Prata - Guaporé,4307,Caxias do Sul,9649
87203,RS,NOVA BOA VISTA,4312955,430028,Carazinho,4306,Passo Fundo,2042
87637,RS,NOVA BRÉSCIA,4313003,430043,Encantado,4308,Santa Cruz do Sul - Lajeado,3044
88226,RS,NOVA CANDELÁRIA,4313011,430023,Três de Maio,4305,Ijuí,3061
85120,RS,NOVA ESPERANÇA DO SUL,4313037,430014,Santiago,4303,Santa Maria,4865
84816,RS,NOVA HARTZ,4313060,430002,Novo Hamburgo - São Leopoldo,4301,Porto Alegre,20088
87653,RS,NOVA PALMA,4313102,430011,Santa Maria,4303,Santa Maria,5586
87670,RS,NOVA PETRÓPOLIS,4313201,430036,Caxias do Sul,4307,Caxias do Sul,23300
87696,RS,NOVA PRATA,4313300,430038,Nova Prata - Guaporé,4307,Caxias do Sul,25692
87220,RS,NOVA PÁDUA,4313086,430036,Caxias do Sul,4307,Caxias do Sul,2343
88560,RS,NOVA RAMADA,4313334,430018,Ijuí,4305,Ijuí,2163
84751,RS,NOVA ROMA DO SUL,4313359,430036,Caxias do Sul,4307,Caxias do Sul,3466
87246,RS,NOVA SANTA RITA,4313375,430001,Porto Alegre,4301,Porto Alegre,29024
87262,RS,NOVO BARREIRO,4313490,430034,Palmeira das Missões,4306,Passo Fundo,4272
88684,RS,NOVO CABRAIS,4313391,430013,Cachoeira do Sul,4303,Santa Maria,3568
87718,RS,NOVO HAMBURGO,4313409,430002,Novo Hamburgo - São Leopoldo,4301,Porto Alegre,227646
87289,RS,NOVO MACHADO,4313425,430019,Santa Rosa,4305,Ijuí,3198
87300,RS,NOVO TIRADENTES,4313441,430029,Frederico Westphalen,4306,Passo Fundo,2146
89320,RS,NOVO XINGU,4313466,430028,Carazinho,4306,Passo Fundo,1646
87556,RS,NÃO-ME-TOQUE,4312658,430028,Carazinho,4306,Passo Fundo,17898
87734,RS,OSÓRIO,4313508,430003,Tramandaí - Osório,4301,Porto Alegre,47396
87750,RS,PAIM FILHO,4313607,430032,Tapejara - Sananduva,4306,Passo Fundo,3629
89672,RS,PALMARES DO SUL,4313656,430001,Porto Alegre,4301,Porto Alegre,12844
87777,RS,PALMEIRA DAS MISSÕES,4313706,430034,Palmeira das Missões,4306,Passo Fundo,33216
87793,RS,PALMITINHO,4313805,430029,Frederico Westphalen,4306,Passo Fundo,7839
87815,RS,PANAMBI,4313904,430018,Ijuí,4305,Ijuí,43515
84980,RS,PANTANO GRANDE,4313953,430040,Santa Cruz do Sul,4308,Santa Cruz do Sul - Lajeado,10212
87831,RS,PARAÍ,4314001,430038,Nova Prata - Guaporé,4307,Caxias do Sul,7194
85987,RS,PARAÍSO DO SUL,4314027,430013,Cachoeira do Sul,4303,Santa Maria,6519
87327,RS,PARECI NOVO,4314035,430007,Montenegro,4301,Porto Alegre,4319
98256,RS,PAROBÉ,4314050,430004,Taquara - Parobé - Igrejinha,4301,Porto Alegre,52058
88889,RS,PASSA SETE,4314068,430042,Sobradinho,4308,Santa Cruz do Sul - Lajeado,3983
87343,RS,PASSO DO SOBRADO,4314076,430040,Santa Cruz do Sul,4308,Santa Cruz do Sul - Lajeado,6025
87858,RS,PASSO FUNDO,4314100,430025,Passo Fundo,4306,Passo Fundo,206215
89346,RS,PAULO BENTO,4314134,430026,Erechim,4306,Passo Fundo,2144
85146,RS,PAVERAMA,4314159,430041,Lajeado,4308,Santa Cruz do Sul - Lajeado,7978
89567,RS,PEDRAS ALTAS,4314175,430010,Bagé,4302,Pelotas,2061
87874,RS,PEDRO OSÓRIO,4314209,430009,Pelotas,4302,Pelotas,7484
87890,RS,PEJUÇARA,4314308,430018,Ijuí,4305,Ijuí,3745
87912,RS,PELOTAS,4314407,430009,Pelotas,4302,Pelotas,325685
87360,RS,PICADA CAFÉ,4314423,430036,Caxias do Sul,4307,Caxias do Sul,5351
85340,RS,PINHAL,4314456,430029,Frederico Westphalen,4306,Passo Fundo,2959
89362,RS,PINHAL DA SERRA,4314464,430039,Vacaria,4307,Caxias do Sul,2248
87386,RS,PINHAL GRANDE,4314472,430011,Santa Maria,4303,Santa Maria,3805
87408,RS,PINHEIRINHO DO VALE,4314498,430029,Frederico Westphalen,4306,Passo Fundo,4540
87939,RS,PINHEIRO MACHADO,4314506,430010,Bagé,4302,Pelotas,11214
89540,RS,PINTO BANDEIRA,4314548,430037,Bento Gonçalves,4307,Caxias do Sul,2723
84778,RS,PIRAPÓ,4314555,430022,São Luiz Gonzaga,4305,Ijuí,2260
87955,RS,PIRATINI,4314605,430009,Pelotas,4302,Pelotas,17504
87971,RS,PLANALTO,4314704,430035,Nonoai,4306,Passo Fundo,10406
87440,RS,PONTE PRETA,4314787,430026,Erechim,4306,Passo Fundo,1575
87424,RS,PONTÃO,4314779,430025,Passo Fundo,4306,Passo Fundo,3296
88013,RS,PORTO ALEGRE,4314902,430001,Porto Alegre,4301,Porto Alegre,1332845
88030,RS,PORTO LUCENA,4315008,430019,Santa Rosa,4305,Ijuí,4360
87467,RS,PORTO MAUÁ,4315057,430019,Santa Rosa,4305,Ijuí,2142
87483,RS,PORTO VERA CRUZ,4315073,430019,Santa Rosa,4305,Ijuí,1560
88056,RS,PORTO XAVIER,4315107,430024,Cerro Largo,4305,Ijuí,9938
87998,RS,PORTÃO,4314803,430002,Novo Hamburgo - São Leopoldo,4301,Porto Alegre,34071
85421,RS,POUSO NOVO,4315131,430041,Lajeado,4308,Santa Cruz do Sul - Lajeado,1739
86126,RS,POÇO DAS ANTAS,4314753,430041,Lajeado,4308,Santa Cruz do Sul - Lajeado,2171
87505,RS,PRESIDENTE LUCENA,4315149,430002,Novo Hamburgo - São Leopoldo,4301,Porto Alegre,3077
84760,RS,PROGRESSO,4315156,430041,Lajeado,4308,Santa Cruz do Sul - Lajeado,5340
85405,RS,PROTÁSIO ALVES,4315172,430038,Nova Prata - Guaporé,4307,Caxias do Sul,2025
88072,RS,PUTINGA,4315206,430043,Encantado,4308,Santa Cruz do Sul - Lajeado,3747
88099,RS,QUARAÍ,4315305,430016,Santana do Livramento,4304,Uruguaiana,23500
89389,RS,QUATRO IRMÃOS,4315313,430026,Erechim,4306,Passo Fundo,1552
87521,RS,QUEVEDOS,4315321,430011,Santa Maria,4303,Santa Maria,2507
84875,RS,QUINZE DE NOVEMBRO,4315354,430027,Cruz Alta,4306,Passo Fundo,3910
88110,RS,REDENTORA,4315404,430021,Três Passos,4305,Ijuí,9738
85766,RS,RELVADO,4315453,430043,Encantado,4308,Santa Cruz do Sul - Lajeado,1796
88137,RS,RESTINGA SÊCA,4315503,430011,Santa Maria,4303,Santa Maria,14939
87548,RS,RIO DOS ÍNDIOS,4315552,430035,Nonoai,4306,Passo Fundo,2835
88153,RS,RIO GRANDE,4315602,430009,Pelotas,4302,Pelotas,191900
88170,RS,RIO PARDO,4315701,430040,Santa Cruz do Sul,4308,Santa Cruz do Sul - Lajeado,34654
85740,RS,RIOZINHO,4315750,430004,Taquara - Parobé - Igrejinha,4301,Porto Alegre,4473
88196,RS,ROCA SALES,4315800,430043,Encantado,4308,Santa Cruz do Sul - Lajeado,10418
88218,RS,RODEIO BONITO,4315909,430029,Frederico Westphalen,4306,Passo Fundo,6654
89400,RS,ROLADOR,4315958,430022,São Luiz Gonzaga,4305,Ijuí,2291
88234,RS,ROLANTE,4316006,430004,Taquara - Parobé - Igrejinha,4301,Porto Alegre,21253
88250,RS,RONDA ALTA,4316105,430025,Passo Fundo,4306,Passo Fundo,9777
88277,RS,RONDINHA,4316204,430028,Carazinho,4306,Passo Fundo,4991
88293,RS,ROQUE GONZALES,4316303,430024,Cerro Largo,4305,Ijuí,6576
88315,RS,ROSÁRIO DO SUL,4316402,430016,Santana do Livramento,4304,Uruguaiana,36630
87564,RS,SAGRADA FAMÍLIA,4316428,430034,Palmeira das Missões,4306,Passo Fundo,2480
85561,RS,SALDANHA MARINHO,4316436,430028,Carazinho,4306,Passo Fundo,2575
89753,RS,SALTO DO JACUÍ,4316451,430027,Cruz Alta,4306,Passo Fundo,10203
87580,RS,SALVADOR DAS MISSÕES,4316477,430024,Cerro Largo,4305,Ijuí,2877
88331,RS,SALVADOR DO SUL,4316501,430007,Montenegro,4301,Porto Alegre,6879
88358,RS,SANANDUVA,4316600,430032,Tapejara - Sananduva,4306,Passo Fundo,16399
88374,RS,SANTA BÁRBARA DO SUL,4316709,430027,Cruz Alta,4306,Passo Fundo,8122
89247,RS,SANTA CECÍLIA DO SUL,4316733,430032,Tapejara - Sananduva,4306,Passo Fundo,1674
87602,RS,SANTA CLARA DO SUL,4316758,430041,Lajeado,4308,Santa Cruz do Sul - Lajeado,6887
88390,RS,SANTA CRUZ DO SUL,4316808,430040,Santa Cruz do Sul,4308,Santa Cruz do Sul - Lajeado,133230
89443,RS,SANTA MARGARIDA DO SUL,4316972,430012,São Gabriel - Caçapava do Sul,4303,Santa Maria,2596
88412,RS,SANTA MARIA,4316907,430011,Santa Maria,4303,Santa Maria,271735
86207,RS,SANTA MARIA DO HERVAL,4316956,430002,Novo Hamburgo - São Leopoldo,4301,Porto Alegre,6340
88471,RS,SANTA ROSA,4317202,430019,Santa Rosa,4305,Ijuí,76963
87629,RS,SANTA TEREZA,4317251,430037,Bento Gonçalves,4307,Caxias do Sul,1505
88498,RS,SANTA VITÓRIA DO PALMAR,4317301,430009,Pelotas,4302,Pelotas,30983
88439,RS,SANTANA DA BOA VISTA,4317004,430012,São Gabriel - Caçapava do Sul,4303,Santa Maria,7024
88455,RS,SANTANA DO LIVRAMENTO,4317103,430016,Santana do Livramento,4304,Uruguaiana,84421
88510,RS,SANTIAGO,4317400,430014,Santiago,4303,Santa Maria,48938
88552,RS,SANTO ANTÔNIO DA PATRULHA,4317608,430001,Porto Alegre,4301,Porto Alegre,42947
88579,RS,SANTO ANTÔNIO DAS MISSÕES,4317707,430022,São Luiz Gonzaga,4305,Ijuí,10300
87645,RS,SANTO ANTÔNIO DO PALMA,4317558,430030,Marau,4306,Passo Fundo,2091
87661,RS,SANTO ANTÔNIO DO PLANALTO,4317756,430028,Carazinho,4306,Passo Fundo,2089
88595,RS,SANTO AUGUSTO,4317806,430018,Ijuí,4305,Ijuí,13902
88617,RS,SANTO CRISTO,4317905,430019,Santa Rosa,4305,Ijuí,15320
87688,RS,SANTO EXPEDITO DO SUL,4317954,430032,Tapejara - Sananduva,4306,Passo Fundo,2349
88536,RS,SANTO ÂNGELO,4317509,430020,Santo Ângelo,4305,Ijuí,76917
88994,RS,SAPIRANGA,4319901,430002,Novo Hamburgo - São Leopoldo,4301,Porto Alegre,75648
89010,RS,SAPUCAIA DO SUL,4320008,430001,Porto Alegre,4301,Porto Alegre,132107
89036,RS,SARANDI,4320107,430028,Carazinho,4306,Passo Fundo,22851
89052,RS,SEBERI,4320206,430029,Frederico Westphalen,4306,Passo Fundo,11950
85707,RS,SEDE NOVA,4320230,430021,Três Passos,4305,Ijuí,2704
85529,RS,SEGREDO,4320263,430042,Sobradinho,4308,Santa Cruz do Sul - Lajeado,6009
89079,RS,SELBACH,4320305,430027,Cruz Alta,4306,Passo Fundo,5107
88765,RS,SENADOR SALGADO FILHO,4320321,430019,Santa Rosa,4305,Ijuí,2673
87882,RS,SENTINELA DO SUL,4320354,430005,Camaquã,4301,Porto Alegre,5306
89095,RS,SERAFINA CORRÊA,4320404,430038,Nova Prata - Guaporé,4307,Caxias do Sul,16961
89117,RS,SERTÃO,4320503,430025,Passo Fundo,4306,Passo Fundo,5541
87920,RS,SERTÃO SANTANA,4320552,430001,Porto Alegre,4301,Porto Alegre,5863
88706,RS,SETE DE SETEMBRO,4320578,430020,Santo Ângelo,4305,Ijuí,1830
89133,RS,SEVERIANO DE ALMEIDA,4320602,430026,Erechim,4306,Passo Fundo,3406
84956,RS,SILVEIRA MARTINS,4320651,430011,Santa Maria,4303,Santa Maria,2028
87947,RS,SINIMBU,4320677,430040,Santa Cruz do Sul,4308,Santa Cruz do Sul - Lajeado,8578
89176,RS,SOBRADINHO,4320701,430042,Sobradinho,4308,Santa Cruz do Sul - Lajeado,14226
89192,RS,SOLEDADE,4320800,430031,Soledade,4306,Passo Fundo,29991
88633,RS,SÃO BORJA,4318002,430017,São Borja,4304,Uruguaiana,59676
84832,RS,SÃO DOMINGOS DO SUL,4318051,430030,Marau,4306,Passo Fundo,2754
88650,RS,SÃO FRANCISCO DE ASSIS,4318101,430011,Santa Maria,4303,Santa Maria,17618
88676,RS,SÃO FRANCISCO DE PAULA,4318200,430036,Caxias do Sul,4307,Caxias do Sul,21893
88692,RS,SÃO GABRIEL,4318309,430012,São Gabriel - Caçapava do Sul,4303,Santa Maria,58487
88714,RS,SÃO JERÔNIMO,4318408,430006,Charqueadas - Triunfo - São Jerônimo,4301,Porto Alegre,21028
84794,RS,SÃO JORGE,4318440,430038,Nova Prata - Guaporé,4307,Caxias do Sul,2912
87769,RS,SÃO JOSÉ DAS MISSÕES,4318457,430034,Palmeira das Missões,4306,Passo Fundo,2362
85588,RS,SÃO JOSÉ DO HERVAL,4318465,430031,Soledade,4306,Passo Fundo,1902
85324,RS,SÃO JOSÉ DO HORTÊNCIO,4318481,430002,Novo Hamburgo - São Leopoldo,4301,Porto Alegre,4447
87742,RS,SÃO JOSÉ DO INHACORÁ,4318499,430023,Três de Maio,4305,Ijuí,2406
88730,RS,SÃO JOSÉ DO NORTE,4318507,430009,Pelotas,4302,Pelotas,25443
88757,RS,SÃO JOSÉ DO OURO,4318606,430033,Lagoa Vermelha,4306,Passo Fundo,6834
89460,RS,SÃO JOSÉ DO SUL,4318614,430007,Montenegro,4301,Porto Alegre,2380
87726,RS,SÃO JOSÉ DOS AUSENTES,4318622,430039,Vacaria,4307,Caxias do Sul,4172
84859,RS,SÃO JOÃO DA URTIGA,4318424,430032,Tapejara - Sananduva,4306,Passo Fundo,4461
87700,RS,SÃO JOÃO DO POLÊSINE,4318432,430011,Santa Maria,4303,Santa Maria,2649
88773,RS,SÃO LEOPOLDO,4318705,430002,Novo Hamburgo - São Leopoldo,4301,Porto Alegre,217409
88790,RS,SÃO LOURENÇO DO SUL,4318804,430009,Pelotas,4302,Pelotas,41989
88811,RS,SÃO LUIZ GONZAGA,4318903,430022,São Luiz Gonzaga,4305,Ijuí,34752
88838,RS,SÃO MARCOS,4319000,430036,Caxias do Sul,4307,Caxias do Sul,21084
88854,RS,SÃO MARTINHO,4319109,430021,Três Passos,4305,Ijuí,5481
87785,RS,SÃO MARTINHO DA SERRA,4319125,430011,Santa Maria,4303,Santa Maria,2860
85480,RS,SÃO MIGUEL DAS MISSÕES,4319158,430020,Santo Ângelo,4305,Ijuí,7056
88870,RS,SÃO NICOLAU,4319208,430022,São Luiz Gonzaga,4305,Ijuí,5118
88897,RS,SÃO PAULO DAS MISSÕES,4319307,430024,Cerro Largo,4305,Ijuí,5846
87807,RS,SÃO PEDRO DA SERRA,4319356,430007,Montenegro,4301,Porto Alegre,3548
89486,RS,SÃO PEDRO DAS MISSÕES,4319364,430034,Palmeira das Missões,4306,Passo Fundo,1757
87823,RS,SÃO PEDRO DO BUTIÁ,4319372,430024,Cerro Largo,4305,Ijuí,3070
88919,RS,SÃO PEDRO DO SUL,4319406,430011,Santa Maria,4303,Santa Maria,15577
88935,RS,SÃO SEBASTIÃO DO CAÍ,4319505,430002,Novo Hamburgo - São Leopoldo,4301,Porto Alegre,24428
88951,RS,SÃO SEPÉ,4319604,430011,Santa Maria,4303,Santa Maria,21219
88978,RS,SÃO VALENTIM,4319703,430026,Erechim,4306,Passo Fundo,3264
87840,RS,SÃO VALENTIM DO SUL,4319711,430037,Bento Gonçalves,4307,Caxias do Sul,2207
87866,RS,SÃO VALÉRIO DO SUL,4319737,430018,Ijuí,4305,Ijuí,2543
85383,RS,SÃO VENDELINO,4319752,430002,Novo Hamburgo - São Leopoldo,4301,Porto Alegre,2251
86754,RS,SÃO VICENTE DO SUL,4319802,430011,Santa Maria,4303,Santa Maria,8097
87904,RS,SÉRIO,4320453,430041,Lajeado,4308,Santa Cruz do Sul - Lajeado,1941
88722,RS,TABAÍ,4320859,430041,Lajeado,4308,Santa Cruz do Sul - Lajeado,4461
89214,RS,TAPEJARA,4320909,430032,Tapejara - Sananduva,4306,Passo Fundo,24557
89230,RS,TAPERA,4321006,430025,Passo Fundo,4306,Passo Fundo,10592
89257,RS,TAPES,4321105,430005,Camaquã,4301,Porto Alegre,14695
89273,RS,TAQUARA,4321204,430004,Taquara - Parobé - Igrejinha,4301,Porto Alegre,53242
89290,RS,TAQUARI,4321303,430041,Lajeado,4308,Santa Cruz do Sul - Lajeado,25198
85669,RS,TAQUARUÇU DO SUL,4321329,430029,Frederico Westphalen,4306,Passo Fundo,3119
89710,RS,TAVARES,4321352,430001,Porto Alegre,4301,Porto Alegre,5212
89311,RS,TENENTE PORTELA,4321402,430021,Três Passos,4305,Ijuí,14497
85162,RS,TERRA DE AREIA,4321436,430003,Tramandaí - Osório,4301,Porto Alegre,10334
98213,RS,TEUTÔNIA,4321451,430041,Lajeado,4308,Santa Cruz do Sul - Lajeado,32797
89508,RS,TIO HUGO,4321469,430025,Passo Fundo,4306,Passo Fundo,3267
87963,RS,TIRADENTES DO SUL,4321477,430021,Três Passos,4305,Ijuí,5129
88900,RS,TOROPI,4321493,430011,Santa Maria,4303,Santa Maria,2554
89338,RS,TORRES,4321501,430008,Torres,4301,Porto Alegre,41751
89354,RS,TRAMANDAÍ,4321600,430003,Tramandaí - Osório,4301,Porto Alegre,54387
87980,RS,TRAVESSEIRO,4321626,430041,Lajeado,4308,Santa Cruz do Sul - Lajeado,2152
85006,RS,TRINDADE DO SUL,4321956,430035,Nonoai,4306,Passo Fundo,7556
89435,RS,TRIUNFO,4322004,430006,Charqueadas - Triunfo - São Jerônimo,4301,Porto Alegre,27498
84743,RS,TRÊS ARROIOS,4321634,430026,Erechim,4306,Passo Fundo,2591
85367,RS,TRÊS CACHOEIRAS,4321667,430008,Torres,4301,Porto Alegre,10962
89370,RS,TRÊS COROAS,4321709,430004,Taquara - Parobé - Igrejinha,4301,Porto Alegre,24425
89397,RS,TRÊS DE MAIO,4321808,430023,Três de Maio,4305,Ijuí,24916
88005,RS,TRÊS FORQUILHAS,4321832,430008,Torres,4301,Porto Alegre,2760
86142,RS,TRÊS PALMEIRAS,4321857,430025,Passo Fundo,4306,Passo Fundo,4716
89419,RS,TRÊS PASSOS,4321907,430021,Três Passos,4305,Ijuí,25436
89451,RS,TUCUNDUVA,4322103,430019,Santa Rosa,4305,Ijuí,5542
84840,RS,TUNAS,4322152,430042,Sobradinho,4308,Santa Cruz do Sul - Lajeado,3681
88021,RS,TUPANCI DO SUL,4322186,430033,Lagoa Vermelha,4306,Passo Fundo,1374
89478,RS,TUPANCIRETÃ,4322202,430027,Cruz Alta,4306,Passo Fundo,20005
85723,RS,TUPANDI,4322251,430002,Novo Hamburgo - São Leopoldo,4301,Porto Alegre,5029
89494,RS,TUPARENDI,4322301,430019,Santa Rosa,4305,Ijuí,8363
88501,RS,TURUÇU,4322327,430009,Pelotas,4302,Pelotas,3419
88609,RS,UBIRETAMA,4322343,430024,Cerro Largo,4305,Ijuí,1994
88480,RS,UNISTALDA,4322376,430014,Santiago,4303,Santa Maria,1995
88048,RS,UNIÃO DA SERRA,4322350,430038,Nova Prata - Guaporé,4307,Caxias do Sul,1170
89516,RS,URUGUAIANA,4322400,430015,Uruguaiana,4304,Uruguaiana,117210
89532,RS,VACARIA,4322509,430039,Vacaria,4307,Caxias do Sul,64197
88064,RS,VALE DO SOL,4322533,430040,Santa Cruz do Sul,4308,Santa Cruz do Sul - Lajeado,9897
88080,RS,VALE REAL,4322541,430036,Caxias do Sul,4307,Caxias do Sul,6058
88668,RS,VALE VERDE,4322525,430040,Santa Cruz do Sul,4308,Santa Cruz do Sul - Lajeado,3150
84913,RS,VANINI,4322558,430030,Marau,4306,Passo Fundo,2004
89559,RS,VENÂNCIO AIRES,4322608,430040,Santa Cruz do Sul,4308,Santa Cruz do Sul - Lajeado,68763
89575,RS,VERA CRUZ,4322707,430040,Santa Cruz do Sul,4308,Santa Cruz do Sul - Lajeado,26710
89591,RS,VERANÓPOLIS,4322806,430037,Bento Gonçalves,4307,Caxias do Sul,24021
88781,RS,VESPASIANO CORRÊA,4322855,430043,Encantado,4308,Santa Cruz do Sul - Lajeado,1818
89613,RS,VIADUTOS,4322905,430026,Erechim,4306,Passo Fundo,4769
89630,RS,VIAMÃO,4323002,430001,Porto Alegre,4301,Porto Alegre,224112
89656,RS,VICENTE DUTRA,4323101,430029,Frederico Westphalen,4306,Passo Fundo,4665
89699,RS,VICTOR GRAEFF,4323200,430025,Passo Fundo,4306,Passo Fundo,2780
86061,RS,VILA FLORES,4323309,430037,Bento Gonçalves,4307,Caxias do Sul,3646
88749,RS,VILA LÂNGARO,4323358,430032,Tapejara - Sananduva,4306,Passo Fundo,2079
85642,RS,VILA MARIA,4323408,430030,Marau,4306,Passo Fundo,4413
88102,RS,VILA NOVA DO SUL,4323457,430012,São Gabriel - Caçapava do Sul,4303,Santa Maria,3863
85600,RS,VISTA ALEGRE,4323507,430029,Frederico Westphalen,4306,Passo Fundo,2660
85863,RS,VISTA ALEGRE DO PRATA,4323606,430038,Nova Prata - Guaporé,4307,Caxias do Sul,1590
85847,RS,VISTA GAÚCHA,4323705,430021,Três Passos,4305,Ijuí,2783
88129,RS,VITÓRIA DAS MISSÕES,4323754,430020,Santo Ângelo,4305,Ijuí,3260
89524,RS,WESTFÁLIA,4323770,430041,Lajeado,4308,Santa Cruz do Sul - Lajeado,3098
88145,RS,XANGRI-LÁ,4323804,430003,Tramandaí - Osório,4301,Porto Alegre,16463
84948,RS,ÁGUA SANTA,4300059,430032,Tapejara - Sananduva,4306,Passo Fundo,3912
84735,RS,ÁUREA,4301552,430026,Erechim,4306,Passo Fundo,3396
80225,SC,ABDON BATISTA,4200051,420008,Joaçaba - Herval d'Oeste,4204,Chapecó,2598
80012,SC,ABELARDO LUZ,4200101,420011,Xanxerê,4204,Chapecó,17392
80039,SC,AGROLÂNDIA,4200200,420022,Rio do Sul,4207,Blumenau,10990
80055,SC,AGRONÔMICA,4200309,420022,Rio do Sul,4207,Blumenau,6055
80136,SC,ALFREDO WAGNER,4200705,420001,Florianópolis,4201,Florianópolis,10481
81302,SC,ALTO BELA VISTA,4200754,420010,Concórdia,4204,Chapecó,1856
80152,SC,ANCHIETA,4200804,420009,São Miguel do Oeste,4204,Chapecó,5943
80179,SC,ANGELINA,4200903,420001,Florianópolis,4201,Florianópolis,5358
80195,SC,ANITA GARIBALDI,4201000,420005,Lages,4203,Lages,8285
80217,SC,ANITÁPOLIS,4201109,420001,Florianópolis,4201,Florianópolis,3593
80233,SC,ANTÔNIO CARLOS,4201208,420001,Florianópolis,4201,Florianópolis,11224
80063,SC,APIÚNA,4201257,420019,Blumenau,4207,Blumenau,9811
80489,SC,ARABUTÃ,4201273,420010,Concórdia,4204,Chapecó,4378
80250,SC,ARAQUARI,4201307,420016,Joinville,4206,Joinville,45283
80276,SC,ARARANGUÁ,4201406,420004,Araranguá,4202,Criciúma,71922
80292,SC,ARMAZÉM,4201505,420003,Tubarão,4202,Criciúma,8834
80314,SC,ARROIO TRINTA,4201604,420015,Videira,4205,Caçador,3556
80802,SC,ARVOREDO,4201653,420007,Chapecó,4204,Chapecó,2510
80330,SC,ASCURRA,4201703,420019,Blumenau,4207,Blumenau,8319
80357,SC,ATALANTA,4201802,420022,Rio do Sul,4207,Blumenau,3227
80373,SC,AURORA,4201901,420022,Rio do Sul,4207,Blumenau,6780
81728,SC,BALNEÁRIO ARROIO DO SILVA,4201950,420004,Araranguá,4202,Criciúma,15820
80683,SC,BALNEÁRIO BARRA DO SUL,4202057,420016,Joinville,4206,Joinville,14912
80390,SC,BALNEÁRIO CAMBORIÚ,4202008,420020,Itajaí,4207,Blumenau,139155
81744,SC,BALNEÁRIO GAIVOTA,4202073,420004,Araranguá,4202,Criciúma,15669
82511,SC,BALNEÁRIO PIÇARRAS,4212809,420020,Itajaí,4207,Blumenau,27127
83909,SC,BALNEÁRIO RINCÃO,4220000,420002,Criciúma,4202,Criciúma,15981
81582,SC,BANDEIRANTE,4202081,420009,São Miguel do Oeste,4204,Chapecó,3144
81760,SC,BARRA BONITA,4202099,420009,São Miguel do Oeste,4204,Chapecó,1668
80411,SC,BARRA VELHA,4202107,420020,Itajaí,4207,Blumenau,45369
81221,SC,BELA VISTA DO TOLDO,4202131,420017,Mafra,4206,Joinville,5872
80748,SC,BELMONTE,4202156,420009,São Miguel do Oeste,4204,Chapecó,2658
80438,SC,BENEDITO NOVO,4202206,420019,Blumenau,4207,Blumenau,10520
80454,SC,BIGUAÇU,4202305,420001,Florianópolis,4201,Florianópolis,76773
80470,SC,BLUMENAU,4202404,420019,Blumenau,4207,Blumenau,361261
81280,SC,BOCAINA DO SUL,4202438,420005,Lages,4203,Lages,3515
83895,SC,BOM JARDIM DA SERRA,4202503,420005,Lages,4203,Lages,4026
81388,SC,BOM JESUS,4202537,420011,Xanxerê,4204,Chapecó,2777
81469,SC,BOM JESUS DO OESTE,4202578,420012,Maravilha,4204,Chapecó,2187
80497,SC,BOM RETIRO,4202602,420005,Lages,4203,Lages,8418
80985,SC,BOMBINHAS,4202453,420020,Itajaí,4207,Blumenau,25058
80519,SC,BOTUVERÁ,4202701,420021,Brusque,4207,Blumenau,5363
80535,SC,BRAÇO DO NORTE,4202800,420003,Tubarão,4202,Criciúma,33773
80420,SC,BRAÇO DO TROMBUDO,4202859,420022,Rio do Sul,4207,Blumenau,4026
81787,SC,BRUNÓPOLIS,4202875,420006,Curitibanos,4203,Lages,2489
80551,SC,BRUSQUE,4202909,420021,Brusque,4207,Blumenau,141385
80594,SC,CAIBI,4203105,420007,Chapecó,4204,Chapecó,6304
80667,SC,CALMON,4203154,420014,Caçador,4205,Caçador,3443
80616,SC,CAMBORIÚ,4203204,420020,Itajaí,4207,Blumenau,103074
80632,SC,CAMPO ALEGRE,4203303,420018,São Bento do Sul - Rio Negrinho,4206,Joinville,12501
80659,SC,CAMPO BELO DO SUL,4203402,420005,Lages,4203,Lages,7257
80675,SC,CAMPO ERÊ,4203501,420013,São Lourenço do Oeste,4204,Chapecó,9623
80691,SC,CAMPOS NOVOS,4203600,420008,Joaçaba - Herval d'Oeste,4204,Chapecó,36932
80713,SC,CANELINHA,4203709,420021,Brusque,4207,Blumenau,12821
80730,SC,CANOINHAS,4203808,420017,Mafra,4206,Joinville,55016
80756,SC,CAPINZAL,4203907,420008,Joaçaba - Herval d'Oeste,4204,Chapecó,23314
81027,SC,CAPIVARI DE BAIXO,4203956,420003,Tubarão,4202,Criciúma,23975
81248,SC,CAPÃO ALTO,4203253,420005,Lages,4203,Lages,2625
80772,SC,CATANDUVAS,4204004,420008,Joaçaba - Herval d'Oeste,4204,Chapecó,10566
80799,SC,CAXAMBU DO SUL,4204103,420007,Chapecó,4204,Chapecó,4614
80578,SC,CAÇADOR,4203006,420014,Caçador,4205,Caçador,73720
80268,SC,CELSO RAMOS,4204152,420008,Joaçaba - Herval d'Oeste,4204,Chapecó,2805
80381,SC,CERRO NEGRO,4204178,420005,Lages,4203,Lages,3317
81701,SC,CHAPADÃO DO LAGEADO,4204194,420024,Ituporanga,4207,Blumenau,2950
80810,SC,CHAPECÓ,4204202,420007,Chapecó,4204,Chapecó,254785
80306,SC,COCAL DO SUL,4204251,420002,Criciúma,4202,Criciúma,17240
80837,SC,CONCÓRDIA,4204301,420010,Concórdia,4204,Chapecó,81646
81043,SC,CORDILHEIRA ALTA,4204350,420007,Chapecó,4204,Chapecó,4781
80853,SC,CORONEL FREITAS,4204400,420007,Chapecó,4204,Chapecó,10388
81108,SC,CORONEL MARTINS,4204459,420011,Xanxerê,4204,Chapecó,2065
83950,SC,CORREIA PINTO,4204558,420005,Lages,4203,Lages,15727
80870,SC,CORUPÁ,4204509,420016,Joinville,4206,Joinville,15267
80896,SC,CRICIÚMA,4204608,420002,Criciúma,4202,Criciúma,214493
80918,SC,CUNHA PORÃ,4204707,420012,Maravilha,4204,Chapecó,10953
81620,SC,CUNHATAÍ,4204756,420007,Chapecó,4204,Chapecó,1968
80934,SC,CURITIBANOS,4204806,420006,Curitibanos,4203,Lages,40045
80950,SC,DESCANSO,4204905,420009,São Miguel do Oeste,4204,Chapecó,8530
80977,SC,DIONÍSIO CERQUEIRA,4205001,420009,São Miguel do Oeste,4204,Chapecó,15008
80993,SC,DONA EMMA,4205100,420023,Ibirama - Presidente Getúlio,4207,Blumenau,4221
80080,SC,DOUTOR PEDRINHO,4205159,420019,Blumenau,4207,Blumenau,3637
81426,SC,ENTRE RIOS,4205175,420011,Xanxerê,4204,Chapecó,3402
81167,SC,ERMO,4205191,420004,Araranguá,4202,Criciúma,2269
81019,SC,ERVAL VELHO,4205209,420008,Joaçaba - Herval d'Oeste,4204,Chapecó,4885
81035,SC,FAXINAL DOS GUEDES,4205308,420011,Xanxerê,4204,Chapecó,11192
81604,SC,FLOR DO SERTÃO,4205357,420009,São Miguel do Oeste,4204,Chapecó,1783
81051,SC,FLORIANÓPOLIS,4205407,420001,Florianópolis,4201,Florianópolis,537211
80888,SC,FORMOSA DO SUL,4205431,420007,Chapecó,4204,Chapecó,2682
81060,SC,FORQUILHINHA,4205456,420002,Criciúma,4202,Criciúma,31431
81078,SC,FRAIBURGO,4205506,420015,Videira,4205,Caçador,33481
81329,SC,FREI ROGÉRIO,4205555,420006,Curitibanos,4203,Lages,2411
81094,SC,GALVÃO,4205605,420013,São Lourenço do Oeste,4204,Chapecó,3210
81132,SC,GAROPABA,4205704,420001,Florianópolis,4201,Florianópolis,29959
81159,SC,GARUVA,4205803,420016,Joinville,4206,Joinville,18545
81175,SC,GASPAR,4205902,420019,Blumenau,4207,Blumenau,72570
81116,SC,GOVERNADOR CELSO RAMOS,4206009,420001,Florianópolis,4201,Florianópolis,16915
81213,SC,GRAVATAL,4206207,420003,Tubarão,4202,Criciúma,12435
81191,SC,GRÃO-PARÁ,4206108,420003,Tubarão,4202,Criciúma,6277
81230,SC,GUABIRUBA,4206306,420021,Brusque,4207,Blumenau,24543
81256,SC,GUARACIABA,4206405,420009,São Miguel do Oeste,4204,Chapecó,10796
81272,SC,GUARAMIRIM,4206504,420016,Joinville,4206,Joinville,46711
81299,SC,GUARUJÁ DO SUL,4206603,420009,São Miguel do Oeste,4204,Chapecó,4829
80527,SC,GUATAMBÚ,4206652,420007,Chapecó,4204,Chapecó,8425
81310,SC,HERVAL D'OESTE,4206702,420008,Joaçaba - Herval d'Oeste,4204,Chapecó,21724
81400,SC,IBIAM,4206751,420015,Videira,4205,Caçador,2008
81337,SC,IBICARÉ,4206801,420008,Joaçaba - Herval d'Oeste,4204,Chapecó,3269
81353,SC,IBIRAMA,4206900,420023,Ibirama - Presidente Getúlio,4207,Blumenau,19862
81396,SC,ILHOTA,4207106,420019,Blumenau,4207,Blumenau,17046
81418,SC,IMARUÍ,4207205,420003,Tubarão,4202,Criciúma,11881
81434,SC,IMBITUBA,4207304,420001,Florianópolis,4201,Florianópolis,52579
81450,SC,IMBUIA,4207403,420024,Ituporanga,4207,Blumenau,5982
81477,SC,INDAIAL,4207502,420019,Blumenau,4207,Blumenau,71549
81361,SC,IOMERÊ,4207577,420015,Videira,4205,Caçador,2877
81493,SC,IPIRA,4207601,420010,Concórdia,4204,Chapecó,4578
80020,SC,IPORÃ DO OESTE,4207650,420009,São Miguel do Oeste,4204,Chapecó,9335
80829,SC,IPUAÇU,4207684,420011,Xanxerê,4204,Chapecó,7730
81515,SC,IPUMIRIM,4207700,420010,Concórdia,4204,Chapecó,7816
80187,SC,IRACEMINHA,4207759,420012,Maravilha,4204,Chapecó,3986
81531,SC,IRANI,4207809,420010,Concórdia,4204,Chapecó,10195
80861,SC,IRATI,4207858,420007,Chapecó,4204,Chapecó,2069
81558,SC,IRINEÓPOLIS,4207908,420017,Mafra,4206,Joinville,10285
81590,SC,ITAIÓPOLIS,4208104,420017,Mafra,4206,Joinville,22051
81612,SC,ITAJAÍ,4208203,420020,Itajaí,4207,Blumenau,264054
81639,SC,ITAPEMA,4208302,420020,Itajaí,4207,Blumenau,75940
81655,SC,ITAPIRANGA,4208401,420009,São Miguel do Oeste,4204,Chapecó,16638
81663,SC,ITAPOÁ,4208450,420016,Joinville,4206,Joinville,30750
81671,SC,ITUPORANGA,4208500,420024,Ituporanga,4207,Blumenau,26525
81574,SC,ITÁ,4208005,420010,Concórdia,4204,Chapecó,7067
81370,SC,IÇARA,4207007,420002,Criciúma,4202,Criciúma,59035
81698,SC,JABORÁ,4208609,420008,Joaçaba - Herval d'Oeste,4204,Chapecó,4310
81710,SC,JACINTO MACHADO,4208708,420004,Araranguá,4202,Criciúma,10624
81736,SC,JAGUARUNA,4208807,420003,Tubarão,4202,Criciúma,20375
81752,SC,JARAGUÁ DO SUL,4208906,420016,Joinville,4206,Joinville,182660
81140,SC,JARDINÓPOLIS,4208955,420007,Chapecó,4204,Chapecó,1776
81779,SC,JOAÇABA,4209003,420008,Joaçaba - Herval d'Oeste,4204,Chapecó,30146
81795,SC,JOINVILLE,4209102,420016,Joinville,4206,Joinville,616317
80101,SC,JOSÉ BOITEUX,4209151,420023,Ibirama - Presidente Getúlio,4207,Blumenau,5985
81540,SC,JUPIÁ,4209177,420013,São Lourenço do Oeste,4204,Chapecó,2555
81817,SC,LACERDÓPOLIS,4209201,420008,Joaçaba - Herval d'Oeste,4204,Chapecó,2248
81833,SC,LAGES,4209300,420005,Lages,4203,Lages,164981
81850,SC,LAGUNA,4209409,420003,Tubarão,4202,Criciúma,42785
80586,SC,LAJEADO GRANDE,4209458,420007,Chapecó,4204,Chapecó,1702
81876,SC,LAURENTINO,4209508,420022,Rio do Sul,4207,Blumenau,7932
81892,SC,LAURO MÜLLER,4209607,420002,Criciúma,4202,Criciúma,14381
81914,SC,LEBON RÉGIS,4209706,420014,Caçador,4205,Caçador,11472
81930,SC,LEOBERTO LEAL,4209805,420024,Ituporanga,4207,Blumenau,3330
80047,SC,LINDÓIA DO SUL,4209854,420010,Concórdia,4204,Chapecó,4549
81957,SC,LONTRAS,4209904,420022,Rio do Sul,4207,Blumenau,12873
81809,SC,LUZERNA,4210035,420008,Joaçaba - Herval d'Oeste,4204,Chapecó,5794
81973,SC,LUÍS ALVES,4210001,420020,Itajaí,4207,Blumenau,11684
80900,SC,MACIEIRA,4210050,420014,Caçador,4205,Caçador,1778
81990,SC,MAFRA,4210100,420017,Mafra,4206,Joinville,55286
82015,SC,MAJOR GERCINO,4210209,420021,Brusque,4207,Blumenau,3214
82031,SC,MAJOR VIEIRA,4210308,420017,Mafra,4206,Joinville,7425
83917,SC,MARACAJÁ,4210407,420004,Araranguá,4202,Criciúma,7815
82058,SC,MARAVILHA,4210506,420012,Maravilha,4204,Chapecó,28251
82066,SC,MAREMA,4210555,420007,Chapecó,4204,Chapecó,2184
82074,SC,MASSARANDUBA,4210605,420016,Joinville,4206,Joinville,17162
82090,SC,MATOS COSTA,4210704,420014,Caçador,4205,Caçador,2761
82112,SC,MELEIRO,4210803,420004,Araranguá,4202,Criciúma,7006
80365,SC,MIRIM DOCE,4210852,420022,Rio do Sul,4207,Blumenau,2511
82139,SC,MODELO,4210902,420007,Chapecó,4204,Chapecó,4080
82155,SC,MONDAÍ,4211009,420007,Chapecó,4204,Chapecó,10066
80004,SC,MONTE CARLO,4211058,420015,Videira,4205,Caçador,9117
82171,SC,MONTE CASTELO,4211108,420017,Mafra,4206,Joinville,7736
82198,SC,MORRO DA FUMAÇA,4211207,420002,Criciúma,4202,Criciúma,18537
81086,SC,MORRO GRANDE,4211256,420002,Criciúma,4202,Criciúma,3010
82210,SC,NAVEGANTES,4211306,420020,Itajaí,4207,Blumenau,86401
82236,SC,NOVA ERECHIM,4211405,420007,Chapecó,4204,Chapecó,5155
80322,SC,NOVA ITABERABA,4211454,420007,Chapecó,4204,Chapecó,4536
82252,SC,NOVA TRENTO,4211504,420021,Brusque,4207,Blumenau,13727
82279,SC,NOVA VENEZA,4211603,420002,Criciúma,4202,Criciúma,13664
80764,SC,NOVO HORIZONTE,4211652,420013,São Lourenço do Oeste,4204,Chapecó,2643
82295,SC,ORLEANS,4211702,420002,Criciúma,4202,Criciúma,23661
83976,SC,OTACÍLIO COSTA,4211751,420005,Lages,4203,Lages,17312
82317,SC,OURO,4211801,420008,Joaçaba - Herval d'Oeste,4204,Chapecó,7032
80845,SC,OURO VERDE,4211850,420011,Xanxerê,4204,Chapecó,2181
81442,SC,PAIAL,4211876,420007,Chapecó,4204,Chapecó,1927
81264,SC,PAINEL,4211892,420005,Lages,4203,Lages,2215
82333,SC,PALHOÇA,4211900,420001,Florianópolis,4201,Florianópolis,222598
82350,SC,PALMA SOLA,4212007,420009,São Miguel do Oeste,4204,Chapecó,7605
81566,SC,PALMEIRA,4212056,420005,Lages,4203,Lages,2561
82376,SC,PALMITOS,4212106,420007,Chapecó,4204,Chapecó,15626
82392,SC,PAPANDUVA,4212205,420017,Mafra,4206,Joinville,19150
80705,SC,PARAÍSO,4212239,420009,São Miguel do Oeste,4204,Chapecó,4267
80403,SC,PASSO DE TORRES,4212254,420004,Araranguá,4202,Criciúma,12897
80624,SC,PASSOS MAIA,4212270,420011,Xanxerê,4204,Chapecó,4034
82414,SC,PAULO LOPES,4212304,420001,Florianópolis,4201,Florianópolis,9063
82430,SC,PEDRAS GRANDES,4212403,420003,Tubarão,4202,Criciúma,4245
82457,SC,PENHA,4212502,420020,Itajaí,4207,Blumenau,33663
82473,SC,PERITIBA,4212601,420010,Concórdia,4204,Chapecó,2992
83925,SC,PESCARIA BRAVA,4212650,420003,Tubarão,4202,Criciúma,10190
82490,SC,PETROLÂNDIA,4212700,420024,Ituporanga,4207,Blumenau,6716
82538,SC,PINHALZINHO,4212908,420007,Chapecó,4204,Chapecó,21972
82554,SC,PINHEIRO PRETO,4213005,420015,Videira,4205,Caçador,3473
82570,SC,PIRATUBA,4213104,420010,Concórdia,4204,Chapecó,5769
80543,SC,PLANALTO ALEGRE,4213153,420007,Chapecó,4204,Chapecó,2946
82597,SC,POMERODE,4213203,420019,Blumenau,4207,Blumenau,34289
82619,SC,PONTE ALTA,4213302,420005,Lages,4203,Lages,4437
80926,SC,PONTE ALTA DO NORTE,4213351,420006,Curitibanos,4203,Lages,3210
82635,SC,PONTE SERRADA,4213401,420011,Xanxerê,4204,Chapecó,10649
82651,SC,PORTO BELO,4213500,420020,Itajaí,4207,Blumenau,27688
82678,SC,PORTO UNIÃO,4213609,420017,Mafra,4206,Joinville,32970
82694,SC,POUSO REDONDO,4213708,420022,Rio do Sul,4207,Blumenau,17123
82716,SC,PRAIA GRANDE,4213807,420004,Araranguá,4202,Criciúma,8270
82732,SC,PRESIDENTE CASTELO BRANCO,4213906,420010,Concórdia,4204,Chapecó,1689
82759,SC,PRESIDENTE GETÚLIO,4214003,420023,Ibirama - Presidente Getúlio,4207,Blumenau,20010
82775,SC,PRESIDENTE NEREU,4214102,420022,Rio do Sul,4207,Blumenau,2301
81647,SC,PRINCESA,4214151,420009,São Miguel do Oeste,4204,Chapecó,2964
82791,SC,QUILOMBO,4214201,420007,Chapecó,4204,Chapecó,11022
82813,SC,RANCHO QUEIMADO,4214300,420001,Florianópolis,4201,Florianópolis,3279
82830,SC,RIO DAS ANTAS,4214409,420015,Videira,4205,Caçador,6253
82856,SC,RIO DO CAMPO,4214508,420022,Rio do Sul,4207,Blumenau,6452
82872,SC,RIO DO OESTE,4214607,420022,Rio do Sul,4207,Blumenau,7747
82910,SC,RIO DO SUL,4214805,420022,Rio do Sul,4207,Blumenau,72587
82899,SC,RIO DOS CEDROS,4214706,420019,Blumenau,4207,Blumenau,10865
82937,SC,RIO FORTUNA,4214904,420003,Tubarão,4202,Criciúma,4847
82953,SC,RIO NEGRINHO,4215000,420018,São Bento do Sul - Rio Negrinho,4206,Joinville,39261
80608,SC,RIO RUFINO,4215059,420005,Lages,4203,Lages,2397
80560,SC,RIQUEZA,4215075,420007,Chapecó,4204,Chapecó,4768
82970,SC,RODEIO,4215109,420019,Blumenau,4207,Blumenau,12757
82996,SC,ROMELÂNDIA,4215208,420009,São Miguel do Oeste,4204,Chapecó,4823
83011,SC,SALETE,4215307,420022,Rio do Sul,4207,Blumenau,7489
81523,SC,SALTINHO,4215356,420012,Maravilha,4204,Chapecó,3632
83038,SC,SALTO VELOSO,4215406,420015,Videira,4205,Caçador,4390
81000,SC,SANGÃO,4215455,420003,Tubarão,4202,Criciúma,12882
83054,SC,SANTA CECÍLIA,4215505,420006,Curitibanos,4203,Lages,15546
80721,SC,SANTA HELENA,4215554,420009,São Miguel do Oeste,4204,Chapecó,2425
83070,SC,SANTA ROSA DE LIMA,4215604,420003,Tubarão,4202,Criciúma,2088
80241,SC,SANTA ROSA DO SUL,4215653,420004,Araranguá,4202,Criciúma,9792
80349,SC,SANTA TEREZINHA,4215679,420022,Rio do Sul,4207,Blumenau,8066
81507,SC,SANTA TEREZINHA DO PROGRESSO,4215695,420007,Chapecó,4204,Chapecó,1651
81205,SC,SANTIAGO DO SUL,4215687,420012,Maravilha,4204,Chapecó,2576
83097,SC,SANTO AMARO DA IMPERATRIZ,4215703,420001,Florianópolis,4201,Florianópolis,27272
83410,SC,SAUDADES,4217303,420007,Chapecó,4204,Chapecó,10265
83437,SC,SCHROEDER,4217402,420016,Joinville,4206,Joinville,20061
83453,SC,SEARA,4217501,420010,Concórdia,4204,Chapecó,18620
80284,SC,SERRA ALTA,4217550,420007,Chapecó,4204,Chapecó,3303
83470,SC,SIDERÓPOLIS,4217600,420002,Criciúma,4202,Criciúma,13714
83496,SC,SOMBRIO,4217709,420004,Araranguá,4202,Criciúma,29991
80446,SC,SUL BRASIL,4217758,420007,Chapecó,4204,Chapecó,2832
83119,SC,SÃO BENTO DO SUL,4215802,420018,São Bento do Sul - Rio Negrinho,4206,Joinville,83277
81485,SC,SÃO BERNARDINO,4215752,420013,São Lourenço do Oeste,4204,Chapecó,2684
83135,SC,SÃO BONIFÁCIO,4215901,420001,Florianópolis,4201,Florianópolis,2946
83151,SC,SÃO CARLOS,4216008,420007,Chapecó,4204,Chapecó,10282
80942,SC,SÃO CRISTÓVÃO DO SUL,4216057,420006,Curitibanos,4203,Lages,6084
83178,SC,SÃO DOMINGOS,4216107,420011,Xanxerê,4204,Chapecó,9226
83194,SC,SÃO FRANCISCO DO SUL,4216206,420016,Joinville,4206,Joinville,52674
83259,SC,SÃO JOAQUIM,4216503,420005,Lages,4203,Lages,25939
83275,SC,SÃO JOSÉ,4216602,420001,Florianópolis,4201,Florianópolis,270299
83291,SC,SÃO JOSÉ DO CEDRO,4216701,420009,São Miguel do Oeste,4204,Chapecó,14167
83313,SC,SÃO JOSÉ DO CERRITO,4216800,420005,Lages,4203,Lages,8708
83216,SC,SÃO JOÃO BATISTA,4216305,420021,Brusque,4207,Blumenau,32687
81124,SC,SÃO JOÃO DO ITAPERIÚ,4216354,420016,Joinville,4206,Joinville,4463
80640,SC,SÃO JOÃO DO OESTE,4216255,420009,São Miguel do Oeste,4204,Chapecó,6295
83232,SC,SÃO JOÃO DO SUL,4216404,420004,Araranguá,4202,Criciúma,8668
83330,SC,SÃO LOURENÇO DO OESTE,4216909,420013,São Lourenço do Oeste,4204,Chapecó,24791
83356,SC,SÃO LUDGERO,4217006,420003,Tubarão,4202,Criciúma,13509
83372,SC,SÃO MARTINHO,4217105,420003,Tubarão,4202,Criciúma,3405
80780,SC,SÃO MIGUEL DA BOA VISTA,4217154,420012,Maravilha,4204,Chapecó,1781
83399,SC,SÃO MIGUEL DO OESTE,4217204,420009,São Miguel do Oeste,4204,Chapecó,44330
81183,SC,SÃO PEDRO DE ALCÂNTARA,4217253,420001,Florianópolis,4201,Florianópolis,5776
83518,SC,TAIÓ,4217808,420022,Rio do Sul,4207,Blumenau,18310
83534,SC,TANGARÁ,4217907,420015,Videira,4205,Caçador,8143
81680,SC,TIGRINHOS,4217956,420012,Maravilha,4204,Chapecó,2329
83550,SC,TIJUCAS,4218004,420020,Itajaí,4207,Blumenau,51592
83933,SC,TIMBÉ DO SUL,4218103,420004,Araranguá,4202,Criciúma,5386
83577,SC,TIMBÓ,4218202,420019,Blumenau,4207,Blumenau,46099
80209,SC,TIMBÓ GRANDE,4218251,420014,Caçador,4205,Caçador,7342
81345,SC,TREVISO,4218350,420002,Criciúma,4202,Criciúma,3782
83615,SC,TREZE DE MAIO,4218400,420003,Tubarão,4202,Criciúma,7362
83631,SC,TREZE TÍLIAS,4218509,420008,Joaçaba - Herval d'Oeste,4204,Chapecó,8787
83658,SC,TROMBUDO CENTRAL,4218608,420022,Rio do Sul,4207,Blumenau,7274
83593,SC,TRÊS BARRAS,4218301,420017,Mafra,4206,Joinville,19746
83674,SC,TUBARÃO,4218707,420003,Tubarão,4202,Criciúma,110088
83682,SC,TUNÁPOLIS,4218756,420009,São Miguel do Oeste,4204,Chapecó,4916
83690,SC,TURVO,4218806,420004,Araranguá,4202,Criciúma,13043
80144,SC,UNIÃO DO OESTE,4218855,420007,Chapecó,4204,Chapecó,2774
83712,SC,URUBICI,4218905,420005,Lages,4203,Lages,10834
80160,SC,URUPEMA,4218954,420005,Lages,4203,Lages,2656
83739,SC,URUSSANGA,4219002,420002,Criciúma,4202,Criciúma,20919
80462,SC,VARGEM,4219150,420008,Joaçaba - Herval d'Oeste,4204,Chapecó,2627
80969,SC,VARGEM BONITA,4219176,420008,Joaçaba - Herval d'Oeste,4204,Chapecó,4576
83755,SC,VARGEÃO,4219101,420011,Xanxerê,4204,Chapecó,3634
83771,SC,VIDAL RAMOS,4219200,420024,Ituporanga,4207,Blumenau,6189
83798,SC,VIDEIRA,4219309,420015,Videira,4205,Caçador,55466
80128,SC,VITOR MEIRELES,4219358,420023,Ibirama - Presidente Getúlio,4207,Blumenau,5370
83810,SC,WITMARSUM,4219408,420023,Ibirama - Presidente Getúlio,4207,Blumenau,4255
83836,SC,XANXERÊ,4219507,420011,Xanxerê,4204,Chapecó,51607
83852,SC,XAVANTINA,4219606,420011,Xanxerê,4204,Chapecó,3653
83879,SC,XAXIM,4219705,420007,Chapecó,4204,Chapecó,31918
81825,SC,ZORTÉA,4219853,420008,Joaçaba - Herval d'Oeste,4204,Chapecó,3930
80071,SC,ÁGUA DOCE,4200408,420008,Joaçaba - Herval d'Oeste,4204,Chapecó,6508
80098,SC,ÁGUAS DE CHAPECÓ,4200507,420007,Chapecó,4204,Chapecó,6036
80500,SC,ÁGUAS FRIAS,4200556,420007,Chapecó,4204,Chapecó,2839
80110,SC,ÁGUAS MORNAS,4200606,420001,Florianópolis,4201,Florianópolis,6743
31011,SE,AMPARO DE SÃO FRANCISCO,2800100,280003,Propriá,2801,Aracaju,2170
31038,SE,AQUIDABÃ,2800209,280003,Propriá,2801,Aracaju,20131
31054,SE,ARACAJU,2800308,280001,Aracaju,2801,Aracaju,602757
31070,SE,ARAUÁ,2800407,280002,Estância,2801,Aracaju,10318
31097,SE,AREIA BRANCA,2800506,280004,Itabaiana,2802,Itabaiana,18081
31119,SE,BARRA DOS COQUEIROS,2800605,280001,Aracaju,2801,Aracaju,41511
31151,SE,BOQUIM,2800670,280002,Estância,2801,Aracaju,24636
31135,SE,BREJO GRANDE,2800704,280003,Propriá,2801,Aracaju,7841
31194,SE,CAMPO DO BRITO,2801009,280004,Itabaiana,2802,Itabaiana,18149
31216,SE,CANHOBA,2801108,280003,Propriá,2801,Aracaju,3791
31232,SE,CANINDÉ DE SÃO FRANCISCO,2801207,280006,Nossa Senhora da Glória,2802,Itabaiana,26834
31259,SE,CAPELA,2801306,280001,Aracaju,2801,Aracaju,31645
31275,SE,CARIRA,2801405,280004,Itabaiana,2802,Itabaiana,19939
31291,SE,CARMÓPOLIS,2801504,280001,Aracaju,2801,Aracaju,13853
31313,SE,CEDRO DE SÃO JOÃO,2801603,280003,Propriá,2801,Aracaju,5391
31330,SE,CRISTINÁPOLIS,2801702,280002,Estância,2801,Aracaju,17100
31372,SE,CUMBE,2801900,280001,Aracaju,2801,Aracaju,3824
31399,SE,DIVINA PASTORA,2802007,280001,Aracaju,2801,Aracaju,4340
31410,SE,ESTÂNCIA,2802106,280002,Estância,2801,Aracaju,65078
31437,SE,FEIRA NOVA,2802205,280006,Nossa Senhora da Glória,2802,Itabaiana,5975
31453,SE,FREI PAULO,2802304,280004,Itabaiana,2802,Itabaiana,14530
31496,SE,GARARU,2802403,280006,Nossa Senhora da Glória,2802,Itabaiana,11096
31470,SE,GENERAL MAYNARD,2802502,280001,Aracaju,2801,Aracaju,3037
31518,SE,GRACCHO CARDOSO,2802601,280006,Nossa Senhora da Glória,2802,Itabaiana,5834
31534,SE,ILHA DAS FLORES,2802700,280003,Propriá,2801,Aracaju,8321
31550,SE,INDIAROBA,2802809,280002,Estância,2801,Aracaju,16549
31577,SE,ITABAIANA,2802908,280004,Itabaiana,2802,Itabaiana,103440
31593,SE,ITABAIANINHA,2803005,280002,Estância,2801,Aracaju,40678
31615,SE,ITABI,2803104,280006,Nossa Senhora da Glória,2802,Itabaiana,4745
31631,SE,ITAPORANGA D'AJUDA,2803203,280001,Aracaju,2801,Aracaju,34411
31658,SE,JAPARATUBA,2803302,280001,Aracaju,2801,Aracaju,16209
31674,SE,JAPOATÃ,2803401,280003,Propriá,2801,Aracaju,13407
31690,SE,LAGARTO,2803500,280005,Lagarto,2802,Itabaiana,101579
31712,SE,LARANJEIRAS,2803609,280001,Aracaju,2801,Aracaju,23975
31739,SE,MACAMBIRA,2803708,280004,Itabaiana,2802,Itabaiana,6838
31755,SE,MALHADA DOS BOIS,2803807,280003,Propriá,2801,Aracaju,3579
31771,SE,MALHADOR,2803906,280004,Itabaiana,2802,Itabaiana,11533
31798,SE,MARUIM,2804003,280001,Aracaju,2801,Aracaju,15719
31810,SE,MOITA BONITA,2804102,280004,Itabaiana,2802,Itabaiana,11050
31836,SE,MONTE ALEGRE DE SERGIPE,2804201,280006,Nossa Senhora da Glória,2802,Itabaiana,14336
31852,SE,MURIBECA,2804300,280003,Propriá,2801,Aracaju,7822
31879,SE,NEÓPOLIS,2804409,280003,Propriá,2801,Aracaju,16426
31356,SE,NOSSA SENHORA APARECIDA,2804458,280004,Itabaiana,2802,Itabaiana,9232
31895,SE,NOSSA SENHORA DA GLÓRIA,2804508,280006,Nossa Senhora da Glória,2802,Itabaiana,41212
31917,SE,NOSSA SENHORA DAS DORES,2804607,280001,Aracaju,2801,Aracaju,24996
31933,SE,NOSSA SENHORA DE LOURDES,2804706,280003,Propriá,2801,Aracaju,6268
31950,SE,NOSSA SENHORA DO SOCORRO,2804805,280001,Aracaju,2801,Aracaju,192330
31976,SE,PACATUBA,2804904,280003,Propriá,2801,Aracaju,12502
31992,SE,PEDRA MOLE,2805000,280004,Itabaiana,2802,Itabaiana,2778
32018,SE,PEDRINHAS,2805109,280002,Estância,2801,Aracaju,7396
32034,SE,PINHÃO,2805208,280004,Itabaiana,2802,Itabaiana,5677
32050,SE,PIRAMBU,2805307,280001,Aracaju,2801,Aracaju,7913
32115,SE,PORTO DA FOLHA,2805604,280006,Nossa Senhora da Glória,2802,Itabaiana,26576
32077,SE,POÇO REDONDO,2805406,280006,Nossa Senhora da Glória,2802,Itabaiana,33439
32093,SE,POÇO VERDE,2805505,280005,Lagarto,2802,Itabaiana,21794
32131,SE,PROPRIÁ,2805703,280003,Propriá,2801,Aracaju,26618
32174,SE,RIACHUELO,2805901,280001,Aracaju,2801,Aracaju,8748
32158,SE,RIACHÃO DO DANTAS,2805802,280005,Lagarto,2802,Itabaiana,18313
32190,SE,RIBEIRÓPOLIS,2806008,280004,Itabaiana,2802,Itabaiana,17033
32212,SE,ROSÁRIO DO CATETE,2806107,280001,Aracaju,2801,Aracaju,9295
32239,SE,SALGADO,2806206,280005,Lagarto,2802,Itabaiana,20279
32255,SE,SANTA LUZIA DO ITANHY,2806305,280002,Estância,2801,Aracaju,13616
32298,SE,SANTA ROSA DE LIMA,2806503,280001,Aracaju,2801,Aracaju,3937
31003,SE,SANTANA DO SÃO FRANCISCO,2806404,280003,Propriá,2801,Aracaju,7346
32310,SE,SANTO AMARO DAS BROTAS,2806602,280001,Aracaju,2801,Aracaju,11092
32417,SE,SIMÃO DIAS,2807105,280005,Lagarto,2802,Itabaiana,42578
32433,SE,SIRIRI,2807204,280001,Aracaju,2801,Aracaju,7834
32336,SE,SÃO CRISTÓVÃO,2806701,280001,Aracaju,2801,Aracaju,95612
32352,SE,SÃO DOMINGOS,2806800,280004,Itabaiana,2802,Itabaiana,10327
32379,SE,SÃO FRANCISCO,2806909,280003,Propriá,2801,Aracaju,3243
32395,SE,SÃO MIGUEL DO ALEIXO,2807006,280004,Itabaiana,2802,Itabaiana,3434
32450,SE,TELHA,2807303,280003,Propriá,2801,Aracaju,3274
32476,SE,TOBIAS BARRETO,2807402,280005,Lagarto,2802,Itabaiana,50905
32492,SE,TOMAR DO GERU,2807501,280002,Estância,2801,Aracaju,12012
32514,SE,UMBAÚBA,2807600,280002,Estância,2801,Aracaju,23917
61018,SP,ADAMANTINA,3500105,350019,Adamantina - Lucélia,3505,Presidente Prudente,34687
61034,SP,ADOLFO,3500204,350025,São José do Rio Preto,3507,São José do Rio Preto,4351
61050,SP,AGUAÍ,3500303,350044,São João da Boa Vista,3510,Campinas,32072
61131,SP,AGUDOS,3500709,350009,Bauru,3503,Bauru,37680
61581,SP,ALAMBARI,3500758,350006,Itapetininga,3502,Sorocaba,6141
61158,SP,ALFREDO MARCONDES,3500808,350018,Presidente Prudente,3505,Presidente Prudente,4445
61174,SP,ALTAIR,3500907,350025,São José do Rio Preto,3507,São José do Rio Preto,3451
61190,SP,ALTINÓPOLIS,3501004,350031,Ribeirão Preto,3508,Ribeirão Preto,16818
61212,SP,ALTO ALEGRE,3501103,350023,Birigui - Penápolis,3506,Araçatuba,3841
61220,SP,ALUMÍNIO,3501152,350003,Sorocaba,3502,Sorocaba,17301
61298,SP,ALVINLÂNDIA,3501509,350013,Marília,3504,Marília,2885
61310,SP,AMERICANA,3501608,350038,Campinas,3510,Campinas,237240
61379,SP,AMPARO,3501905,350048,Amparo,3510,Campinas,68008
61336,SP,AMÉRICO BRASILIENSE,3501707,350036,Araraquara,3509,Araraquara,33019
61352,SP,AMÉRICO DE CAMPOS,3501806,350027,Votuporanga,3507,São José do Rio Preto,5870
61395,SP,ANALÂNDIA,3502002,350046,Rio Claro,3510,Campinas,4589
61417,SP,ANDRADINA,3502101,350024,Andradina,3506,Araçatuba,59783
61433,SP,ANGATUBA,3502200,350006,Itapetininga,3502,Sorocaba,24022
61450,SP,ANHEMBI,3502309,350011,Botucatu,3503,Bauru,5674
61476,SP,ANHUMAS,3502408,350018,Presidente Prudente,3505,Presidente Prudente,4023
61492,SP,APARECIDA,3502507,350052,Guaratinguetá,3511,São José dos Campos,32569
61514,SP,APARECIDA D'OESTE,3502606,350028,Jales,3507,São José do Rio Preto,4086
61530,SP,APIAÍ,3502705,350004,Itapeva,3502,Sorocaba,24585
61590,SP,ARAMINA,3503000,350035,Ituverava,3508,Ribeirão Preto,5420
61611,SP,ARANDU,3503109,350007,Avaré,3502,Sorocaba,6885
61646,SP,ARAPEÍ,3503158,350053,Cruzeiro,3511,São José dos Campos,2330
61638,SP,ARARAQUARA,3503208,350036,Araraquara,3509,Araraquara,242228
61654,SP,ARARAS,3503307,350045,Araras,3510,Campinas,130866
61263,SP,ARAÇARIGUAMA,3502754,350003,Sorocaba,3502,Sorocaba,21522
61557,SP,ARAÇATUBA,3502804,350022,Araçatuba,3506,Araçatuba,200124
61573,SP,ARAÇOIABA DA SERRA,3502903,350003,Sorocaba,3502,Sorocaba,32443
62065,SP,ARCO-ÍRIS,3503356,350016,Tupã,3504,Marília,2044
61670,SP,AREALVA,3503406,350009,Bauru,3503,Bauru,8130
61697,SP,AREIAS,3503505,350053,Cruzeiro,3511,São José dos Campos,3577
61719,SP,AREIÓPOLIS,3503604,350011,Botucatu,3503,Bauru,10130
61735,SP,ARIRANHA,3503703,350026,Catanduva,3507,São José do Rio Preto,7602
61751,SP,ARTUR NOGUEIRA,3503802,350038,Campinas,3510,Campinas,51456
61778,SP,ARUJÁ,3503901,350001,São Paulo,3501,São Paulo,86678
61522,SP,ASPÁSIA,3503950,350028,Jales,3507,São José do Rio Preto,1842
61794,SP,ASSIS,3504008,350014,Assis,3504,Marília,101409
61816,SP,ATIBAIA,3504107,350041,Bragança Paulista,3510,Campinas,158647
61832,SP,AURIFLAMA,3504206,350022,Araçatuba,3506,Araçatuba,13692
61875,SP,AVANHANDAVA,3504404,350023,Birigui - Penápolis,3506,Araçatuba,11263
61891,SP,AVARÉ,3504503,350007,Avaré,3502,Sorocaba,92805
61859,SP,AVAÍ,3504305,350009,Bauru,3503,Bauru,4483
61913,SP,BADY BASSITT,3504602,350025,São José do Rio Preto,3507,São José do Rio Preto,27260
61930,SP,BALBINOS,3504701,350009,Bauru,3503,Bauru,3887
61972,SP,BANANAL,3504909,350053,Cruzeiro,3511,São José dos Campos,9969
61999,SP,BARBOSA,3505104,350023,Birigui - Penápolis,3506,Araçatuba,5640
62030,SP,BARIRI,3505203,350010,Jaú,3503,Bauru,31595
62057,SP,BARRA BONITA,3505302,350010,Jaú,3503,Bauru,34346
61360,SP,BARRA DO CHAPÉU,3505351,350004,Itapeva,3502,Sorocaba,5179
62073,SP,BARRA DO TURVO,3505401,350005,Registro,3502,Sorocaba,6876
62090,SP,BARRETOS,3505500,350032,Barretos,3508,Ribeirão Preto,122485
62111,SP,BARRINHA,3505609,350031,Ribeirão Preto,3508,Ribeirão Preto,32092
62138,SP,BARUERI,3505708,350001,São Paulo,3501,São Paulo,316473
62014,SP,BARÃO DE ANTONINA,3505005,350004,Itapeva,3502,Sorocaba,3531
62154,SP,BASTOS,3505807,350016,Tupã,3504,Marília,21503
62170,SP,BATATAIS,3505906,350031,Ribeirão Preto,3508,Ribeirão Preto,58402
62197,SP,BAURU,3506003,350009,Bauru,3503,Bauru,379146
62219,SP,BEBEDOURO,3506102,350032,Barretos,3508,Ribeirão Preto,76373
62235,SP,BENTO DE ABREU,3506201,350022,Araçatuba,3506,Araçatuba,2606
62251,SP,BERNARDINO DE CAMPOS,3506300,350015,Ourinhos,3504,Marília,11607
61280,SP,BERTIOGA,3506359,350002,Santos,3501,São Paulo,64188
62278,SP,BILAC,3506409,350023,Birigui - Penápolis,3506,Araçatuba,7319
62294,SP,BIRIGUI,3506508,350023,Birigui - Penápolis,3506,Araçatuba,118979
62316,SP,BIRITIBA MIRIM,3506607,350001,São Paulo,3501,São Paulo,29683
62332,SP,BOA ESPERANÇA DO SUL,3506706,350036,Araraquara,3509,Araraquara,12978
62359,SP,BOCAINA,3506805,350010,Jaú,3503,Bauru,11259
62375,SP,BOFETE,3506904,350011,Botucatu,3503,Bauru,10460
62391,SP,BOITUVA,3507001,350003,Sorocaba,3502,Sorocaba,61081
62413,SP,BOM JESUS DOS PERDÕES,3507100,350041,Bragança Paulista,3510,Campinas,22006
61786,SP,BOM SUCESSO DE ITARARÉ,3507159,350004,Itapeva,3502,Sorocaba,3555
62456,SP,BORACÉIA,3507308,350010,Jaú,3503,Bauru,4715
62472,SP,BORBOREMA,3507407,350036,Araraquara,3509,Araraquara,14226
61026,SP,BOREBI,3507456,350009,Bauru,3503,Bauru,2713
62430,SP,BORÁ,3507209,350014,Assis,3504,Marília,907
62499,SP,BOTUCATU,3507506,350011,Botucatu,3503,Bauru,145155
62510,SP,BRAGANÇA PAULISTA,3507605,350041,Bragança Paulista,3510,Campinas,176811
62553,SP,BRAÚNA,3507704,350023,Birigui - Penápolis,3506,Araçatuba,5356
62081,SP,BREJO ALEGRE,3507753,350023,Birigui - Penápolis,3506,Araçatuba,2565
62570,SP,BRODOWSKI,3507803,350031,Ribeirão Preto,3508,Ribeirão Preto,25201
62596,SP,BROTAS,3507902,350010,Jaú,3503,Bauru,23898
62618,SP,BURI,3508009,350004,Itapeva,3502,Sorocaba,20250
62634,SP,BURITAMA,3508108,350023,Birigui - Penápolis,3506,Araçatuba,17210
62650,SP,BURITIZAL,3508207,350035,Ituverava,3508,Ribeirão Preto,4356
61956,SP,BÁLSAMO,3504800,350025,São José do Rio Preto,3507,São José do Rio Preto,9596
62693,SP,CABREÚVA,3508405,350039,Jundiaí,3510,Campinas,47011
62677,SP,CABRÁLIA PAULISTA,3508306,350009,Bauru,3503,Bauru,4299
62731,SP,CACHOEIRA PAULISTA,3508603,350053,Cruzeiro,3511,São José dos Campos,31564
62758,SP,CACONDE,3508702,350047,São José do Rio Pardo - Mococa,3510,Campinas,17101
62774,SP,CAFELÂNDIA,3508801,350012,Lins,3503,Bauru,16654
62790,SP,CAIABU,3508900,350018,Presidente Prudente,3505,Presidente Prudente,3712
62812,SP,CAIEIRAS,3509007,350001,São Paulo,3501,São Paulo,95032
62839,SP,CAIUÁ,3509106,350021,Presidente Epitácio-Presidente Venceslau,3505,Presidente Prudente,5466
62855,SP,CAJAMAR,3509205,350001,São Paulo,3501,São Paulo,92689
61484,SP,CAJATI,3509254,350005,Registro,3502,Sorocaba,28515
62871,SP,CAJOBI,3509304,350032,Barretos,3508,Ribeirão Preto,9133
62898,SP,CAJURU,3509403,350031,Ribeirão Preto,3508,Ribeirão Preto,23830
61506,SP,CAMPINA DO MONTE ALEGRE,3509452,350006,Itapetininga,3502,Sorocaba,5954
62910,SP,CAMPINAS,3509502,350038,Campinas,3510,Campinas,1139047
62936,SP,CAMPO LIMPO PAULISTA,3509601,350039,Jundiaí,3510,Campinas,77632
62952,SP,CAMPOS DO JORDÃO,3509700,350050,Taubaté - Pindamonhangaba,3511,São José dos Campos,46974
62979,SP,CAMPOS NOVOS PAULISTA,3509809,350013,Marília,3504,Marília,4888
62995,SP,CANANÉIA,3509908,350005,Registro,3502,Sorocaba,12289
62103,SP,CANAS,3509957,350052,Guaratinguetá,3511,São José dos Campos,4931
61344,SP,CANITAR,3510153,350015,Ourinhos,3504,Marília,6283
63070,SP,CAPELA DO ALTO,3510302,350003,Sorocaba,3502,Sorocaba,22866
63096,SP,CAPIVARI,3510401,350040,Piracicaba,3510,Campinas,50068
63053,SP,CAPÃO BONITO,3510203,350004,Itapeva,3502,Sorocaba,46337
63118,SP,CARAGUATATUBA,3510500,350051,Caraguatatuba - Ubatuba - São Sebastião,3511,São José dos Campos,134873
63134,SP,CARAPICUÍBA,3510609,350001,São Paulo,3501,São Paulo,386984
63150,SP,CARDOSO,3510708,350027,Votuporanga,3507,São José do Rio Preto,11345
63177,SP,CASA BRANCA,3510807,350044,São João da Boa Vista,3510,Campinas,28083
63215,SP,CASTILHO,3511003,350024,Andradina,3506,Araçatuba,19977
63231,SP,CATANDUVA,3511102,350026,Catanduva,3507,São José do Rio Preto,115791
63258,SP,CATIGUÁ,3511201,350026,Catanduva,3507,São José do Rio Preto,7003
62715,SP,CAÇAPAVA,3508504,350049,São José dos Campos,3511,São José dos Campos,96202
63274,SP,CEDRAL,3511300,350025,São José do Rio Preto,3507,São José do Rio Preto,12618
63290,SP,CERQUEIRA CÉSAR,3511409,350007,Avaré,3502,Sorocaba,21469
63312,SP,CERQUILHO,3511508,350003,Sorocaba,3502,Sorocaba,44695
63339,SP,CESÁRIO LANGE,3511607,350008,Tatuí,3502,Sorocaba,19048
63355,SP,CHARQUEADA,3511706,350040,Piracicaba,3510,Campinas,15535
63371,SP,CHAVANTES,3557204,350015,Ourinhos,3504,Marília,12211
63398,SP,CLEMENTINA,3511904,350023,Birigui - Penápolis,3506,Araçatuba,6982
63410,SP,COLINA,3512001,350032,Barretos,3508,Ribeirão Preto,18486
63436,SP,COLÔMBIA,3512100,350032,Barretos,3508,Ribeirão Preto,6629
63452,SP,CONCHAL,3512209,350045,Araras,3510,Campinas,28101
63479,SP,CONCHAS,3512308,350011,Botucatu,3503,Bauru,15232
63495,SP,CORDEIRÓPOLIS,3512407,350042,Limeira,3510,Campinas,24514
63517,SP,COROADOS,3512506,350023,Birigui - Penápolis,3506,Araçatuba,5400
63533,SP,CORONEL MACEDO,3512605,350007,Avaré,3502,Sorocaba,4280
63550,SP,CORUMBATAÍ,3512704,350046,Rio Claro,3510,Campinas,4195
63592,SP,COSMORAMA,3512902,350027,Votuporanga,3507,São José do Rio Preto,8719
63576,SP,COSMÓPOLIS,3512803,350038,Campinas,3510,Campinas,59773
63614,SP,COTIA,3513009,350001,São Paulo,3501,São Paulo,274413
63630,SP,CRAVINHOS,3513108,350031,Ribeirão Preto,3508,Ribeirão Preto,33281
63657,SP,CRISTAIS PAULISTA,3513207,350033,Franca,3508,Ribeirão Preto,9272
63690,SP,CRUZEIRO,3513405,350053,Cruzeiro,3511,São José dos Campos,74961
63673,SP,CRUZÁLIA,3513306,350014,Assis,3504,Marília,2108
63711,SP,CUBATÃO,3513504,350002,Santos,3501,São Paulo,112476
63738,SP,CUNHA,3513603,350052,Guaratinguetá,3511,São José dos Campos,22110
63193,SP,CÁSSIA DOS COQUEIROS,3510906,350031,Ribeirão Preto,3508,Ribeirão Preto,2799
63010,SP,CÂNDIDO MOTA,3510005,350014,Assis,3504,Marília,29449
63037,SP,CÂNDIDO RODRIGUES,3510104,350036,Araraquara,3509,Araraquara,2889
63754,SP,DESCALVADO,3513702,350037,São Carlos,3509,Araraquara,31756
63770,SP,DIADEMA,3513801,350001,São Paulo,3501,São Paulo,393237
61123,SP,DIRCE REIS,3513850,350028,Jales,3507,São José do Rio Preto,1620
63797,SP,DIVINOLÂNDIA,3513900,350047,São José do Rio Pardo - Mococa,3510,Campinas,11158
63819,SP,DOBRADA,3514007,350036,Araraquara,3509,Araraquara,8759
63835,SP,DOIS CÓRREGOS,3514106,350010,Jaú,3503,Bauru,24510
63851,SP,DOLCINÓPOLIS,3514205,350028,Jales,3507,São José do Rio Preto,2207
63878,SP,DOURADO,3514304,350037,São Carlos,3509,Araraquara,8096
63894,SP,DRACENA,3514403,350020,Dracena,3505,Presidente Prudente,45474
63916,SP,DUARTINA,3514502,350009,Bauru,3503,Bauru,12328
63932,SP,DUMONT,3514601,350031,Ribeirão Preto,3508,Ribeirão Preto,9471
63959,SP,ECHAPORÃ,3514700,350013,Marília,3504,Marília,6205
63975,SP,ELDORADO,3514809,350005,Registro,3502,Sorocaba,13069
63991,SP,ELIAS FAUSTO,3514908,350038,Campinas,3510,Campinas,17699
61760,SP,ELISIÁRIO,3514924,350026,Catanduva,3507,São José do Rio Preto,3138
61182,SP,EMBAÚBA,3514957,350026,Catanduva,3507,São José do Rio Preto,2323
64017,SP,EMBU DAS ARTES,3515004,350001,São Paulo,3501,São Paulo,250691
64033,SP,EMBU-GUAÇU,3515103,350001,São Paulo,3501,São Paulo,66970
61387,SP,EMILIANÓPOLIS,3515129,350018,Presidente Prudente,3505,Presidente Prudente,3014
61689,SP,ENGENHEIRO COELHO,3515152,350042,Limeira,3510,Campinas,19566
68659,SP,ESPÍRITO SANTO DO PINHAL,3515186,350044,São João da Boa Vista,3510,Campinas,39816
61140,SP,ESPÍRITO SANTO DO TURVO,3515194,350015,Ourinhos,3504,Marília,4157
61662,SP,ESTIVA GERBI,3557303,350043,Mogi Guaçu,3510,Campinas,11295
64050,SP,ESTRELA D'OESTE,3515202,350029,Fernandópolis,3507,São José do Rio Preto,9417
64076,SP,ESTRELA DO NORTE,3515301,350018,Presidente Prudente,3505,Presidente Prudente,2703
61000,SP,EUCLIDES DA CUNHA PAULISTA,3515350,350018,Presidente Prudente,3505,Presidente Prudente,7924
64092,SP,FARTURA,3515400,350017,Piraju,3504,Marília,16641
64130,SP,FERNANDO PRESTES,3515608,350026,Catanduva,3507,São José do Rio Preto,5942
64114,SP,FERNANDÓPOLIS,3515509,350029,Fernandópolis,3507,São José do Rio Preto,71186
62286,SP,FERNÃO,3515657,350013,Marília,3504,Marília,1656
64157,SP,FERRAZ DE VASCONCELOS,3515707,350001,São Paulo,3501,São Paulo,179198
64173,SP,FLORA RICA,3515806,350020,Dracena,3505,Presidente Prudente,1487
64190,SP,FLOREAL,3515905,350027,Votuporanga,3507,São José do Rio Preto,2733
64238,SP,FLORÍNEA,3516101,350014,Assis,3504,Marília,3851
64211,SP,FLÓRIDA PAULISTA,3516002,350019,Adamantina - Lucélia,3505,Presidente Prudente,12958
64254,SP,FRANCA,3516200,350033,Franca,3508,Ribeirão Preto,352536
64270,SP,FRANCISCO MORATO,3516309,350001,São Paulo,3501,São Paulo,165139
64297,SP,FRANCO DA ROCHA,3516408,350001,São Paulo,3501,São Paulo,144849
64319,SP,GABRIEL MONTEIRO,3516507,350023,Birigui - Penápolis,3506,Araçatuba,2763
64351,SP,GARÇA,3516705,350013,Marília,3504,Marília,42110
64378,SP,GASTÃO VIDIGAL,3516804,350022,Araçatuba,3506,Araçatuba,3252
62308,SP,GAVIÃO PEIXOTO,3516853,350036,Araraquara,3509,Araraquara,4702
64394,SP,GENERAL SALGADO,3516903,350022,Araçatuba,3506,Araçatuba,10312
64416,SP,GETULINA,3517000,350013,Marília,3504,Marília,10232
64432,SP,GLICÉRIO,3517109,350023,Birigui - Penápolis,3506,Araçatuba,4138
64475,SP,GUAIMBÉ,3517307,350013,Marília,3504,Marília,5512
64459,SP,GUAIÇARA,3517208,350012,Lins,3503,Bauru,11239
64530,SP,GUAPIARA,3517604,350004,Itapeva,3502,Sorocaba,17071
64513,SP,GUAPIAÇU,3517505,350025,São José do Rio Preto,3507,São José do Rio Preto,21711
64599,SP,GUARACI,3517901,350032,Barretos,3508,Ribeirão Preto,10350
64610,SP,GUARANI D'OESTE,3518008,350029,Fernandópolis,3507,São José do Rio Preto,1968
64637,SP,GUARANTÃ,3518107,350012,Lins,3503,Bauru,6427
64653,SP,GUARARAPES,3518206,350022,Araçatuba,3506,Araçatuba,31043
64670,SP,GUARAREMA,3518305,350001,São Paulo,3501,São Paulo,31236
64696,SP,GUARATINGUETÁ,3518404,350052,Guaratinguetá,3511,São José dos Campos,118044
64572,SP,GUARAÇAÍ,3517802,350024,Andradina,3506,Araçatuba,7441
64718,SP,GUAREÍ,3518503,350006,Itapetininga,3502,Sorocaba,15013
64734,SP,GUARIBA,3518602,350031,Ribeirão Preto,3508,Ribeirão Preto,37498
64750,SP,GUARUJÁ,3518701,350002,Santos,3501,São Paulo,287634
64777,SP,GUARULHOS,3518800,350001,São Paulo,3501,São Paulo,1291771
64556,SP,GUARÁ,3517703,350035,Ituverava,3508,Ribeirão Preto,18606
61107,SP,GUATAPARÁ,3518859,350031,Ribeirão Preto,3508,Ribeirão Preto,7320
64491,SP,GUAÍRA,3517406,350032,Barretos,3508,Ribeirão Preto,39279
64793,SP,GUZOLÂNDIA,3518909,350022,Araçatuba,3506,Araçatuba,4246
64335,SP,GÁLIA,3516606,350013,Marília,3504,Marília,6380
64815,SP,HERCULÂNDIA,3519006,350016,Tupã,3504,Marília,9125
61743,SP,HOLAMBRA,3519055,350038,Campinas,3510,Campinas,15094
61727,SP,HORTOLÂNDIA,3519071,350038,Campinas,3510,Campinas,236641
64831,SP,IACANGA,3519105,350009,Bauru,3503,Bauru,10437
64858,SP,IACRI,3519204,350016,Tupã,3504,Marília,6131
61085,SP,IARAS,3519253,350007,Avaré,3502,Sorocaba,8010
64874,SP,IBATÉ,3519303,350037,São Carlos,3509,Araraquara,32178
64912,SP,IBIRAREMA,3519501,350015,Ourinhos,3504,Marília,6385
64890,SP,IBIRÁ,3519402,350025,São José do Rio Preto,3507,São José do Rio Preto,11690
64939,SP,IBITINGA,3519600,350036,Araraquara,3509,Araraquara,60033
64955,SP,IBIÚNA,3519709,350003,Sorocaba,3502,Sorocaba,75605
64971,SP,ICÉM,3519808,350025,São José do Rio Preto,3507,São José do Rio Preto,7819
64998,SP,IEPÊ,3519907,350018,Presidente Prudente,3505,Presidente Prudente,7619
65030,SP,IGARAPAVA,3520103,350035,Ituverava,3508,Ribeirão Preto,26212
65056,SP,IGARATÁ,3520202,350049,São José dos Campos,3511,São José dos Campos,10605
65013,SP,IGARAÇU DO TIETÊ,3520004,350010,Jaú,3503,Bauru,23106
65072,SP,IGUAPE,3520301,350005,Registro,3502,Sorocaba,29115
62006,SP,ILHA COMPRIDA,3520426,350005,Registro,3502,Sorocaba,13419
61204,SP,ILHA SOLTEIRA,3520442,350024,Andradina,3506,Araçatuba,25549
65099,SP,ILHABELA,3520400,350051,Caraguatatuba - Ubatuba - São Sebastião,3511,São José dos Campos,34934
65110,SP,INDAIATUBA,3520509,350038,Campinas,3510,Campinas,255748
65137,SP,INDIANA,3520608,350018,Presidente Prudente,3505,Presidente Prudente,5090
65153,SP,INDIAPORÃ,3520707,350029,Fernandópolis,3507,São José do Rio Preto,4035
65170,SP,INÚBIA PAULISTA,3520806,350019,Adamantina - Lucélia,3505,Presidente Prudente,3615
65196,SP,IPAUSSU,3520905,350015,Ourinhos,3504,Marília,13712
65218,SP,IPERÓ,3521002,350003,Sorocaba,3502,Sorocaba,36459
65234,SP,IPEÚNA,3521101,350046,Rio Claro,3510,Campinas,6831
62243,SP,IPIGUÁ,3521150,350025,São José do Rio Preto,3507,São José do Rio Preto,6761
65250,SP,IPORANGA,3521200,350005,Registro,3502,Sorocaba,4046
65277,SP,IPUÃ,3521309,350034,São Joaquim da Barra ¿ Orlândia,3508,Ribeirão Preto,14454
65293,SP,IRACEMÁPOLIS,3521408,350042,Limeira,3510,Campinas,21967
65331,SP,IRAPURU,3521606,350020,Dracena,3505,Presidente Prudente,7085
65315,SP,IRAPUÃ,3521507,350025,São José do Rio Preto,3507,São José do Rio Preto,6867
65358,SP,ITABERÁ,3521705,350004,Itapeva,3502,Sorocaba,17983
65390,SP,ITAJOBI,3521903,350026,Catanduva,3507,São José do Rio Preto,16989
65412,SP,ITAJU,3522000,350010,Jaú,3503,Bauru,3618
65439,SP,ITANHAÉM,3522109,350002,Santos,3501,São Paulo,112476
61603,SP,ITAOCA,3522158,350004,Itapeva,3502,Sorocaba,3422
65455,SP,ITAPECERICA DA SERRA,3522208,350001,São Paulo,3501,São Paulo,158522
65471,SP,ITAPETININGA,3522307,350006,Itapetininga,3502,Sorocaba,157790
65498,SP,ITAPEVA,3522406,350004,Itapeva,3502,Sorocaba,89728
65510,SP,ITAPEVI,3522505,350001,São Paulo,3501,São Paulo,232297
65536,SP,ITAPIRA,3522604,350043,Mogi Guaçu,3510,Campinas,72022
61948,SP,ITAPIRAPUÃ PAULISTA,3522653,350004,Itapeva,3502,Sorocaba,4306
65579,SP,ITAPORANGA,3522802,350004,Itapeva,3502,Sorocaba,14085
65617,SP,ITAPURA,3523008,350024,Andradina,3506,Araçatuba,3979
65595,SP,ITAPUÍ,3522901,350010,Jaú,3503,Bauru,13659
65633,SP,ITAQUAQUECETUBA,3523107,350001,São Paulo,3501,São Paulo,369275
65650,SP,ITARARÉ,3523206,350004,Itapeva,3502,Sorocaba,44438
65676,SP,ITARIRI,3523305,350002,Santos,3501,São Paulo,15528
65692,SP,ITATIBA,3523404,350039,Jundiaí,3510,Campinas,121590
65714,SP,ITATINGA,3523503,350011,Botucatu,3503,Bauru,19070
65374,SP,ITAÍ,3521804,350007,Avaré,3502,Sorocaba,25180
65730,SP,ITIRAPINA,3523602,350037,São Carlos,3509,Araraquara,16148
65757,SP,ITIRAPUÃ,3523701,350033,Franca,3508,Ribeirão Preto,5779
65773,SP,ITOBI,3523800,350047,São José do Rio Pardo - Mococa,3510,Campinas,8046
65790,SP,ITU,3523909,350003,Sorocaba,3502,Sorocaba,168240
65811,SP,ITUPEVA,3524006,350039,Jundiaí,3510,Campinas,70616
65838,SP,ITUVERAVA,3524105,350035,Ituverava,3508,Ribeirão Preto,37571
65552,SP,ITÁPOLIS,3522703,350036,Araraquara,3509,Araraquara,39493
65854,SP,JABORANDI,3524204,350032,Barretos,3508,Ribeirão Preto,6221
65870,SP,JABOTICABAL,3524303,350031,Ribeirão Preto,3508,Ribeirão Preto,71821
65897,SP,JACAREÍ,3524402,350049,São José dos Campos,3511,São José dos Campos,240275
65919,SP,JACI,3524501,350025,São José do Rio Preto,3507,São José do Rio Preto,7613
65935,SP,JACUPIRANGA,3524600,350005,Registro,3502,Sorocaba,16097
65951,SP,JAGUARIÚNA,3524709,350038,Campinas,3510,Campinas,59347
65978,SP,JALES,3524808,350028,Jales,3507,São José do Rio Preto,48776
65994,SP,JAMBEIRO,3524907,350049,São José dos Campos,3511,São José dos Campos,6397
66010,SP,JANDIRA,3525003,350001,São Paulo,3501,São Paulo,118045
66036,SP,JARDINÓPOLIS,3525102,350031,Ribeirão Preto,3508,Ribeirão Preto,45282
66052,SP,JARINU,3525201,350039,Jundiaí,3510,Campinas,37535
66079,SP,JAÚ,3525300,350010,Jaú,3503,Bauru,133497
66095,SP,JERIQUARA,3525409,350033,Franca,3508,Ribeirão Preto,3863
66117,SP,JOANÓPOLIS,3525508,350041,Bragança Paulista,3510,Campinas,12815
66150,SP,JOSÉ BONIFÁCIO,3525706,350025,São José do Rio Preto,3507,São José do Rio Preto,36633
66133,SP,JOÃO RAMALHO,3525607,350018,Presidente Prudente,3505,Presidente Prudente,4371
62324,SP,JUMIRIM,3525854,350003,Sorocaba,3502,Sorocaba,3056
66192,SP,JUNDIAÍ,3525904,350039,Jundiaí,3510,Campinas,443221
66214,SP,JUNQUEIRÓPOLIS,3526001,350020,Dracena,3505,Presidente Prudente,20448
66257,SP,JUQUITIBA,3526209,350001,São Paulo,3501,São Paulo,27404
66230,SP,JUQUIÁ,3526100,350005,Registro,3502,Sorocaba,17154
66176,SP,JÚLIO MESQUITA,3525805,350013,Marília,3504,Marília,4254
66273,SP,LAGOINHA,3526308,350050,Taubaté - Pindamonhangaba,3511,São José dos Campos,5083
66290,SP,LARANJAL PAULISTA,3526407,350040,Piracicaba,3510,Campinas,26261
66338,SP,LAVRINHAS,3526605,350053,Cruzeiro,3511,São José dos Campos,7171
66311,SP,LAVÍNIA,3526506,350024,Andradina,3506,Araçatuba,9689
66354,SP,LEME,3526704,350045,Araras,3510,Campinas,98161
66370,SP,LENÇÓIS PAULISTA,3526803,350009,Bauru,3503,Bauru,66505
66397,SP,LIMEIRA,3526902,350042,Limeira,3510,Campinas,291869
66419,SP,LINDÓIA,3527009,350048,Amparo,3510,Campinas,7014
66435,SP,LINS,3527108,350012,Lins,3503,Bauru,74779
66451,SP,LORENA,3527207,350052,Guaratinguetá,3511,São José dos Campos,84855
62022,SP,LOURDES,3527256,350023,Birigui - Penápolis,3506,Araçatuba,1950
66478,SP,LOUVEIRA,3527306,350039,Jundiaí,3510,Campinas,51847
66516,SP,LUCIANÓPOLIS,3527504,350009,Bauru,3503,Bauru,2372
66494,SP,LUCÉLIA,3527405,350019,Adamantina - Lucélia,3505,Presidente Prudente,20061
66559,SP,LUIZIÂNIA,3527702,350023,Birigui - Penápolis,3506,Araçatuba,4701
66575,SP,LUPÉRCIO,3527801,350013,Marília,3504,Marília,3981
66591,SP,LUTÉCIA,3527900,350014,Assis,3504,Marília,2661
66532,SP,LUÍS ANTÔNIO,3527603,350031,Ribeirão Preto,3508,Ribeirão Preto,12265
66613,SP,MACATUBA,3528007,350009,Bauru,3503,Bauru,16829
66630,SP,MACAUBAL,3528106,350025,São José do Rio Preto,3507,São José do Rio Preto,7481
66656,SP,MACEDÔNIA,3528205,350029,Fernandópolis,3507,São José do Rio Preto,3963
66672,SP,MAGDA,3528304,350022,Araçatuba,3506,Araçatuba,3165
66699,SP,MAIRINQUE,3528403,350003,Sorocaba,3502,Sorocaba,50027
66710,SP,MAIRIPORÃ,3528502,350001,São Paulo,3501,São Paulo,93853
66737,SP,MANDURI,3528601,350007,Avaré,3502,Sorocaba,9871
66753,SP,MARABÁ PAULISTA,3528700,350021,Presidente Epitácio-Presidente Venceslau,3505,Presidente Prudente,4573
66770,SP,MARACAÍ,3528809,350014,Assis,3504,Marília,12673
61867,SP,MARAPOAMA,3528858,350026,Catanduva,3507,São José do Rio Preto,3292
66834,SP,MARINÓPOLIS,3529104,350028,Jales,3507,São José do Rio Preto,1860
66796,SP,MARIÁPOLIS,3528908,350019,Adamantina - Lucélia,3505,Presidente Prudente,3513
66850,SP,MARTINÓPOLIS,3529203,350018,Presidente Prudente,3505,Presidente Prudente,24881
66818,SP,MARÍLIA,3529005,350013,Marília,3504,Marília,237627
66877,SP,MATÃO,3529302,350036,Araraquara,3509,Araraquara,79033
66893,SP,MAUÁ,3529401,350001,São Paulo,3501,São Paulo,418261
66915,SP,MENDONÇA,3529500,350025,São José do Rio Preto,3507,São José do Rio Preto,6159
66931,SP,MERIDIANO,3529609,350029,Fernandópolis,3507,São José do Rio Preto,4572
61964,SP,MESÓPOLIS,3529658,350028,Jales,3507,São José do Rio Preto,1952
66958,SP,MIGUELÓPOLIS,3529708,350035,Ituverava,3508,Ribeirão Preto,19441
66974,SP,MINEIROS DO TIETÊ,3529807,350010,Jaú,3503,Bauru,11230
67016,SP,MIRA ESTRELA,3530003,350029,Fernandópolis,3507,São José do Rio Preto,3126
66990,SP,MIRACATU,3529906,350005,Registro,3502,Sorocaba,18553
67032,SP,MIRANDÓPOLIS,3530102,350024,Andradina,3506,Araçatuba,27983
67059,SP,MIRANTE DO PARANAPANEMA,3530201,350018,Presidente Prudente,3505,Presidente Prudente,15917
67075,SP,MIRASSOL,3530300,350025,São José do Rio Preto,3507,São José do Rio Preto,63337
67091,SP,MIRASSOLÂNDIA,3530409,350025,São José do Rio Preto,3507,São José do Rio Preto,4669
67113,SP,MOCOCA,3530508,350047,São José do Rio Pardo - Mococa,3510,Campinas,67681
67130,SP,MOGI DAS CRUZES,3530607,350001,São Paulo,3501,São Paulo,451505
67156,SP,MOGI GUAÇU,3530706,350043,Mogi Guaçu,3510,Campinas,153658
67172,SP,MOGI MIRIM,3530805,350043,Mogi Guaçu,3510,Campinas,92558
67199,SP,MOMBUCA,3530904,350040,Piracicaba,3510,Campinas,3722
67237,SP,MONGAGUÁ,3531100,350002,Santos,3501,São Paulo,61951
67253,SP,MONTE ALEGRE DO SUL,3531209,350048,Amparo,3510,Campinas,8627
67270,SP,MONTE ALTO,3531308,350031,Ribeirão Preto,3508,Ribeirão Preto,47574
67296,SP,MONTE APRAZÍVEL,3531407,350025,São José do Rio Preto,3507,São José do Rio Preto,22280
67318,SP,MONTE AZUL PAULISTA,3531506,350032,Barretos,3508,Ribeirão Preto,18151
67334,SP,MONTE CASTELO,3531605,350020,Dracena,3505,Presidente Prudente,4222
67377,SP,MONTE MOR,3531803,350038,Campinas,3510,Campinas,64662
67350,SP,MONTEIRO LOBATO,3531704,350049,São José dos Campos,3511,São José dos Campos,4138
67210,SP,MONÇÕES,3531001,350022,Araçatuba,3506,Araçatuba,1937
67393,SP,MORRO AGUDO,3531902,350034,São Joaquim da Barra ¿ Orlândia,3508,Ribeirão Preto,27933
67415,SP,MORUNGABA,3532009,350039,Jundiaí,3510,Campinas,13720
61069,SP,MOTUCA,3532058,350036,Araraquara,3509,Araraquara,4034
67431,SP,MURUTINGA DO SUL,3532108,350024,Andradina,3506,Araçatuba,3737
62340,SP,NANTES,3532157,350018,Presidente Prudente,3505,Presidente Prudente,2660
67458,SP,NARANDIBA,3532207,350018,Presidente Prudente,3505,Presidente Prudente,5713
67474,SP,NATIVIDADE DA SERRA,3532306,350050,Taubaté - Pindamonhangaba,3511,São José dos Campos,6999
67490,SP,NAZARÉ PAULISTA,3532405,350041,Bragança Paulista,3510,Campinas,18217
67512,SP,NEVES PAULISTA,3532504,350025,São José do Rio Preto,3507,São José do Rio Preto,9699
67539,SP,NHANDEARA,3532603,350027,Votuporanga,3507,São José do Rio Preto,9852
67555,SP,NIPOÃ,3532702,350025,São José do Rio Preto,3507,São José do Rio Preto,4750
67571,SP,NOVA ALIANÇA,3532801,350025,São José do Rio Preto,3507,São José do Rio Preto,6693
61980,SP,NOVA CAMPINA,3532827,350004,Itapeva,3502,Sorocaba,8497
61425,SP,NOVA CANAÃ PAULISTA,3532843,350030,Santa Fé do Sul,3507,São José do Rio Preto,2032
62367,SP,NOVA CASTILHO,3532868,350022,Araçatuba,3506,Araçatuba,1062
67598,SP,NOVA EUROPA,3532900,350036,Araraquara,3509,Araraquara,9311
67610,SP,NOVA GRANADA,3533007,350025,São José do Rio Preto,3507,São José do Rio Preto,19419
67636,SP,NOVA GUATAPORANGA,3533106,350020,Dracena,3505,Presidente Prudente,2156
67652,SP,NOVA INDEPENDÊNCIA,3533205,350024,Andradina,3506,Araçatuba,4609
67679,SP,NOVA LUZITÂNIA,3533304,350022,Araçatuba,3506,Araçatuba,2837
67695,SP,NOVA ODESSA,3533403,350038,Campinas,3510,Campinas,62019
61409,SP,NOVAIS,3533254,350026,Catanduva,3507,São José do Rio Preto,4412
67717,SP,NOVO HORIZONTE,3533502,350025,São José do Rio Preto,3507,São José do Rio Preto,38324
67733,SP,NUPORANGA,3533601,350034,São Joaquim da Barra ¿ Orlândia,3508,Ribeirão Preto,7391
67750,SP,OCAUÇU,3533700,350013,Marília,3504,Marília,4331
67792,SP,OLÍMPIA,3533908,350032,Barretos,3508,Ribeirão Preto,55074
67814,SP,ONDA VERDE,3534005,350025,São José do Rio Preto,3507,São José do Rio Preto,4771
67830,SP,ORIENTE,3534104,350013,Marília,3504,Marília,6085
67857,SP,ORINDIÚVA,3534203,350025,São José do Rio Preto,3507,São José do Rio Preto,6024
67873,SP,ORLÂNDIA,3534302,350034,São Joaquim da Barra ¿ Orlândia,3508,Ribeirão Preto,38319
67890,SP,OSASCO,3534401,350001,São Paulo,3501,São Paulo,728615
67911,SP,OSCAR BRESSANE,3534500,350013,Marília,3504,Marília,2470
67938,SP,OSVALDO CRUZ,3534609,350019,Adamantina - Lucélia,3505,Presidente Prudente,31272
67954,SP,OURINHOS,3534708,350015,Ourinhos,3504,Marília,103970
67970,SP,OURO VERDE,3534807,350020,Dracena,3505,Presidente Prudente,7779
62383,SP,OUROESTE,3534757,350029,Fernandópolis,3507,São José do Rio Preto,10294
67997,SP,PACAEMBU,3534906,350019,Adamantina - Lucélia,3505,Presidente Prudente,14877
68012,SP,PALESTINA,3535002,350025,São José do Rio Preto,3507,São José do Rio Preto,11476
68039,SP,PALMARES PAULISTA,3535101,350026,Catanduva,3507,São José do Rio Preto,9650
68055,SP,PALMEIRA D'OESTE,3535200,350028,Jales,3507,São José do Rio Preto,8903
68071,SP,PALMITAL,3535309,350014,Assis,3504,Marília,19594
68098,SP,PANORAMA,3535408,350020,Dracena,3505,Presidente Prudente,14964
68110,SP,PARAGUAÇU PAULISTA,3535507,350014,Assis,3504,Marília,41120
68136,SP,PARAIBUNA,3535606,350049,São José dos Campos,3511,São José dos Campos,17667
68179,SP,PARANAPANEMA,3535804,350007,Avaré,3502,Sorocaba,19395
68195,SP,PARANAPUÃ,3535903,350028,Jales,3507,São José do Rio Preto,4031
68217,SP,PARAPUÃ,3536000,350016,Tupã,3504,Marília,10580
68152,SP,PARAÍSO,3535705,350026,Catanduva,3507,São José do Rio Preto,6099
68233,SP,PARDINHO,3536109,350011,Botucatu,3503,Bauru,7153
68250,SP,PARIQUERA-AÇU,3536208,350005,Registro,3502,Sorocaba,19233
61824,SP,PARISI,3536257,350027,Votuporanga,3507,São José do Rio Preto,2892
68276,SP,PATROCÍNIO PAULISTA,3536307,350033,Franca,3508,Ribeirão Preto,14512
68292,SP,PAULICÉIA,3536406,350020,Dracena,3505,Presidente Prudente,7955
62405,SP,PAULISTÂNIA,3536570,350009,Bauru,3503,Bauru,2090
68330,SP,PAULO DE FARIA,3536604,350025,São José do Rio Preto,3507,São José do Rio Preto,7400
68314,SP,PAULÍNIA,3536505,350038,Campinas,3510,Campinas,110537
68357,SP,PEDERNEIRAS,3536703,350009,Bauru,3503,Bauru,44827
68373,SP,PEDRA BELA,3536802,350041,Bragança Paulista,3510,Campinas,6557
68390,SP,PEDRANÓPOLIS,3536901,350029,Fernandópolis,3507,São José do Rio Preto,2787
68411,SP,PEDREGULHO,3537008,350033,Franca,3508,Ribeirão Preto,15525
68438,SP,PEDREIRA,3537107,350038,Campinas,3510,Campinas,43112
61247,SP,PEDRINHAS PAULISTA,3537156,350014,Assis,3504,Marília,2804
68454,SP,PEDRO DE TOLEDO,3537206,350002,Santos,3501,São Paulo,11281
68470,SP,PENÁPOLIS,3537305,350023,Birigui - Penápolis,3506,Araçatuba,61679
68497,SP,PEREIRA BARRETO,3537404,350024,Andradina,3506,Araçatuba,24095
68519,SP,PEREIRAS,3537503,350008,Tatuí,3502,Sorocaba,8737
68535,SP,PERUÍBE,3537602,350002,Santos,3501,São Paulo,68352
68551,SP,PIACATU,3537701,350023,Birigui - Penápolis,3506,Araçatuba,5519
68578,SP,PIEDADE,3537800,350003,Sorocaba,3502,Sorocaba,52970
68594,SP,PILAR DO SUL,3537909,350003,Sorocaba,3502,Sorocaba,27619
68616,SP,PINDAMONHANGABA,3538006,350050,Taubaté - Pindamonhangaba,3511,São José dos Campos,165428
68632,SP,PINDORAMA,3538105,350026,Catanduva,3507,São José do Rio Preto,14542
68675,SP,PINHALZINHO,3538204,350041,Bragança Paulista,3510,Campinas,15224
68691,SP,PIQUEROBI,3538303,350021,Presidente Epitácio-Presidente Venceslau,3505,Presidente Prudente,3264
68713,SP,PIQUETE,3538501,350052,Guaratinguetá,3511,São José dos Campos,12490
68730,SP,PIRACAIA,3538600,350041,Bragança Paulista,3510,Campinas,26029
68756,SP,PIRACICABA,3538709,350040,Piracicaba,3510,Campinas,423323
68772,SP,PIRAJU,3538808,350017,Piraju,3504,Marília,29436
68799,SP,PIRAJUÍ,3538907,350009,Bauru,3503,Bauru,22431
68810,SP,PIRANGI,3539004,350026,Catanduva,3507,São José do Rio Preto,10885
68837,SP,PIRAPORA DO BOM JESUS,3539103,350001,São Paulo,3501,São Paulo,18370
68853,SP,PIRAPOZINHO,3539202,350018,Presidente Prudente,3505,Presidente Prudente,25348
68870,SP,PIRASSUNUNGA,3539301,350037,São Carlos,3509,Araraquara,73545
68896,SP,PIRATININGA,3539400,350009,Bauru,3503,Bauru,15108
68918,SP,PITANGUEIRAS,3539509,350031,Ribeirão Preto,3508,Ribeirão Preto,33674
68934,SP,PLANALTO,3539608,350025,São José do Rio Preto,3507,São José do Rio Preto,4389
68950,SP,PLATINA,3539707,350014,Assis,3504,Marília,3025
68993,SP,POLONI,3539905,350025,São José do Rio Preto,3507,São José do Rio Preto,5592
69019,SP,POMPÉIA,3540002,350013,Marília,3504,Marília,20196
69035,SP,PONGAÍ,3540101,350012,Lins,3503,Bauru,3395
69051,SP,PONTAL,3540200,350031,Ribeirão Preto,3508,Ribeirão Preto,37607
61808,SP,PONTALINDA,3540259,350028,Jales,3507,São José do Rio Preto,4127
69078,SP,PONTES GESTAL,3540309,350027,Votuporanga,3507,São José do Rio Preto,2387
69094,SP,POPULINA,3540408,350028,Jales,3507,São José do Rio Preto,4127
69116,SP,PORANGABA,3540507,350008,Tatuí,3502,Sorocaba,10451
69132,SP,PORTO FELIZ,3540606,350003,Sorocaba,3502,Sorocaba,56497
69159,SP,PORTO FERREIRA,3540705,350037,São Carlos,3509,Araraquara,52649
61565,SP,POTIM,3540754,350052,Guaratinguetá,3511,São José dos Campos,20392
69175,SP,POTIRENDABA,3540804,350025,São José do Rio Preto,3507,São José do Rio Preto,18496
68977,SP,POÁ,3539806,350001,São Paulo,3501,São Paulo,103765
62120,SP,PRACINHA,3540853,350019,Adamantina - Lucélia,3505,Presidente Prudente,2578
69191,SP,PRADÓPOLIS,3540903,350031,Ribeirão Preto,3508,Ribeirão Preto,17078
69213,SP,PRAIA GRANDE,3541000,350002,Santos,3501,São Paulo,349935
62146,SP,PRATÂNIA,3541059,350011,Botucatu,3503,Bauru,5126
69230,SP,PRESIDENTE ALVES,3541109,350009,Bauru,3503,Bauru,3804
69256,SP,PRESIDENTE BERNARDES,3541208,350018,Presidente Prudente,3505,Presidente Prudente,14490
69272,SP,PRESIDENTE EPITÁCIO,3541307,350021,Presidente Epitácio-Presidente Venceslau,3505,Presidente Prudente,39505
69299,SP,PRESIDENTE PRUDENTE,3541406,350018,Presidente Prudente,3505,Presidente Prudente,225668
69310,SP,PRESIDENTE VENCESLAU,3541505,350021,Presidente Epitácio-Presidente Venceslau,3505,Presidente Prudente,35201
69337,SP,PROMISSÃO,3541604,350012,Lins,3503,Bauru,35131
62162,SP,QUADRA,3541653,350008,Tatuí,3502,Sorocaba,3405
69353,SP,QUATÁ,3541703,350018,Presidente Prudente,3505,Presidente Prudente,13163
69370,SP,QUEIROZ,3541802,350016,Tupã,3504,Marília,3265
69396,SP,QUELUZ,3541901,350053,Cruzeiro,3511,São José dos Campos,9159
69418,SP,QUINTANA,3542008,350013,Marília,3504,Marília,7038
69434,SP,RAFARD,3542107,350040,Piracicaba,3510,Campinas,8965
69450,SP,RANCHARIA,3542206,350018,Presidente Prudente,3505,Presidente Prudente,28588
69477,SP,REDENÇÃO DA SERRA,3542305,350050,Taubaté - Pindamonhangaba,3511,São José dos Campos,4494
69493,SP,REGENTE FEIJÓ,3542404,350018,Presidente Prudente,3505,Presidente Prudente,20145
69515,SP,REGINÓPOLIS,3542503,350009,Bauru,3503,Bauru,7662
69531,SP,REGISTRO,3542602,350005,Registro,3502,Sorocaba,59947
69558,SP,RESTINGA,3542701,350033,Franca,3508,Ribeirão Preto,6404
69574,SP,RIBEIRA,3542800,350004,Itapeva,3502,Sorocaba,3132
69590,SP,RIBEIRÃO BONITO,3542909,350037,São Carlos,3509,Araraquara,10989
69612,SP,RIBEIRÃO BRANCO,3543006,350004,Itapeva,3502,Sorocaba,18627
69639,SP,RIBEIRÃO CORRENTE,3543105,350033,Franca,3508,Ribeirão Preto,4608
69655,SP,RIBEIRÃO DO SUL,3543204,350015,Ourinhos,3504,Marília,4677
62421,SP,RIBEIRÃO DOS ÍNDIOS,3543238,350018,Presidente Prudente,3505,Presidente Prudente,2025
61700,SP,RIBEIRÃO GRANDE,3543253,350004,Itapeva,3502,Sorocaba,7450
69671,SP,RIBEIRÃO PIRES,3543303,350001,São Paulo,3501,São Paulo,115559
69698,SP,RIBEIRÃO PRETO,3543402,350031,Ribeirão Preto,3508,Ribeirão Preto,698642
69736,SP,RIFAINA,3543600,350033,Franca,3508,Ribeirão Preto,4049
69752,SP,RINCÃO,3543709,350036,Araraquara,3509,Araraquara,9098
69779,SP,RINÓPOLIS,3543808,350016,Tupã,3504,Marília,9259
69795,SP,RIO CLARO,3543907,350046,Rio Claro,3510,Campinas,201418
69817,SP,RIO DAS PEDRAS,3544004,350040,Piracicaba,3510,Campinas,31328
69833,SP,RIO GRANDE DA SERRA,3544103,350001,São Paulo,3501,São Paulo,44170
69850,SP,RIOLÂNDIA,3544202,350027,Votuporanga,3507,São José do Rio Preto,10309
69710,SP,RIVERSUL,3543501,350004,Itapeva,3502,Sorocaba,5599
61166,SP,ROSANA,3544251,350018,Presidente Prudente,3505,Presidente Prudente,17440
69876,SP,ROSEIRA,3544301,350052,Guaratinguetá,3511,São José dos Campos,10832
69914,SP,RUBINÉIA,3544509,350030,Santa Fé do Sul,3507,São José do Rio Preto,3833
69892,SP,RUBIÁCEA,3544400,350022,Araçatuba,3506,Araçatuba,2700
69930,SP,SABINO,3544608,350012,Lins,3503,Bauru,5112
69957,SP,SAGRES,3544707,350019,Adamantina - Lucélia,3505,Presidente Prudente,2474
69973,SP,SALES,3544806,350025,São José do Rio Preto,3507,São José do Rio Preto,6437
69990,SP,SALES OLIVEIRA,3544905,350034,São Joaquim da Barra ¿ Orlândia,3508,Ribeirão Preto,11411
70017,SP,SALESÓPOLIS,3545001,350001,São Paulo,3501,São Paulo,15202
70033,SP,SALMOURÃO,3545100,350019,Adamantina - Lucélia,3505,Presidente Prudente,4808
61441,SP,SALTINHO,3545159,350040,Piracicaba,3510,Campinas,8161
70050,SP,SALTO,3545209,350003,Sorocaba,3502,Sorocaba,134319
70076,SP,SALTO DE PIRAPORA,3545308,350003,Sorocaba,3502,Sorocaba,43748
70092,SP,SALTO GRANDE,3545407,350015,Ourinhos,3504,Marília,9050
70114,SP,SANDOVALINA,3545506,350018,Presidente Prudente,3505,Presidente Prudente,3645
70130,SP,SANTA ADÉLIA,3545605,350026,Catanduva,3507,São José do Rio Preto,14018
70157,SP,SANTA ALBERTINA,3545704,350028,Jales,3507,São José do Rio Preto,6393
70211,SP,SANTA BRANCA,3546009,350049,São José dos Campos,3511,São José dos Campos,13975
70173,SP,SANTA BÁRBARA D'OESTE,3545803,350038,Campinas,3510,Campinas,183347
70238,SP,SANTA CLARA D'OESTE,3546108,350030,Santa Fé do Sul,3507,São José do Rio Preto,2598
70254,SP,SANTA CRUZ DA CONCEIÇÃO,3546207,350045,Araras,3510,Campinas,4277
62189,SP,SANTA CRUZ DA ESPERANÇA,3546256,350031,Ribeirão Preto,3508,Ribeirão Preto,2116
70270,SP,SANTA CRUZ DAS PALMEIRAS,3546306,350044,São João da Boa Vista,3510,Campinas,28864
70297,SP,SANTA CRUZ DO RIO PARDO,3546405,350015,Ourinhos,3504,Marília,46442
70319,SP,SANTA ERNESTINA,3546504,350031,Ribeirão Preto,3508,Ribeirão Preto,6118
70335,SP,SANTA FÉ DO SUL,3546603,350030,Santa Fé do Sul,3507,São José do Rio Preto,34794
70351,SP,SANTA GERTRUDES,3546702,350046,Rio Claro,3510,Campinas,23611
70378,SP,SANTA ISABEL,3546801,350001,São Paulo,3501,São Paulo,53174
70394,SP,SANTA LÚCIA,3546900,350036,Araraquara,3509,Araraquara,7149
70416,SP,SANTA MARIA DA SERRA,3547007,350040,Piracicaba,3510,Campinas,5243
70432,SP,SANTA MERCEDES,3547106,350020,Dracena,3505,Presidente Prudente,2956
70491,SP,SANTA RITA D'OESTE,3547403,350030,Santa Fé do Sul,3507,São José do Rio Preto,2733
70513,SP,SANTA RITA DO PASSA QUATRO,3547502,350037,São Carlos,3509,Araraquara,24833
70530,SP,SANTA ROSA DE VITERBO,3547601,350031,Ribeirão Preto,3508,Ribeirão Preto,23411
62200,SP,SANTA SALETE,3547650,350028,Jales,3507,São José do Rio Preto,1645
70459,SP,SANTANA DA PONTE PENSA,3547205,350030,Santa Fé do Sul,3507,São José do Rio Preto,1670
70475,SP,SANTANA DE PARNAÍBA,3547304,350001,São Paulo,3501,São Paulo,154105
70556,SP,SANTO ANASTÁCIO,3547700,350018,Presidente Prudente,3505,Presidente Prudente,17963
70572,SP,SANTO ANDRÉ,3547809,350001,São Paulo,3501,São Paulo,748919
70599,SP,SANTO ANTÔNIO DA ALEGRIA,3547908,350031,Ribeirão Preto,3508,Ribeirão Preto,6775
70610,SP,SANTO ANTÔNIO DE POSSE,3548005,350038,Campinas,3510,Campinas,23244
61328,SP,SANTO ANTÔNIO DO ARACANGUÁ,3548054,350022,Araçatuba,3506,Araçatuba,8379
70637,SP,SANTO ANTÔNIO DO JARDIM,3548104,350044,São João da Boa Vista,3510,Campinas,6126
70653,SP,SANTO ANTÔNIO DO PINHAL,3548203,350050,Taubaté - Pindamonhangaba,3511,São José dos Campos,7133
70670,SP,SANTO EXPEDITO,3548302,350018,Presidente Prudente,3505,Presidente Prudente,3000
70718,SP,SANTOS,3548500,350002,Santos,3501,São Paulo,418608
70696,SP,SANTÓPOLIS DO AGUAPEÍ,3548401,350023,Birigui - Penápolis,3506,Araçatuba,3899
71234,SP,SARAPUÍ,3551108,350003,Sorocaba,3502,Sorocaba,10369
71250,SP,SARUTAIÁ,3551207,350017,Piraju,3504,Marília,3704
71277,SP,SEBASTIANÓPOLIS DO SUL,3551306,350027,Votuporanga,3507,São José do Rio Preto,3130
71293,SP,SERRA AZUL,3551405,350031,Ribeirão Preto,3508,Ribeirão Preto,12746
71331,SP,SERRA NEGRA,3551603,350048,Amparo,3510,Campinas,29894
71315,SP,SERRANA,3551504,350031,Ribeirão Preto,3508,Ribeirão Preto,43909
71358,SP,SERTÃOZINHO,3551702,350031,Ribeirão Preto,3508,Ribeirão Preto,126887
71374,SP,SETE BARRAS,3551801,350005,Registro,3502,Sorocaba,12730
71390,SP,SEVERÍNIA,3551900,350032,Barretos,3508,Ribeirão Preto,14576
71412,SP,SILVEIRAS,3552007,350053,Cruzeiro,3511,São José dos Campos,6186
71439,SP,SOCORRO,3552106,350041,Bragança Paulista,3510,Campinas,40122
71455,SP,SOROCABA,3552205,350003,Sorocaba,3502,Sorocaba,723682
71471,SP,SUD MENNUCCI,3552304,350024,Andradina,3506,Araçatuba,7355
71498,SP,SUMARÉ,3552403,350038,Campinas,3510,Campinas,279545
71510,SP,SUZANO,3552502,350001,São Paulo,3501,São Paulo,307429
61301,SP,SUZANÁPOLIS,3552551,350028,Jales,3507,São José do Rio Preto,3408
70734,SP,SÃO BENTO DO SAPUCAÍ,3548609,350050,Taubaté - Pindamonhangaba,3511,São José dos Campos,11674
70750,SP,SÃO BERNARDO DO CAMPO,3548708,350001,São Paulo,3501,São Paulo,810729
70777,SP,SÃO CAETANO DO SUL,3548807,350001,São Paulo,3501,São Paulo,165655
70793,SP,SÃO CARLOS,3548906,350037,São Carlos,3509,Araraquara,254857
70815,SP,SÃO FRANCISCO,3549003,350028,Jales,3507,São José do Rio Preto,2602
70890,SP,SÃO JOAQUIM DA BARRA,3549409,350034,São Joaquim da Barra ¿ Orlândia,3508,Ribeirão Preto,48558
70912,SP,SÃO JOSÉ DA BELA VISTA,3549508,350033,Franca,3508,Ribeirão Preto,7626
70939,SP,SÃO JOSÉ DO BARREIRO,3549607,350053,Cruzeiro,3511,São José dos Campos,3853
70955,SP,SÃO JOSÉ DO RIO PARDO,3549706,350047,São José do Rio Pardo - Mococa,3510,Campinas,52205
70971,SP,SÃO JOSÉ DO RIO PRETO,3549805,350025,São José do Rio Preto,3507,São José do Rio Preto,480393
70998,SP,SÃO JOSÉ DOS CAMPOS,3549904,350049,São José dos Campos,3511,São José dos Campos,697054
70831,SP,SÃO JOÃO DA BOA VISTA,3549102,350044,São João da Boa Vista,3510,Campinas,92547
70858,SP,SÃO JOÃO DAS DUAS PONTES,3549201,350029,Fernandópolis,3507,São José do Rio Preto,2580
61883,SP,SÃO JOÃO DE IRACEMA,3549250,350029,Fernandópolis,3507,São José do Rio Preto,1846
70874,SP,SÃO JOÃO DO PAU D'ALHO,3549300,350020,Dracena,3505,Presidente Prudente,2242
61905,SP,SÃO LOURENÇO DA SERRA,3549953,350001,São Paulo,3501,São Paulo,16067
71013,SP,SÃO LUÍS DO PARAITINGA,3550001,350050,Taubaté - Pindamonhangaba,3511,São José dos Campos,10337
71030,SP,SÃO MANUEL,3550100,350011,Botucatu,3503,Bauru,37289
71056,SP,SÃO MIGUEL ARCANJO,3550209,350006,Itapetininga,3502,Sorocaba,32039
71072,SP,SÃO PAULO,3550308,350001,São Paulo,3501,São Paulo,11451999
71099,SP,SÃO PEDRO,3550407,350040,Piracicaba,3510,Campinas,38256
71110,SP,SÃO PEDRO DO TURVO,3550506,350015,Ourinhos,3504,Marília,7217
71137,SP,SÃO ROQUE,3550605,350003,Sorocaba,3502,Sorocaba,79484
71153,SP,SÃO SEBASTIÃO,3550704,350051,Caraguatatuba - Ubatuba - São Sebastião,3511,São José dos Campos,81595
71170,SP,SÃO SEBASTIÃO DA GRAMA,3550803,350047,São José do Rio Pardo - Mococa,3510,Campinas,10441
71196,SP,SÃO SIMÃO,3550902,350031,Ribeirão Preto,3508,Ribeirão Preto,13442
71218,SP,SÃO VICENTE,3551009,350002,Santos,3501,São Paulo,329911
71536,SP,TABAPUÃ,3552601,350026,Catanduva,3507,São José do Rio Preto,11323
71552,SP,TABATINGA,3552700,350036,Araraquara,3509,Araraquara,14769
71579,SP,TABOÃO DA SERRA,3552809,350001,São Paulo,3501,São Paulo,273542
71595,SP,TACIBA,3552908,350018,Presidente Prudente,3505,Presidente Prudente,6260
71617,SP,TAGUAÍ,3553005,350007,Avaré,3502,Sorocaba,12669
71633,SP,TAIAÇU,3553104,350032,Barretos,3508,Ribeirão Preto,5677
71650,SP,TAIÚVA,3553203,350032,Barretos,3508,Ribeirão Preto,6548
71676,SP,TAMBAÚ,3553302,350044,São João da Boa Vista,3510,Campinas,21435
71692,SP,TANABI,3553401,350025,São José do Rio Preto,3507,São José do Rio Preto,25265
71730,SP,TAPIRATIBA,3553609,350047,São José do Rio Pardo - Mococa,3510,Campinas,11816
71714,SP,TAPIRAÍ,3553500,350003,Sorocaba,3502,Sorocaba,7996
62260,SP,TAQUARAL,3553658,350032,Barretos,3508,Ribeirão Preto,2619
71757,SP,TAQUARITINGA,3553708,350036,Araraquara,3509,Araraquara,52260
71773,SP,TAQUARITUBA,3553807,350007,Avaré,3502,Sorocaba,24350
61840,SP,TAQUARIVAÍ,3553856,350004,Itapeva,3502,Sorocaba,6876
71790,SP,TARABAI,3553906,350018,Presidente Prudente,3505,Presidente Prudente,6536
61042,SP,TARUMÃ,3553955,350014,Assis,3504,Marília,14882
71811,SP,TATUÍ,3554003,350008,Tatuí,3502,Sorocaba,123942
71838,SP,TAUBATÉ,3554102,350050,Taubaté - Pindamonhangaba,3511,São José dos Campos,310739
71854,SP,TEJUPÁ,3554201,350017,Piraju,3504,Marília,4127
71870,SP,TEODORO SAMPAIO,3554300,350018,Presidente Prudente,3505,Presidente Prudente,22173
71897,SP,TERRA ROXA,3554409,350032,Barretos,3508,Ribeirão Preto,7904
71919,SP,TIETÊ,3554508,350003,Sorocaba,3502,Sorocaba,37663
71935,SP,TIMBURI,3554607,350017,Piraju,3504,Marília,2464
62049,SP,TORRE DE PEDRA,3554656,350008,Tatuí,3502,Sorocaba,2046
71951,SP,TORRINHA,3554706,350010,Jaú,3503,Bauru,9335
62448,SP,TRABIJU,3554755,350036,Araraquara,3509,Araraquara,1682
71978,SP,TREMEMBÉ,3554805,350050,Taubaté - Pindamonhangaba,3511,São José dos Campos,51173
71994,SP,TRÊS FRONTEIRAS,3554904,350030,Santa Fé do Sul,3507,São José do Rio Preto,6804
61620,SP,TUIUTI,3554953,350041,Bragança Paulista,3510,Campinas,6778
72036,SP,TUPI PAULISTA,3555109,350020,Dracena,3505,Presidente Prudente,15854
72010,SP,TUPÃ,3555000,350016,Tupã,3504,Marília,63928
72052,SP,TURIÚBA,3555208,350023,Birigui - Penápolis,3506,Araçatuba,1818
72079,SP,TURMALINA,3555307,350028,Jales,3507,São José do Rio Preto,1669
61468,SP,UBARANA,3555356,350025,São José do Rio Preto,3507,São José do Rio Preto,5365
72095,SP,UBATUBA,3555406,350051,Caraguatatuba - Ubatuba - São Sebastião,3511,São José dos Campos,92981
72117,SP,UBIRAJARA,3555505,350009,Bauru,3503,Bauru,5132
72133,SP,UCHOA,3555604,350025,São José do Rio Preto,3507,São José do Rio Preto,10394
72150,SP,UNIÃO PAULISTA,3555703,350025,São José do Rio Preto,3507,São José do Rio Preto,1603
72192,SP,URU,3555901,350012,Lins,3503,Bauru,1387
72214,SP,URUPÊS,3556008,350025,São José do Rio Preto,3507,São José do Rio Preto,13744
72176,SP,URÂNIA,3555802,350028,Jales,3507,São José do Rio Preto,8833
72230,SP,VALENTIM GENTIL,3556107,350027,Votuporanga,3507,São José do Rio Preto,14098
72257,SP,VALINHOS,3556206,350038,Campinas,3510,Campinas,126373
72273,SP,VALPARAÍSO,3556305,350022,Araçatuba,3506,Araçatuba,24241
61549,SP,VARGEM,3556354,350041,Bragança Paulista,3510,Campinas,10512
72311,SP,VARGEM GRANDE DO SUL,3556404,350044,São João da Boa Vista,3510,Campinas,40133
72737,SP,VARGEM GRANDE PAULISTA,3556453,350001,São Paulo,3501,São Paulo,50415
72354,SP,VERA CRUZ,3556602,350013,Marília,3504,Marília,10176
72370,SP,VINHEDO,3556701,350038,Campinas,3510,Campinas,76540
72397,SP,VIRADOURO,3556800,350032,Barretos,3508,Ribeirão Preto,17414
72419,SP,VISTA ALEGRE DO ALTO,3556909,350026,Catanduva,3507,São José do Rio Preto,8109
62227,SP,VITÓRIA BRASIL,3556958,350028,Jales,3507,São José do Rio Preto,1794
72435,SP,VOTORANTIM,3557006,350003,Sorocaba,3502,Sorocaba,127923
72451,SP,VOTUPORANGA,3557105,350027,Votuporanga,3507,São José do Rio Preto,96634
72338,SP,VÁRZEA PAULISTA,3556503,350039,Jundiaí,3510,Campinas,115771
61921,SP,ZACARIAS,3557154,350023,Birigui - Penápolis,3506,Araçatuba,2692
61077,SP,ÁGUAS DA PRATA,3500402,350044,São João da Boa Vista,3510,Campinas,7369
61093,SP,ÁGUAS DE LINDÓIA,3500501,350048,Amparo,3510,Campinas,17930
70190,SP,ÁGUAS DE SANTA BÁRBARA,3500550,350007,Avaré,3502,Sorocaba,7177
61115,SP,ÁGUAS DE SÃO PEDRO,3500600,350040,Piracicaba,3510,Campinas,2780
61239,SP,ÁLVARES FLORENCE,3501202,350027,Votuporanga,3507,São José do Rio Preto,3915
61255,SP,ÁLVARES MACHADO,3501301,350018,Presidente Prudente,3505,Presidente Prudente,27255
61271,SP,ÁLVARO DE CARVALHO,3501400,350013,Marília,3504,Marília,4808
67776,SP,ÓLEO,3533809,350007,Avaré,3502,Sorocaba,2512
73008,TO,ABREULÂNDIA,1700251,170003,Paraíso do Tocantins,1701,Palmas,2576
73512,TO,AGUIARNÓPOLIS,1700301,170008,Tocantinópolis,1702,Araguaína,4497
96954,TO,ALIANÇA DO TOCANTINS,1700350,170010,Gurupi,1703,Gurupi,5147
92070,TO,ALMAS,1700400,170011,Dianópolis,1703,Gurupi,6499
92134,TO,ALVORADA,1700707,170010,Gurupi,1703,Gurupi,8802
92193,TO,ANANÁS,1701002,170005,Araguaína,1702,Araguaína,10325
73075,TO,ANGICO,1701051,170005,Araguaína,1702,Araguaína,2876
96970,TO,APARECIDA DO RIO NEGRO,1701101,170001,Palmas,1701,Palmas,4856
73334,TO,ARAGOMINAS,1701309,170005,Araguaína,1702,Araguaína,5290
92371,TO,ARAGUACEMA,1701903,170003,Paraíso do Tocantins,1701,Palmas,5927
73318,TO,ARAGUANÃ,1702158,170005,Araguaína,1702,Araguaína,4310
92436,TO,ARAGUATINS,1702208,170009,Araguatins,1702,Araguaína,31918
92398,TO,ARAGUAÇU,1702000,170010,Gurupi,1703,Gurupi,8133
92410,TO,ARAGUAÍNA,1702109,170005,Araguaína,1702,Araguaína,171301
92452,TO,ARAPOEMA,1702307,170005,Araguaína,1702,Araguaína,5550
92479,TO,ARRAIAS,1702406,170011,Dianópolis,1703,Gurupi,10287
96857,TO,AUGUSTINÓPOLIS,1702554,170009,Araguatins,1702,Araguaína,17484
92533,TO,AURORA DO TOCANTINS,1702703,170011,Dianópolis,1703,Gurupi,3342
92576,TO,AXIXÁ DO TOCANTINS,1702901,170009,Araguatins,1702,Araguaína,10262
92592,TO,BABAÇULÂNDIA,1703008,170005,Araguaína,1702,Araguaína,7880
73580,TO,BANDEIRANTES DO TOCANTINS,1703057,170007,Colinas do Tocantins,1702,Araguaína,3407
73610,TO,BARRA DO OURO,1703073,170005,Araguaína,1702,Araguaína,4476
96997,TO,BARROLÂNDIA,1703107,170003,Paraíso do Tocantins,1701,Palmas,4846
92002,TO,BERNARDO SAYÃO,1703206,170007,Colinas do Tocantins,1702,Araguaína,4229
73121,TO,BOM JESUS DO TOCANTINS,1703305,170006,Guaraí,1702,Araguaína,4038
73245,TO,BRASILÂNDIA DO TOCANTINS,1703602,170007,Colinas do Tocantins,1702,Araguaína,1974
92738,TO,BREJINHO DE NAZARÉ,1703701,170002,Porto Nacional,1701,Palmas,4725
92045,TO,BURITI DO TOCANTINS,1703800,170009,Araguatins,1702,Araguaína,10307
73067,TO,CACHOEIRINHA,1703826,170008,Tocantinópolis,1702,Araguaína,1961
73091,TO,CAMPOS LINDOS,1703842,170005,Araguaína,1702,Araguaína,8653
73300,TO,CARIRI DO TOCANTINS,1703867,170010,Gurupi,1703,Gurupi,4007
73326,TO,CARMOLÂNDIA,1703883,170005,Araguaína,1702,Araguaína,2201
73423,TO,CARRASCO BONITO,1703891,170009,Araguatins,1702,Araguaína,3318
92088,TO,CASEARA,1703909,170003,Paraíso do Tocantins,1701,Palmas,4847
73210,TO,CENTENÁRIO,1704105,170006,Guaraí,1702,Araguaína,2131
73482,TO,CHAPADA DA NATIVIDADE,1705102,170002,Porto Nacional,1701,Palmas,3117
73474,TO,CHAPADA DE AREIA,1704600,170003,Paraíso do Tocantins,1701,Palmas,1501
93114,TO,COLINAS DO TOCANTINS,1705508,170007,Colinas do Tocantins,1702,Araguaína,34233
95290,TO,COLMÉIA,1716703,170006,Guaraí,1702,Araguaína,8941
92142,TO,COMBINADO,1705557,170011,Dianópolis,1703,Gurupi,4756
93130,TO,CONCEIÇÃO DO TOCANTINS,1705607,170011,Dianópolis,1703,Gurupi,3887
93211,TO,COUTO DE MAGALHÃES,1706001,170006,Guaraí,1702,Araguaína,5331
93238,TO,CRISTALÂNDIA,1706100,170003,Paraíso do Tocantins,1701,Palmas,6371
73555,TO,CRIXÁS DO TOCANTINS,1706258,170010,Gurupi,1703,Gurupi,1470
73032,TO,DARCINÓPOLIS,1706506,170005,Araguaína,1702,Araguaína,5827
93416,TO,DIANÓPOLIS,1707009,170011,Dianópolis,1703,Gurupi,17739
92185,TO,DIVINÓPOLIS DO TOCANTINS,1707108,170003,Paraíso do Tocantins,1701,Palmas,7024
93459,TO,DOIS IRMÃOS DO TOCANTINS,1707207,170004,Miracema do Tocantins,1701,Palmas,6327
93475,TO,DUERÉ,1707306,170010,Gurupi,1703,Gurupi,4248
73296,TO,ESPERANTINA,1707405,170009,Araguatins,1702,Araguaína,7530
96679,TO,FIGUEIRÓPOLIS,1707652,170010,Gurupi,1703,Gurupi,5211
93556,TO,FILADÉLFIA,1707702,170005,Araguaína,1702,Araguaína,7712
93653,TO,FORMOSO DO ARAGUAIA,1708205,170010,Gurupi,1703,Gurupi,18881
73199,TO,FORTALEZA DO TABOCÃO,1708254,170006,Guaraí,1702,Araguaína,3455
96830,TO,FÁTIMA,1707553,170002,Porto Nacional,1701,Palmas,3467
92240,TO,GOIANORTE,1708304,170006,Guaraí,1702,Araguaína,4738
95338,TO,GOIATINS,1709005,170005,Araguaína,1702,Araguaína,12433
96270,TO,GUARAÍ,1709302,170006,Guaraí,1702,Araguaína,24775
93858,TO,GURUPI,1709500,170010,Gurupi,1703,Gurupi,85125
73598,TO,IPUEIRAS,1709807,170002,Porto Nacional,1701,Palmas,1590
94056,TO,ITACAJÁ,1710508,170007,Colinas do Tocantins,1702,Araguaína,6819
94099,TO,ITAGUATINS,1710706,170009,Araguatins,1702,Araguaína,5172
73202,TO,ITAPIRATINS,1710904,170007,Colinas do Tocantins,1702,Araguaína,3577
94170,TO,ITAPORÃ DO TOCANTINS,1711100,170006,Guaraí,1702,Araguaína,2404
73369,TO,JAÚ DO TOCANTINS,1711506,170010,Gurupi,1703,Gurupi,3334
73253,TO,JUARINA,1711803,170007,Colinas do Tocantins,1702,Araguaína,2243
73385,TO,LAGOA DA CONFUSÃO,1711902,170003,Paraíso do Tocantins,1701,Palmas,15288
73113,TO,LAGOA DO TOCANTINS,1711951,170001,Palmas,1701,Palmas,3516
73407,TO,LAJEADO,1712009,170001,Palmas,1701,Palmas,3357
73601,TO,LAVANDEIRA,1712157,170011,Dianópolis,1703,Gurupi,1626
95699,TO,LIZARDA,1712405,170001,Palmas,1701,Palmas,2999
73520,TO,LUZINÓPOLIS,1712454,170008,Tocantinópolis,1702,Araguaína,2717
92304,TO,MARIANÓPOLIS DO TOCANTINS,1712504,170003,Paraíso do Tocantins,1701,Palmas,4615
73270,TO,MATEIROS,1712702,170001,Palmas,1701,Palmas,2748
73059,TO,MAURILÂNDIA DO TOCANTINS,1712801,170008,Tocantinópolis,1702,Araguaína,3095
94617,TO,MIRACEMA DO TOCANTINS,1713205,170004,Miracema do Tocantins,1701,Palmas,18566
94633,TO,MIRANORTE,1713304,170004,Miracema do Tocantins,1701,Palmas,12701
94692,TO,MONTE DO CARMO,1713601,170002,Porto Nacional,1701,Palmas,5694
73563,TO,MONTE SANTO DO TOCANTINS,1713700,170003,Paraíso do Tocantins,1701,Palmas,2396
73342,TO,MURICILÂNDIA,1713957,170005,Araguaína,1702,Araguaína,3367
94811,TO,NATIVIDADE,1714203,170002,Porto Nacional,1701,Palmas,8754
94838,TO,NAZARÉ,1714302,170008,Tocantinópolis,1702,Araguaína,4521
96636,TO,NOVA OLINDA,1714880,170005,Araguaína,1702,Araguaína,10367
92401,TO,NOVA ROSALÂNDIA,1715002,170003,Paraíso do Tocantins,1701,Palmas,3362
94994,TO,NOVO ACORDO,1715101,170001,Palmas,1701,Palmas,3969
73148,TO,NOVO ALEGRE,1715150,170011,Dianópolis,1703,Gurupi,1846
73172,TO,NOVO JARDIM,1715259,170011,Dianópolis,1703,Gurupi,2230
73466,TO,OLIVEIRA DE FÁTIMA,1715507,170002,Porto Nacional,1701,Palmas,1164
73440,TO,PALMAS,1721000,170001,Palmas,1701,Palmas,302692
73083,TO,PALMEIRANTE,1715705,170007,Colinas do Tocantins,1702,Araguaína,4798
73040,TO,PALMEIRAS DO TOCANTINS,1713809,170008,Tocantinópolis,1702,Araguaína,4872
96490,TO,PALMEIRÓPOLIS,1715754,170010,Gurupi,1703,Gurupi,6975
95214,TO,PARANÃ,1716208,170010,Gurupi,1703,Gurupi,10542
95192,TO,PARAÍSO DO TOCANTINS,1716109,170003,Paraíso do Tocantins,1701,Palmas,52360
73261,TO,PAU D'ARCO,1716307,170005,Araguaína,1702,Araguaína,4043
95257,TO,PEDRO AFONSO,1716505,170006,Guaraí,1702,Araguaína,14055
95273,TO,PEIXE,1716604,170010,Gurupi,1703,Gurupi,9317
92487,TO,PEQUIZEIRO,1716653,170006,Guaraí,1702,Araguaína,4921
95370,TO,PINDORAMA DO TOCANTINS,1717008,170002,Porto Nacional,1701,Palmas,4478
73016,TO,PIRAQUÊ,1717206,170005,Araguaína,1702,Araguaína,2282
95478,TO,PIUM,1717503,170003,Paraíso do Tocantins,1701,Palmas,7128
95516,TO,PONTE ALTA DO BOM JESUS,1717800,170011,Dianópolis,1703,Gurupi,4220
95532,TO,PONTE ALTA DO TOCANTINS,1717909,170002,Porto Nacional,1701,Palmas,7586
92509,TO,PORTO ALEGRE DO TOCANTINS,1718006,170011,Dianópolis,1703,Gurupi,2866
95591,TO,PORTO NACIONAL,1718204,170002,Porto Nacional,1701,Palmas,64418
92525,TO,PRAIA NORTE,1718303,170009,Araguatins,1702,Araguaína,9044
96296,TO,PRESIDENTE KENNEDY,1718402,170006,Guaraí,1702,Araguaína,3047
73571,TO,PUGMIL,1718451,170003,Paraíso do Tocantins,1701,Palmas,2193
73229,TO,RECURSOLÂNDIA,1718501,170006,Guaraí,1702,Araguaína,3421
73024,TO,RIACHINHO,1718550,170005,Araguaína,1702,Araguaína,3960
73431,TO,RIO DA CONCEIÇÃO,1718659,170011,Dianópolis,1703,Gurupi,1768
73415,TO,RIO DOS BOIS,1718709,170004,Miracema do Tocantins,1701,Palmas,2738
96792,TO,RIO SONO,1718758,170001,Palmas,1701,Palmas,4841
92541,TO,SAMPAIO,1718808,170009,Araguatins,1702,Araguaína,4215
73156,TO,SANDOLÂNDIA,1718840,170010,Gurupi,1703,Gurupi,3723
73350,TO,SANTA FÉ DO ARAGUAIA,1718865,170005,Araguaína,1702,Araguaína,7216
73130,TO,SANTA MARIA DO TOCANTINS,1718881,170006,Guaraí,1702,Araguaína,2680
73547,TO,SANTA RITA DO TOCANTINS,1718899,170002,Porto Nacional,1701,Palmas,2219
92584,TO,SANTA ROSA DO TOCANTINS,1718907,170002,Porto Nacional,1701,Palmas,4653
92606,TO,SANTA TEREZA DO TOCANTINS,1719004,170001,Palmas,1701,Palmas,2781
73539,TO,SANTA TEREZINHA DO TOCANTINS,1720002,170008,Tocantinópolis,1702,Araguaína,2406
96598,TO,SILVANÓPOLIS,1720655,170002,Porto Nacional,1701,Palmas,5108
73377,TO,SUCUPIRA,1720853,170010,Gurupi,1703,Gurupi,1577
73288,TO,SÃO BENTO DO TOCANTINS,1720101,170009,Araguatins,1702,Araguaína,5654
73105,TO,SÃO FÉLIX DO TOCANTINS,1720150,170001,Palmas,1701,Palmas,1783
73180,TO,SÃO MIGUEL DO TOCANTINS,1720200,170009,Araguatins,1702,Araguaína,13241
73393,TO,SÃO SALVADOR DO TOCANTINS,1720259,170010,Gurupi,1703,Gurupi,2385
96032,TO,SÃO SEBASTIÃO DO TOCANTINS,1720309,170009,Araguatins,1702,Araguaína,4100
92681,TO,SÃO VALÉRIO DA NATIVIDADE,1720499,170010,Gurupi,1703,Gurupi,4422
96130,TO,SÍTIO NOVO DO TOCANTINS,1720804,170009,Araguatins,1702,Araguaína,10830
96156,TO,TAGUATINGA,1720903,170011,Dianópolis,1703,Gurupi,14011
73164,TO,TAIPAS DO TOCANTINS,1720937,170011,Dianópolis,1703,Gurupi,2021
73504,TO,TALISMÃ,1720978,170010,Gurupi,1703,Gurupi,2456
96210,TO,TOCANTINÓPOLIS,1721208,170008,Tocantinópolis,1702,Araguaína,22615
96199,TO,TOCANTÍNIA,1721109,170004,Miracema do Tocantins,1701,Palmas,7459
73458,TO,TUPIRAMA,1721257,170006,Guaraí,1702,Araguaína,1909
73237,TO,TUPIRATINS,1721307,170007,Colinas do Tocantins,1702,Araguaína,1874
96652,TO,WANDERLÂNDIA,1722081,170005,Araguaína,1702,Araguaína,10522
96431,TO,XAMBIOÁ,1722107,170005,Araguaína,1702,Araguaína,10517
